InvoiceNo,Ref_WorkOrderID,ExportDate,DestinationCountry,CountryOfOrigin,Exporter_EORI,ProductID,ProductName,CN_Code,Quantity_pcs,NetWeight_kg,GrossWeight_kg,FOB_Value_USD
INV-EU-2024-00004,WO-2024-CS-00004,2024-01-07,Germany,Taiwan,TW2066252915,P-CS-BS-003,底盤懸吊臂襯套軸套,73269098,23030,6264.35,6724.95,30131
INV-EU-2024-00012,WO-2024-M12-00012,2024-01-07,Netherlands,Taiwan,TW2066967819,P-M12-EH-001,高強度引擎汽缸頭螺栓 M12,73181595,16983,1082.71,1167.63,7178
INV-EU-2024-00017,WO-2024-M12-00017,2024-01-07,Italy,Taiwan,TW2066628592,P-M12-EH-001,高強度引擎汽缸頭螺栓 M12,73181595,47899,3053.62,3293.11,19970
INV-EU-2024-00020,WO-2024-CS-00020,2024-01-08,France,Taiwan,TW2066326341,P-CS-BS-003,底盤懸吊臂襯套軸套,73269098,39131,10643.86,11426.48,50345
INV-EU-2024-00022,WO-2024-M10-00022,2024-01-08,Germany,Taiwan,TW2066290216,P-M10-BN-002,電動車電池模組固定螺母 M10,73181699,28188,479.2,503.16,3181
INV-EU-2024-00029,WO-2024-M10-00029,2024-01-08,Germany,Taiwan,TW2066684903,P-M10-BN-002,電動車電池模組固定螺母 M10,73181699,33040,561.69,589.77,4392
INV-EU-2024-00005,WO-2024-M12-00005,2024-01-09,France,Taiwan,TW2066781836,P-M12-EH-001,高強度引擎汽缸頭螺栓 M12,73181595,18206,1160.65,1251.68,7184
INV-EU-2024-00006,WO-2024-M12-00006,2024-01-09,Germany,Taiwan,TW2066576156,P-M12-EH-001,高強度引擎汽缸頭螺栓 M12,73181595,33456,2132.86,2300.14,7315
INV-EU-2024-00010,WO-2024-CS-00010,2024-01-09,France,Taiwan,TW2066489146,P-CS-BS-003,底盤懸吊臂襯套軸套,73269098,28455,7739.9,8309,60526
INV-EU-2024-00014,WO-2024-CS-00014,2024-01-09,Italy,Taiwan,TW2066409872,P-CS-BS-003,底盤懸吊臂襯套軸套,73269098,47188,12835.27,13779.03,98703
INV-EU-2024-00016,WO-2024-M12-00016,2024-01-09,Italy,Taiwan,TW2066581578,P-M12-EH-001,高強度引擎汽缸頭螺栓 M12,73181595,30802,1963.63,2117.64,9346
INV-EU-2024-00027,WO-2024-M10-00027,2024-01-09,Spain,Taiwan,TW2066104834,P-M10-BN-002,電動車電池模組固定螺母 M10,73181699,38332,651.65,684.23,3629
INV-EU-2024-00038,WO-2024-CS-00038,2024-01-09,Spain,Taiwan,TW2066927053,P-CS-BS-003,底盤懸吊臂襯套軸套,73269098,39018,10613.02,11393.38,33431
INV-EU-2024-00039,WO-2024-M10-00039,2024-01-09,Netherlands,Taiwan,TW2066824406,P-M10-BN-002,電動車電池模組固定螺母 M10,73181699,29779,506.25,531.56,3260
INV-EU-2024-00041,WO-2024-CS-00041,2024-01-09,Spain,Taiwan,TW2066767378,P-CS-BS-003,底盤懸吊臂襯套軸套,73269098,28664,7796.64,8369.92,40074
INV-EU-2024-00042,WO-2024-M10-00042,2024-01-09,Netherlands,Taiwan,TW2066546951,P-M10-BN-002,電動車電池模組固定螺母 M10,73181699,31310,532.28,558.89,3704
INV-EU-2024-00043,WO-2024-M10-00043,2024-01-09,Italy,Taiwan,TW2066443657,P-M10-BN-002,電動車電池模組固定螺母 M10,73181699,10026,170.45,178.97,729
INV-EU-2024-00046,WO-2024-M12-00046,2024-01-09,Italy,Taiwan,TW2066745912,P-M12-EH-001,高強度引擎汽缸頭螺栓 M12,73181595,24366,1553.39,1675.22,7409
INV-EU-2024-00007,WO-2024-M12-00007,2024-01-10,Germany,Taiwan,TW2066250632,P-M12-EH-001,高強度引擎汽缸頭螺栓 M12,73181595,26981,1720.06,1854.96,13227
INV-EU-2024-00015,WO-2024-M10-00015,2024-01-10,France,Taiwan,TW2066583447,P-M10-BN-002,電動車電池模組固定螺母 M10,73181699,16119,274.03,287.73,1901
INV-EU-2024-00028,WO-2024-CS-00028,2024-01-10,France,Taiwan,TW2066744903,P-CS-BS-003,底盤懸吊臂襯套軸套,73269098,35211,9577.52,10281.74,69915
INV-EU-2024-00035,WO-2024-M10-00035,2024-01-10,Netherlands,Taiwan,TW2066765298,P-M10-BN-002,電動車電池模組固定螺母 M10,73181699,45593,775.09,813.84,2937
INV-EU-2024-00045,WO-2024-CS-00045,2024-01-10,Netherlands,Taiwan,TW2066553097,P-CS-BS-003,底盤懸吊臂襯套軸套,73269098,47988,13052.74,14012.5,86931
INV-EU-2024-00052,WO-2024-M10-00052,2024-01-10,Italy,Taiwan,TW2066494107,P-M10-BN-002,電動車電池模組固定螺母 M10,73181699,32567,553.64,581.32,3360
INV-EU-2024-00062,WO-2024-M10-00062,2024-01-10,Netherlands,Taiwan,TW2066778803,P-M10-BN-002,電動車電池模組固定螺母 M10,73181699,21310,362.28,380.39,2746
INV-EU-2024-00002,WO-2024-M12-00002,2024-01-11,Germany,Taiwan,TW2066242680,P-M12-EH-001,高強度引擎汽缸頭螺栓 M12,73181595,12144,774.23,834.95,4653
INV-EU-2024-00008,WO-2024-M10-00008,2024-01-11,Netherlands,Taiwan,TW2066498570,P-M10-BN-002,電動車電池模組固定螺母 M10,73181699,35288,599.9,629.89,4049
INV-EU-2024-00018,WO-2024-M10-00018,2024-01-11,Germany,Taiwan,TW2066110102,P-M10-BN-002,電動車電池模組固定螺母 M10,73181699,11595,197.13,206.99,1488
INV-EU-2024-00024,WO-2024-M10-00024,2024-01-11,Spain,Taiwan,TW2066339468,P-M10-BN-002,電動車電池模組固定螺母 M10,73181699,19424,330.22,346.73,1050
INV-EU-2024-00030,WO-2024-M10-00030,2024-01-11,Netherlands,Taiwan,TW2066539420,P-M10-BN-002,電動車電池模組固定螺母 M10,73181699,23647,402.01,422.11,3159
INV-EU-2024-00044,WO-2024-CS-00044,2024-01-11,Spain,Taiwan,TW2066698066,P-CS-BS-003,底盤懸吊臂襯套軸套,73269098,40609,11045.78,11857.96,83285
INV-EU-2024-00071,WO-2024-M10-00071,2024-01-11,Netherlands,Taiwan,TW2066128376,P-M10-BN-002,電動車電池模組固定螺母 M10,73181699,32611,554.4,582.12,4063
INV-EU-2024-00076,WO-2024-M10-00076,2024-01-11,France,Taiwan,TW2066418380,P-M10-BN-002,電動車電池模組固定螺母 M10,73181699,47401,805.83,846.12,3747
INV-EU-2024-00077,WO-2024-M10-00077,2024-01-11,Netherlands,Taiwan,TW2066693161,P-M10-BN-002,電動車電池模組固定螺母 M10,73181699,40841,694.31,729.03,2673
INV-EU-2024-00003,WO-2024-CS-00003,2024-01-12,France,Taiwan,TW2066144951,P-CS-BS-003,底盤懸吊臂襯套軸套,73269098,13351,3631.67,3898.69,24876
INV-EU-2024-00009,WO-2024-M10-00009,2024-01-12,Netherlands,Taiwan,TW2066950239,P-M10-BN-002,電動車電池模組固定螺母 M10,73181699,28722,488.29,512.7,1723
INV-EU-2024-00023,WO-2024-CS-00023,2024-01-12,Italy,Taiwan,TW2066193442,P-CS-BS-003,底盤懸吊臂襯套軸套,73269098,20539,5586.79,5997.57,23799
INV-EU-2024-00031,WO-2024-M10-00031,2024-01-12,Italy,Taiwan,TW2066568333,P-M10-BN-002,電動車電池模組固定螺母 M10,73181699,24644,418.95,439.9,1684
INV-EU-2024-00034,WO-2024-M10-00034,2024-01-12,France,Taiwan,TW2066832373,P-M10-BN-002,電動車電池模組固定螺母 M10,73181699,13382,227.5,238.88,1089
INV-EU-2024-00040,WO-2024-CS-00040,2024-01-12,Italy,Taiwan,TW2066253869,P-CS-BS-003,底盤懸吊臂襯套軸套,73269098,32503,8840.85,9490.91,60736
INV-EU-2024-00049,WO-2024-M12-00049,2024-01-12,Italy,Taiwan,TW2066681131,P-M12-EH-001,高強度引擎汽缸頭螺栓 M12,73181595,41424,2640.81,2847.93,16901
INV-EU-2024-00053,WO-2024-CS-00053,2024-01-12,Spain,Taiwan,TW2066193376,P-CS-BS-003,底盤懸吊臂襯套軸套,73269098,19035,5177.77,5558.47,29513
INV-EU-2024-00059,WO-2024-M10-00059,2024-01-12,France,Taiwan,TW2066777606,P-M10-BN-002,電動車電池模組固定螺母 M10,73181699,41481,705.18,740.44,3582
INV-EU-2024-00066,WO-2024-M12-00066,2024-01-12,Germany,Taiwan,TW2066329073,P-M12-EH-001,高強度引擎汽缸頭螺栓 M12,73181595,15245,971.93,1048.15,6939
INV-EU-2024-00068,WO-2024-M12-00068,2024-01-12,Spain,Taiwan,TW2066263681,P-M12-EH-001,高強度引擎汽缸頭螺栓 M12,73181595,27278,1738.98,1875.37,11199
INV-EU-2024-00086,WO-2024-M10-00086,2024-01-12,Germany,Taiwan,TW2066474772,P-M10-BN-002,電動車電池模組固定螺母 M10,73181699,30820,523.94,550.14,2782
INV-EU-2024-00096,WO-2024-M10-00096,2024-01-12,Netherlands,Taiwan,TW2066470788,P-M10-BN-002,電動車電池模組固定螺母 M10,73181699,24482,416.2,437.01,3192
INV-EU-2024-00099,WO-2024-M10-00099,2024-01-12,Spain,Taiwan,TW2066755520,P-M10-BN-002,電動車電池模組固定螺母 M10,73181699,47629,809.7,850.19,6242
INV-EU-2024-00001,WO-2024-CS-00001,2024-01-13,France,Taiwan,TW2066382536,P-CS-BS-003,底盤懸吊臂襯套軸套,73269098,13180,3585.22,3848.82,24702
INV-EU-2024-00021,WO-2024-CS-00021,2024-01-13,Netherlands,Taiwan,TW2066158393,P-CS-BS-003,底盤懸吊臂襯套軸套,73269098,19792,5383.61,5779.45,28479
INV-EU-2024-00033,WO-2024-M10-00033,2024-01-13,Netherlands,Taiwan,TW2066485348,P-M10-BN-002,電動車電池模組固定螺母 M10,73181699,31755,539.84,566.83,3503
INV-EU-2024-00036,WO-2024-CS-00036,2024-01-13,France,Taiwan,TW2066149142,P-CS-BS-003,底盤懸吊臂襯套軸套,73269098,43178,11744.43,12607.99,48269
INV-EU-2024-00063,WO-2024-CS-00063,2024-01-13,France,Taiwan,TW2066292193,P-CS-BS-003,底盤懸吊臂襯套軸套,73269098,22715,6178.74,6633.04,43745
INV-EU-2024-00069,WO-2024-M10-00069,2024-01-13,Spain,Taiwan,TW2066673774,P-M10-BN-002,電動車電池模組固定螺母 M10,73181699,39694,674.81,708.55,2274
INV-EU-2024-00070,WO-2024-M10-00070,2024-01-13,Italy,Taiwan,TW2066781068,P-M10-BN-002,電動車電池模組固定螺母 M10,73181699,21366,363.23,381.39,2041
INV-EU-2024-00088,WO-2024-M12-00088,2024-01-13,Spain,Taiwan,TW2066869845,P-M12-EH-001,高強度引擎汽缸頭螺栓 M12,73181595,22984,1465.23,1580.15,11047
INV-EU-2024-00090,WO-2024-CS-00090,2024-01-13,Italy,Taiwan,TW2066744879,P-CS-BS-003,底盤懸吊臂襯套軸套,73269098,22734,6183.86,6638.54,32588
INV-EU-2024-00093,WO-2024-M12-00093,2024-01-13,Netherlands,Taiwan,TW2066561071,P-M12-EH-001,高強度引擎汽缸頭螺栓 M12,73181595,17362,1106.83,1193.64,3884
INV-EU-2024-00112,WO-2024-M12-00112,2024-01-13,Italy,Taiwan,TW2066852067,P-M12-EH-001,高強度引擎汽缸頭螺栓 M12,73181595,10186,649.38,700.31,3584
INV-EU-2024-00116,WO-2024-M10-00116,2024-01-13,Germany,Taiwan,TW2066256774,P-M10-BN-002,電動車電池模組固定螺母 M10,73181699,21561,366.55,384.88,2730
INV-EU-2024-00121,WO-2024-CS-00121,2024-01-13,Italy,Taiwan,TW2066509285,P-CS-BS-003,底盤懸吊臂襯套軸套,73269098,36976,10057.59,10797.11,78851
INV-EU-2024-00122,WO-2024-M12-00122,2024-01-13,Spain,Taiwan,TW2066161487,P-M12-EH-001,高強度引擎汽缸頭螺栓 M12,73181595,49015,3124.75,3369.82,24623
INV-EU-2024-00011,WO-2024-M10-00011,2024-01-14,France,Taiwan,TW2066852424,P-M10-BN-002,電動車電池模組固定螺母 M10,73181699,26218,445.72,468.01,2019
INV-EU-2024-00013,WO-2024-CS-00013,2024-01-14,France,Taiwan,TW2066456859,P-CS-BS-003,底盤懸吊臂襯套軸套,73269098,37691,10252.06,11005.88,34549
INV-EU-2024-00019,WO-2024-M10-00019,2024-01-14,France,Taiwan,TW2066883816,P-M10-BN-002,電動車電池模組固定螺母 M10,73181699,32117,545.99,573.29,3439
INV-EU-2024-00025,WO-2024-CS-00025,2024-01-14,Germany,Taiwan,TW2066119848,P-CS-BS-003,底盤懸吊臂襯套軸套,73269098,45455,12363.93,13273.03,94213
INV-EU-2024-00026,WO-2024-M12-00026,2024-01-14,Germany,Taiwan,TW2066307091,P-M12-EH-001,高強度引擎汽缸頭螺栓 M12,73181595,33024,2105.33,2270.45,16611
INV-EU-2024-00032,WO-2024-CS-00032,2024-01-14,Spain,Taiwan,TW2066106592,P-CS-BS-003,底盤懸吊臂襯套軸套,73269098,47934,13038.17,13996.85,58671
INV-EU-2024-00037,WO-2024-M12-00037,2024-01-14,Spain,Taiwan,TW2066600396,P-M12-EH-001,高強度引擎汽缸頭螺栓 M12,73181595,35719,2277.11,2455.7,9882
INV-EU-2024-00058,WO-2024-CS-00058,2024-01-14,Italy,Taiwan,TW2066789052,P-CS-BS-003,底盤懸吊臂襯套軸套,73269098,33698,9166.06,9840.02,33089
INV-EU-2024-00091,WO-2024-M12-00091,2024-01-14,Germany,Taiwan,TW2066893502,P-M12-EH-001,高強度引擎汽缸頭螺栓 M12,73181595,33664,2146.11,2314.43,8927
INV-EU-2024-00095,WO-2024-M10-00095,2024-01-14,France,Taiwan,TW2066626733,P-M10-BN-002,電動車電池模組固定螺母 M10,73181699,25255,429.35,450.82,2000
INV-EU-2024-00106,WO-2024-M12-00106,2024-01-14,Italy,Taiwan,TW2066771394,P-M12-EH-001,高強度引擎汽缸頭螺栓 M12,73181595,24818,1582.15,1706.24,10458
INV-EU-2024-00108,WO-2024-M12-00108,2024-01-14,France,Taiwan,TW2066157138,P-M12-EH-001,高強度引擎汽缸頭螺栓 M12,73181595,17850,1137.94,1227.19,7521
INV-EU-2024-00109,WO-2024-M12-00109,2024-01-14,France,Taiwan,TW2066552832,P-M12-EH-001,高強度引擎汽缸頭螺栓 M12,73181595,42421,2704.39,2916.49,18281
INV-EU-2024-00118,WO-2024-CS-00118,2024-01-14,France,Taiwan,TW2066489745,P-CS-BS-003,底盤懸吊臂襯套軸套,73269098,21433,5829.88,6258.54,39235
INV-EU-2024-00119,WO-2024-CS-00119,2024-01-14,Netherlands,Taiwan,TW2066376506,P-CS-BS-003,底盤懸吊臂襯套軸套,73269098,43971,11960.3,12839.72,77502
INV-EU-2024-00048,WO-2024-M10-00048,2024-01-15,Netherlands,Taiwan,TW2066568047,P-M10-BN-002,電動車電池模組固定螺母 M10,73181699,21655,368.15,386.56,2359
INV-EU-2024-00050,WO-2024-M12-00050,2024-01-15,Spain,Taiwan,TW2066151797,P-M12-EH-001,高強度引擎汽缸頭螺栓 M12,73181595,39258,2502.71,2699,16968
INV-EU-2024-00055,WO-2024-CS-00055,2024-01-15,Spain,Taiwan,TW2066221953,P-CS-BS-003,底盤懸吊臂襯套軸套,73269098,12594,3425.83,3677.71,11545
INV-EU-2024-00057,WO-2024-CS-00057,2024-01-15,Germany,Taiwan,TW2066773698,P-CS-BS-003,底盤懸吊臂襯套軸套,73269098,38684,10522.22,11295.9,74286
INV-EU-2024-00064,WO-2024-M10-00064,2024-01-15,Germany,Taiwan,TW2066203001,P-M10-BN-002,電動車電池模組固定螺母 M10,73181699,15457,262.77,275.91,1965
INV-EU-2024-00101,WO-2024-M12-00101,2024-01-15,France,Taiwan,TW2066845997,P-M12-EH-001,高強度引擎汽缸頭螺栓 M12,73181595,16625,1059.9,1143.03,5553
INV-EU-2024-00110,WO-2024-CS-00110,2024-01-15,France,Taiwan,TW2066488091,P-CS-BS-003,底盤懸吊臂襯套軸套,73269098,18186,4946.78,5310.5,33143
INV-EU-2024-00131,WO-2024-M12-00131,2024-01-15,Italy,Taiwan,TW2066804467,P-M12-EH-001,高強度引擎汽缸頭螺栓 M12,73181595,39721,2532.24,2730.84,20232
INV-EU-2024-00133,WO-2024-M12-00133,2024-01-15,Germany,Taiwan,TW2066929179,P-M12-EH-001,高強度引擎汽缸頭螺栓 M12,73181595,24586,1567.38,1690.31,6363
INV-EU-2024-00139,WO-2024-CS-00139,2024-01-15,France,Taiwan,TW2066972040,P-CS-BS-003,底盤懸吊臂襯套軸套,73269098,28984,7883.67,8463.35,34766
INV-EU-2024-00140,WO-2024-CS-00140,2024-01-15,Italy,Taiwan,TW2066668294,P-CS-BS-003,底盤懸吊臂襯套軸套,73269098,40221,10940.21,11744.63,60280
INV-EU-2024-00142,WO-2024-M12-00142,2024-01-15,Netherlands,Taiwan,TW2066353915,P-M12-EH-001,高強度引擎汽缸頭螺栓 M12,73181595,35548,2266.23,2443.97,8611
INV-EU-2024-00144,WO-2024-M10-00144,2024-01-15,France,Taiwan,TW2066634392,P-M10-BN-002,電動車電池模組固定螺母 M10,73181699,17471,297.02,311.87,1615
INV-EU-2024-00146,WO-2024-M12-00146,2024-01-15,France,Taiwan,TW2066800298,P-M12-EH-001,高強度引擎汽缸頭螺栓 M12,73181595,22667,1445.08,1558.41,10390
INV-EU-2024-00158,WO-2024-M10-00158,2024-01-15,Netherlands,Taiwan,TW2066132212,P-M10-BN-002,電動車電池模組固定螺母 M10,73181699,46711,794.1,833.81,4137
INV-EU-2024-00164,WO-2024-CS-00164,2024-01-15,Spain,Taiwan,TW2066354723,P-CS-BS-003,底盤懸吊臂襯套軸套,73269098,11884,3232.68,3470.36,17133
INV-EU-2024-00047,WO-2024-CS-00047,2024-01-16,Italy,Taiwan,TW2066274537,P-CS-BS-003,底盤懸吊臂襯套軸套,73269098,18754,5101.35,5476.43,38158
INV-EU-2024-00051,WO-2024-CS-00051,2024-01-16,Germany,Taiwan,TW2066966682,P-CS-BS-003,底盤懸吊臂襯套軸套,73269098,38425,10451.75,11220.25,71280
INV-EU-2024-00060,WO-2024-M12-00060,2024-01-16,Spain,Taiwan,TW2066628487,P-M12-EH-001,高強度引擎汽缸頭螺栓 M12,73181595,25679,1637.1,1765.49,7939
INV-EU-2024-00061,WO-2024-M12-00061,2024-01-16,France,Taiwan,TW2066838143,P-M12-EH-001,高強度引擎汽缸頭螺栓 M12,73181595,20985,1337.82,1442.74,7919
INV-EU-2024-00065,WO-2024-M12-00065,2024-01-16,Spain,Taiwan,TW2066763697,P-M12-EH-001,高強度引擎汽缸頭螺栓 M12,73181595,48144,3069.23,3309.95,12767
INV-EU-2024-00067,WO-2024-M10-00067,2024-01-16,Italy,Taiwan,TW2066172139,P-M10-BN-002,電動車電池模組固定螺母 M10,73181699,12819,217.94,228.84,913
INV-EU-2024-00073,WO-2024-CS-00073,2024-01-16,Netherlands,Taiwan,TW2066765059,P-CS-BS-003,底盤懸吊臂襯套軸套,73269098,31964,8694.42,9333.7,44515
INV-EU-2024-00097,WO-2024-M10-00097,2024-01-16,Netherlands,Taiwan,TW2066405724,P-M10-BN-002,電動車電池模組固定螺母 M10,73181699,49387,839.59,881.57,3282
INV-EU-2024-00114,WO-2024-M12-00114,2024-01-16,France,Taiwan,TW2066725060,P-M12-EH-001,高強度引擎汽缸頭螺栓 M12,73181595,22003,1402.71,1512.73,10941
INV-EU-2024-00120,WO-2024-M12-00120,2024-01-16,Italy,Taiwan,TW2066198529,P-M12-EH-001,高強度引擎汽缸頭螺栓 M12,73181595,46708,2977.66,3211.2,9349
INV-EU-2024-00123,WO-2024-M10-00123,2024-01-16,Spain,Taiwan,TW2066772548,P-M10-BN-002,電動車電池模組固定螺母 M10,73181699,16169,274.89,288.63,1030
INV-EU-2024-00128,WO-2024-M10-00128,2024-01-16,France,Taiwan,TW2066279960,P-M10-BN-002,電動車電池模組固定螺母 M10,73181699,47429,806.31,846.63,6119
INV-EU-2024-00137,WO-2024-M10-00137,2024-01-16,Netherlands,Taiwan,TW2066623148,P-M10-BN-002,電動車電池模組固定螺母 M10,73181699,45960,781.32,820.39,3078
INV-EU-2024-00166,WO-2024-M10-00166,2024-01-16,Italy,Taiwan,TW2066511931,P-M10-BN-002,電動車電池模組固定螺母 M10,73181699,10477,178.11,187.02,721
INV-EU-2024-00171,WO-2024-M12-00171,2024-01-16,Netherlands,Taiwan,TW2066256796,P-M12-EH-001,高強度引擎汽缸頭螺栓 M12,73181595,45414,2895.18,3122.25,10191
INV-EU-2024-00176,WO-2024-CS-00176,2024-01-16,Netherlands,Taiwan,TW2066250439,P-CS-BS-003,底盤懸吊臂襯套軸套,73269098,36977,10057.87,10797.41,65476
INV-EU-2024-00054,WO-2024-CS-00054,2024-01-17,Netherlands,Taiwan,TW2066555546,P-CS-BS-003,底盤懸吊臂襯套軸套,73269098,47425,12899.6,13848.1,102809
INV-EU-2024-00056,WO-2024-M10-00056,2024-01-17,Germany,Taiwan,TW2066131045,P-M10-BN-002,電動車電池模組固定螺母 M10,73181699,20943,356.04,373.84,2125
INV-EU-2024-00075,WO-2024-M12-00075,2024-01-17,Netherlands,Taiwan,TW2066606905,P-M12-EH-001,高強度引擎汽缸頭螺栓 M12,73181595,33486,2134.75,2302.18,11100
INV-EU-2024-00080,WO-2024-M10-00080,2024-01-17,Italy,Taiwan,TW2066199180,P-M10-BN-002,電動車電池模組固定螺母 M10,73181699,31482,535.2,561.96,2124
INV-EU-2024-00081,WO-2024-CS-00081,2024-01-17,Netherlands,Taiwan,TW2066207023,P-CS-BS-003,底盤懸吊臂襯套軸套,73269098,39561,10760.78,11552,51328
INV-EU-2024-00082,WO-2024-M10-00082,2024-01-17,Italy,Taiwan,TW2066321465,P-M10-BN-002,電動車電池模組固定螺母 M10,73181699,36195,615.32,646.09,3267
INV-EU-2024-00084,WO-2024-CS-00084,2024-01-17,Germany,Taiwan,TW2066750110,P-CS-BS-003,底盤懸吊臂襯套軸套,73269098,45159,12283.42,13186.6,38692
INV-EU-2024-00085,WO-2024-M12-00085,2024-01-17,Spain,Taiwan,TW2066858998,P-M12-EH-001,高強度引擎汽缸頭螺栓 M12,73181595,42743,2724.92,2938.64,16976
INV-EU-2024-00094,WO-2024-M10-00094,2024-01-17,France,Taiwan,TW2066766970,P-M10-BN-002,電動車電池模組固定螺母 M10,73181699,22657,385.17,404.43,2222
INV-EU-2024-00100,WO-2024-CS-00100,2024-01-17,Germany,Taiwan,TW2066384617,P-CS-BS-003,底盤懸吊臂襯套軸套,73269098,47328,12873.39,13819.95,40551
INV-EU-2024-00104,WO-2024-M12-00104,2024-01-17,Germany,Taiwan,TW2066247446,P-M12-EH-001,高強度引擎汽缸頭螺栓 M12,73181595,16060,1023.86,1104.16,7535
INV-EU-2024-00111,WO-2024-M10-00111,2024-01-17,Italy,Taiwan,TW2066348967,P-M10-BN-002,電動車電池模組固定螺母 M10,73181699,21138,359.35,377.32,1836
INV-EU-2024-00127,WO-2024-CS-00127,2024-01-17,Spain,Taiwan,TW2066120883,P-CS-BS-003,底盤懸吊臂襯套軸套,73269098,25119,6832.47,7334.85,45504
INV-EU-2024-00132,WO-2024-CS-00132,2024-01-17,Spain,Taiwan,TW2066494427,P-CS-BS-003,底盤懸吊臂襯套軸套,73269098,49154,13369.91,14352.99,98135
INV-EU-2024-00154,WO-2024-M10-00154,2024-01-17,Germany,Taiwan,TW2066885972,P-M10-BN-002,電動車電池模組固定螺母 M10,73181699,10460,177.83,186.72,1017
INV-EU-2024-00155,WO-2024-CS-00155,2024-01-17,Netherlands,Taiwan,TW2066179992,P-CS-BS-003,底盤懸吊臂襯套軸套,73269098,28029,7624.02,8184.6,52072
INV-EU-2024-00167,WO-2024-M12-00167,2024-01-17,Spain,Taiwan,TW2066223433,P-M12-EH-001,高強度引擎汽缸頭螺栓 M12,73181595,42620,2717.06,2930.16,8314
INV-EU-2024-00172,WO-2024-CS-00172,2024-01-17,Germany,Taiwan,TW2066806147,P-CS-BS-003,底盤懸吊臂襯套軸套,73269098,44398,12076.45,12964.41,57000
INV-EU-2024-00185,WO-2024-M10-00185,2024-01-17,France,Taiwan,TW2066183064,P-M10-BN-002,電動車電池模組固定螺母 M10,73181699,32194,547.31,574.68,3393
INV-EU-2024-00197,WO-2024-M12-00197,2024-01-17,France,Taiwan,TW2066474906,P-M12-EH-001,高強度引擎汽缸頭螺栓 M12,73181595,39396,2511.5,2708.48,8639
INV-EU-2024-00072,WO-2024-M12-00072,2024-01-18,France,Taiwan,TW2066415063,P-M12-EH-001,高強度引擎汽缸頭螺栓 M12,73181595,36857,2349.66,2533.94,10596
INV-EU-2024-00074,WO-2024-CS-00074,2024-01-18,Spain,Taiwan,TW2066660016,P-CS-BS-003,底盤懸吊臂襯套軸套,73269098,30985,8428.05,9047.75,44078
INV-EU-2024-00078,WO-2024-M12-00078,2024-01-18,France,Taiwan,TW2066157311,P-M12-EH-001,高強度引擎汽缸頭螺栓 M12,73181595,31536,2010.46,2168.14,15822
INV-EU-2024-00079,WO-2024-M12-00079,2024-01-18,Netherlands,Taiwan,TW2066449880,P-M12-EH-001,高強度引擎汽缸頭螺栓 M12,73181595,12202,777.93,838.94,3461
INV-EU-2024-00083,WO-2024-CS-00083,2024-01-18,France,Taiwan,TW2066528277,P-CS-BS-003,底盤懸吊臂襯套軸套,73269098,45945,12497.11,13416.01,43614
INV-EU-2024-00087,WO-2024-CS-00087,2024-01-18,Germany,Taiwan,TW2066186621,P-CS-BS-003,底盤懸吊臂襯套軸套,73269098,12688,3451.2,3704.96,16013
INV-EU-2024-00105,WO-2024-M10-00105,2024-01-18,France,Taiwan,TW2066366848,P-M10-BN-002,電動車電池模組固定螺母 M10,73181699,37953,645.21,677.47,2890
INV-EU-2024-00124,WO-2024-M10-00124,2024-01-18,Germany,Taiwan,TW2066971272,P-M10-BN-002,電動車電池模組固定螺母 M10,73181699,23035,391.61,411.19,2486
INV-EU-2024-00125,WO-2024-M12-00125,2024-01-18,Germany,Taiwan,TW2066803647,P-M12-EH-001,高強度引擎汽缸頭螺栓 M12,73181595,36263,2311.82,2493.14,14726
INV-EU-2024-00129,WO-2024-CS-00129,2024-01-18,France,Taiwan,TW2066894496,P-CS-BS-003,底盤懸吊臂襯套軸套,73269098,12467,3391.21,3640.55,17566
INV-EU-2024-00136,WO-2024-M10-00136,2024-01-18,Netherlands,Taiwan,TW2066430914,P-M10-BN-002,電動車電池模組固定螺母 M10,73181699,23720,403.25,423.41,1657
INV-EU-2024-00152,WO-2024-M12-00152,2024-01-18,Germany,Taiwan,TW2066525827,P-M12-EH-001,高強度引擎汽缸頭螺栓 M12,73181595,31821,2028.62,2187.72,9067
INV-EU-2024-00153,WO-2024-CS-00153,2024-01-18,Germany,Taiwan,TW2066171550,P-CS-BS-003,底盤懸吊臂襯套軸套,73269098,14412,3920.18,4208.42,18424
INV-EU-2024-00161,WO-2024-CS-00161,2024-01-18,Germany,Taiwan,TW2066441070,P-CS-BS-003,底盤懸吊臂襯套軸套,73269098,16377,4454.61,4782.15,19600
INV-EU-2024-00163,WO-2024-M12-00163,2024-01-18,Netherlands,Taiwan,TW2066589398,P-M12-EH-001,高強度引擎汽缸頭螺栓 M12,73181595,25917,1652.24,1781.83,9533
INV-EU-2024-00168,WO-2024-M10-00168,2024-01-18,Netherlands,Taiwan,TW2066436578,P-M10-BN-002,電動車電池模組固定螺母 M10,73181699,19118,325.02,341.27,1703
INV-EU-2024-00175,WO-2024-M10-00175,2024-01-18,Netherlands,Taiwan,TW2066879853,P-M10-BN-002,電動車電池模組固定螺母 M10,73181699,21667,368.34,386.76,1919
INV-EU-2024-00178,WO-2024-M10-00178,2024-01-18,France,Taiwan,TW2066266834,P-M10-BN-002,電動車電池模組固定螺母 M10,73181699,24699,419.89,440.88,1872
INV-EU-2024-00189,WO-2024-M12-00189,2024-01-18,Italy,Taiwan,TW2066816831,P-M12-EH-001,高強度引擎汽缸頭螺栓 M12,73181595,13664,871.1,939.42,3919
INV-EU-2024-00207,WO-2024-CS-00207,2024-01-18,Netherlands,Taiwan,TW2066909329,P-CS-BS-003,底盤懸吊臂襯套軸套,73269098,38912,10584.07,11362.31,82661
INV-EU-2024-00210,WO-2024-M10-00210,2024-01-18,Germany,Taiwan,TW2066952447,P-M10-BN-002,電動車電池模組固定螺母 M10,73181699,14249,242.25,254.36,1237
INV-EU-2024-00216,WO-2024-M10-00216,2024-01-18,Spain,Taiwan,TW2066302762,P-M10-BN-002,電動車電池模組固定螺母 M10,73181699,47830,813.11,853.77,4642
INV-EU-2024-00089,WO-2024-M12-00089,2024-01-19,France,Taiwan,TW2066295732,P-M12-EH-001,高強度引擎汽缸頭螺栓 M12,73181595,21633,1379.15,1487.32,4399
INV-EU-2024-00092,WO-2024-M10-00092,2024-01-19,Spain,Taiwan,TW2066199436,P-M10-BN-002,電動車電池模組固定螺母 M10,73181699,39795,676.52,710.35,5405
INV-EU-2024-00098,WO-2024-M10-00098,2024-01-19,Italy,Taiwan,TW2066482369,P-M10-BN-002,電動車電池模組固定螺母 M10,73181699,46155,784.64,823.87,3703
INV-EU-2024-00102,WO-2024-M12-00102,2024-01-19,Germany,Taiwan,TW2066492797,P-M12-EH-001,高強度引擎汽缸頭螺栓 M12,73181595,38299,2441.61,2633.11,7764
INV-EU-2024-00103,WO-2024-CS-00103,2024-01-19,Netherlands,Taiwan,TW2066748327,P-CS-BS-003,底盤懸吊臂襯套軸套,73269098,13849,3767.03,4044.01,22376
INV-EU-2024-00107,WO-2024-M10-00107,2024-01-19,France,Taiwan,TW2066390051,P-M10-BN-002,電動車電池模組固定螺母 M10,73181699,29440,500.48,525.5,1871
INV-EU-2024-00126,WO-2024-M10-00126,2024-01-19,France,Taiwan,TW2066277048,P-M10-BN-002,電動車電池模組固定螺母 M10,73181699,24459,415.82,436.61,1663
INV-EU-2024-00134,WO-2024-M12-00134,2024-01-19,Italy,Taiwan,TW2066659516,P-M12-EH-001,高強度引擎汽缸頭螺栓 M12,73181595,10786,687.67,741.6,5095
INV-EU-2024-00148,WO-2024-M12-00148,2024-01-19,Germany,Taiwan,TW2066667576,P-M12-EH-001,高強度引擎汽缸頭螺栓 M12,73181595,23571,1502.69,1620.55,8910
INV-EU-2024-00160,WO-2024-M12-00160,2024-01-19,Italy,Taiwan,TW2066668803,P-M12-EH-001,高強度引擎汽缸頭螺栓 M12,73181595,18272,1164.9,1256.26,5638
INV-EU-2024-00162,WO-2024-M10-00162,2024-01-19,Netherlands,Taiwan,TW2066874306,P-M10-BN-002,電動車電池模組固定螺母 M10,73181699,44675,759.48,797.45,5665
INV-EU-2024-00165,WO-2024-M12-00165,2024-01-19,France,Taiwan,TW2066489706,P-M12-EH-001,高強度引擎汽缸頭螺栓 M12,73181595,42078,2682.53,2892.92,17355
INV-EU-2024-00170,WO-2024-M10-00170,2024-01-19,France,Taiwan,TW2066603406,P-M10-BN-002,電動車電池模組固定螺母 M10,73181699,23825,405.04,425.29,2296
INV-EU-2024-00177,WO-2024-CS-00177,2024-01-19,Netherlands,Taiwan,TW2066408365,P-CS-BS-003,底盤懸吊臂襯套軸套,73269098,45967,12503.06,13422.4,86271
INV-EU-2024-00186,WO-2024-CS-00186,2024-01-19,Spain,Taiwan,TW2066430329,P-CS-BS-003,底盤懸吊臂襯套軸套,73269098,29774,8098.68,8694.16,44218
INV-EU-2024-00198,WO-2024-M12-00198,2024-01-19,Italy,Taiwan,TW2066142763,P-M12-EH-001,高強度引擎汽缸頭螺栓 M12,73181595,26724,1703.69,1837.31,7428
INV-EU-2024-00203,WO-2024-M10-00203,2024-01-19,Italy,Taiwan,TW2066842938,P-M10-BN-002,電動車電池模組固定螺母 M10,73181699,45704,776.98,815.83,3721
INV-EU-2024-00213,WO-2024-M10-00213,2024-01-19,Netherlands,Taiwan,TW2066802952,P-M10-BN-002,電動車電池模組固定螺母 M10,73181699,30737,522.53,548.66,4154
INV-EU-2024-00229,WO-2024-CS-00229,2024-01-19,Germany,Taiwan,TW2066277590,P-CS-BS-003,底盤懸吊臂襯套軸套,73269098,24250,6596.08,7081.08,31859
INV-EU-2024-00232,WO-2024-M12-00232,2024-01-19,Germany,Taiwan,TW2066657629,P-M12-EH-001,高強度引擎汽缸頭螺栓 M12,73181595,17149,1093.3,1179.05,4624
INV-EU-2024-00113,WO-2024-CS-00113,2024-01-20,France,Taiwan,TW2066649947,P-CS-BS-003,底盤懸吊臂襯套軸套,73269098,41527,11295.41,12125.95,69579
INV-EU-2024-00115,WO-2024-M12-00115,2024-01-20,Germany,Taiwan,TW2066601293,P-M12-EH-001,高強度引擎汽缸頭螺栓 M12,73181595,10683,681.06,734.47,2193
INV-EU-2024-00117,WO-2024-CS-00117,2024-01-20,Germany,Taiwan,TW2066775213,P-CS-BS-003,底盤懸吊臂襯套軸套,73269098,36443,9912.76,10641.62,33406
INV-EU-2024-00135,WO-2024-M10-00135,2024-01-20,Spain,Taiwan,TW2066796314,P-M10-BN-002,電動車電池模組固定螺母 M10,73181699,14834,252.18,264.79,1096
INV-EU-2024-00157,WO-2024-M10-00157,2024-01-20,Italy,Taiwan,TW2066708807,P-M10-BN-002,電動車電池模組固定螺母 M10,73181699,37708,641.05,673.1,2583
INV-EU-2024-00159,WO-2024-M10-00159,2024-01-20,Netherlands,Taiwan,TW2066370602,P-M10-BN-002,電動車電池模組固定螺母 M10,73181699,10015,170.26,178.77,578
INV-EU-2024-00169,WO-2024-CS-00169,2024-01-20,Netherlands,Taiwan,TW2066850383,P-CS-BS-003,底盤懸吊臂襯套軸套,73269098,40488,11012.87,11822.63,73345
INV-EU-2024-00174,WO-2024-CS-00174,2024-01-20,France,Taiwan,TW2066510385,P-CS-BS-003,底盤懸吊臂襯套軸套,73269098,10332,2810.42,3017.06,14586
INV-EU-2024-00179,WO-2024-M10-00179,2024-01-20,Netherlands,Taiwan,TW2066686818,P-M10-BN-002,電動車電池模組固定螺母 M10,73181699,49282,837.8,879.69,5085
INV-EU-2024-00181,WO-2024-M12-00181,2024-01-20,Germany,Taiwan,TW2066411725,P-M12-EH-001,高強度引擎汽缸頭螺栓 M12,73181595,48791,3110.47,3354.42,21617
INV-EU-2024-00194,WO-2024-CS-00194,2024-01-20,Germany,Taiwan,TW2066516269,P-CS-BS-003,底盤懸吊臂襯套軸套,73269098,40760,11086.84,11902.04,77164
INV-EU-2024-00195,WO-2024-M10-00195,2024-01-20,Spain,Taiwan,TW2066685652,P-M10-BN-002,電動車電池模組固定螺母 M10,73181699,32455,551.75,579.34,2146
INV-EU-2024-00199,WO-2024-M12-00199,2024-01-20,Spain,Taiwan,TW2066682640,P-M12-EH-001,高強度引擎汽缸頭螺栓 M12,73181595,47402,3021.93,3258.94,13356
INV-EU-2024-00202,WO-2024-M10-00202,2024-01-20,Spain,Taiwan,TW2066490588,P-M10-BN-002,電動車電池模組固定螺母 M10,73181699,44552,757.4,795.27,3347
INV-EU-2024-00220,WO-2024-M12-00220,2024-01-20,Spain,Taiwan,TW2066906736,P-M12-EH-001,高強度引擎汽缸頭螺栓 M12,73181595,10843,691.28,745.5,5177
INV-EU-2024-00223,WO-2024-M12-00223,2024-01-20,Italy,Taiwan,TW2066957077,P-M12-EH-001,高強度引擎汽缸頭螺栓 M12,73181595,20614,1314.16,1417.23,5926
INV-EU-2024-00226,WO-2024-CS-00226,2024-01-20,Germany,Taiwan,TW2066545928,P-CS-BS-003,底盤懸吊臂襯套軸套,73269098,36300,9873.6,10599.6,73360
INV-EU-2024-00231,WO-2024-M12-00231,2024-01-20,Italy,Taiwan,TW2066688819,P-M12-EH-001,高強度引擎汽缸頭螺栓 M12,73181595,21423,1365.72,1472.84,8467
INV-EU-2024-00234,WO-2024-M10-00234,2024-01-20,France,Taiwan,TW2066396057,P-M10-BN-002,電動車電池模組固定螺母 M10,73181699,22401,380.83,399.87,2052
INV-EU-2024-00238,WO-2024-M10-00238,2024-01-20,Spain,Taiwan,TW2066767313,P-M10-BN-002,電動車電池模組固定螺母 M10,73181699,20559,349.52,367,1212
INV-EU-2024-00249,WO-2024-M10-00249,2024-01-20,France,Taiwan,TW2066725328,P-M10-BN-002,電動車電池模組固定螺母 M10,73181699,13354,227.02,238.37,901
INV-EU-2024-00252,WO-2024-M12-00252,2024-01-20,France,Taiwan,TW2066332286,P-M12-EH-001,高強度引擎汽缸頭螺栓 M12,73181595,17097,1089.98,1175.46,8545
INV-EU-2024-00130,WO-2024-CS-00130,2024-01-21,Germany,Taiwan,TW2066549489,P-CS-BS-003,底盤懸吊臂襯套軸套,73269098,25905,7046.43,7564.53,38614
INV-EU-2024-00138,WO-2024-M10-00138,2024-01-21,France,Taiwan,TW2066105937,P-M10-BN-002,電動車電池模組固定螺母 M10,73181699,22245,378.18,397.09,2488
INV-EU-2024-00141,WO-2024-M10-00141,2024-01-21,Netherlands,Taiwan,TW2066954569,P-M10-BN-002,電動車電池模組固定螺母 M10,73181699,17744,301.65,316.73,1426
INV-EU-2024-00143,WO-2024-M10-00143,2024-01-21,Spain,Taiwan,TW2066465812,P-M10-BN-002,電動車電池模組固定螺母 M10,73181699,40908,695.44,730.21,3247
INV-EU-2024-00147,WO-2024-CS-00147,2024-01-21,Netherlands,Taiwan,TW2066858535,P-CS-BS-003,底盤懸吊臂襯套軸套,73269098,15503,4216.82,4526.88,28505
INV-EU-2024-00150,WO-2024-CS-00150,2024-01-21,Netherlands,Taiwan,TW2066360287,P-CS-BS-003,底盤懸吊臂襯套軸套,73269098,35442,9640.24,10349.08,29306
INV-EU-2024-00151,WO-2024-M12-00151,2024-01-21,Italy,Taiwan,TW2066489286,P-M12-EH-001,高強度引擎汽缸頭螺栓 M12,73181595,43577,2778.08,2995.97,11473
INV-EU-2024-00156,WO-2024-CS-00156,2024-01-21,France,Taiwan,TW2066673402,P-CS-BS-003,底盤懸吊臂襯套軸套,73269098,20538,5586.5,5997.26,33127
INV-EU-2024-00173,WO-2024-M12-00173,2024-01-21,Germany,Taiwan,TW2066193234,P-M12-EH-001,高強度引擎汽缸頭螺栓 M12,73181595,36807,2346.45,2530.48,9948
INV-EU-2024-00183,WO-2024-M12-00183,2024-01-21,Germany,Taiwan,TW2066643160,P-M12-EH-001,高強度引擎汽缸頭螺栓 M12,73181595,35384,2255.73,2432.65,7240
INV-EU-2024-00193,WO-2024-CS-00193,2024-01-21,Netherlands,Taiwan,TW2066165719,P-CS-BS-003,底盤懸吊臂襯套軸套,73269098,22934,6238.15,6696.83,33124
INV-EU-2024-00200,WO-2024-M10-00200,2024-01-21,Netherlands,Taiwan,TW2066552382,P-M10-BN-002,電動車電池模組固定螺母 M10,73181699,43690,742.73,779.87,3475
INV-EU-2024-00204,WO-2024-M12-00204,2024-01-21,Germany,Taiwan,TW2066533340,P-M12-EH-001,高強度引擎汽缸頭螺栓 M12,73181595,15953,1017.05,1096.82,5959
INV-EU-2024-00206,WO-2024-CS-00206,2024-01-21,Italy,Taiwan,TW2066900786,P-CS-BS-003,底盤懸吊臂襯套軸套,73269098,34240,9313.33,9998.13,34738
INV-EU-2024-00211,WO-2024-CS-00211,2024-01-21,France,Taiwan,TW2066507483,P-CS-BS-003,底盤懸吊臂襯套軸套,73269098,42067,11442.41,12283.75,52406
INV-EU-2024-00212,WO-2024-CS-00212,2024-01-21,Germany,Taiwan,TW2066554351,P-CS-BS-003,底盤懸吊臂襯套軸套,73269098,48558,13207.88,14179.04,96681
INV-EU-2024-00214,WO-2024-M12-00214,2024-01-21,France,Taiwan,TW2066877275,P-M12-EH-001,高強度引擎汽缸頭螺栓 M12,73181595,26875,1713.34,1847.71,11496
INV-EU-2024-00225,WO-2024-CS-00225,2024-01-21,Spain,Taiwan,TW2066489198,P-CS-BS-003,底盤懸吊臂襯套軸套,73269098,23733,6455.62,6930.28,28404
INV-EU-2024-00240,WO-2024-M10-00240,2024-01-21,Germany,Taiwan,TW2066847480,P-M10-BN-002,電動車電池模組固定螺母 M10,73181699,31604,537.28,564.14,3191
INV-EU-2024-00242,WO-2024-M12-00242,2024-01-21,Netherlands,Taiwan,TW2066132219,P-M12-EH-001,高強度引擎汽缸頭螺栓 M12,73181595,33861,2158.68,2327.98,13621
INV-EU-2024-00243,WO-2024-M10-00243,2024-01-21,Italy,Taiwan,TW2066602218,P-M10-BN-002,電動車電池模組固定螺母 M10,73181699,34125,580.13,609.14,4484
INV-EU-2024-00248,WO-2024-M12-00248,2024-01-21,Germany,Taiwan,TW2066860720,P-M12-EH-001,高強度引擎汽缸頭螺栓 M12,73181595,29293,1867.44,2013.9,6106
INV-EU-2024-00250,WO-2024-M10-00250,2024-01-21,Germany,Taiwan,TW2066801764,P-M10-BN-002,電動車電池模組固定螺母 M10,73181699,29145,495.47,520.24,2298
INV-EU-2024-00270,WO-2024-M12-00270,2024-01-21,Italy,Taiwan,TW2066404578,P-M12-EH-001,高強度引擎汽缸頭螺栓 M12,73181595,40225,2564.39,2765.51,9283
INV-EU-2024-00145,WO-2024-CS-00145,2024-01-22,Spain,Taiwan,TW2066361504,P-CS-BS-003,底盤懸吊臂襯套軸套,73269098,27555,7495.19,8046.29,41823
INV-EU-2024-00149,WO-2024-M10-00149,2024-01-22,Netherlands,Taiwan,TW2066724542,P-M10-BN-002,電動車電池模組固定螺母 M10,73181699,10622,180.58,189.61,1406
INV-EU-2024-00182,WO-2024-M12-00182,2024-01-22,France,Taiwan,TW2066996353,P-M12-EH-001,高強度引擎汽缸頭螺栓 M12,73181595,15084,961.63,1037.05,5442
INV-EU-2024-00184,WO-2024-M10-00184,2024-01-22,Netherlands,Taiwan,TW2066190524,P-M10-BN-002,電動車電池模組固定螺母 M10,73181699,20871,354.81,372.55,2235
INV-EU-2024-00188,WO-2024-M10-00188,2024-01-22,Italy,Taiwan,TW2066162822,P-M10-BN-002,電動車電池模組固定螺母 M10,73181699,39572,672.74,706.38,4399
INV-EU-2024-00190,WO-2024-M12-00190,2024-01-22,Italy,Taiwan,TW2066305464,P-M12-EH-001,高強度引擎汽缸頭螺栓 M12,73181595,15731,1002.87,1081.53,7351
INV-EU-2024-00192,WO-2024-M10-00192,2024-01-22,France,Taiwan,TW2066380293,P-M10-BN-002,電動車電池模組固定螺母 M10,73181699,12347,209.91,220.41,633
INV-EU-2024-00208,WO-2024-M12-00208,2024-01-22,Netherlands,Taiwan,TW2066715609,P-M12-EH-001,高強度引擎汽缸頭螺栓 M12,73181595,25869,1649.21,1778.56,5805
INV-EU-2024-00218,WO-2024-M12-00218,2024-01-22,France,Taiwan,TW2066500887,P-M12-EH-001,高強度引擎汽缸頭螺栓 M12,73181595,36106,2301.79,2482.32,6974
INV-EU-2024-00222,WO-2024-CS-00222,2024-01-22,Netherlands,Taiwan,TW2066153514,P-CS-BS-003,底盤懸吊臂襯套軸套,73269098,10571,2875.5,3086.92,22543
INV-EU-2024-00230,WO-2024-M10-00230,2024-01-22,Germany,Taiwan,TW2066872414,P-M10-BN-002,電動車電池模組固定螺母 M10,73181699,43306,736.21,773.02,5528
INV-EU-2024-00236,WO-2024-CS-00236,2024-01-22,Italy,Taiwan,TW2066411886,P-CS-BS-003,底盤懸吊臂襯套軸套,73269098,39106,10637.06,11419.18,59354
INV-EU-2024-00245,WO-2024-CS-00245,2024-01-22,France,Taiwan,TW2066759770,P-CS-BS-003,底盤懸吊臂襯套軸套,73269098,47520,12925.52,13875.92,67083
INV-EU-2024-00246,WO-2024-M10-00246,2024-01-22,Spain,Taiwan,TW2066118178,P-M10-BN-002,電動車電池模組固定螺母 M10,73181699,43378,737.43,774.3,2698
INV-EU-2024-00257,WO-2024-CS-00257,2024-01-22,France,Taiwan,TW2066368053,P-CS-BS-003,底盤懸吊臂襯套軸套,73269098,38831,10562.23,11338.85,50593
INV-EU-2024-00260,WO-2024-M12-00260,2024-01-22,Netherlands,Taiwan,TW2066739494,P-M12-EH-001,高強度引擎汽缸頭螺栓 M12,73181595,18053,1150.91,1241.18,4707
INV-EU-2024-00287,WO-2024-M12-00287,2024-01-22,Netherlands,Taiwan,TW2066709858,P-M12-EH-001,高強度引擎汽缸頭螺栓 M12,73181595,10711,682.86,736.41,3223
INV-EU-2024-00180,WO-2024-M12-00180,2024-01-23,Spain,Taiwan,TW2066979816,P-M12-EH-001,高強度引擎汽缸頭螺栓 M12,73181595,47113,3003.48,3239.05,11683
INV-EU-2024-00217,WO-2024-CS-00217,2024-01-23,Germany,Taiwan,TW2066300613,P-CS-BS-003,底盤懸吊臂襯套軸套,73269098,48042,13067.68,14028.52,75661
INV-EU-2024-00224,WO-2024-M10-00224,2024-01-23,Italy,Taiwan,TW2066206830,P-M10-BN-002,電動車電池模組固定螺母 M10,73181699,39867,677.75,711.64,2182
INV-EU-2024-00244,WO-2024-CS-00244,2024-01-23,Spain,Taiwan,TW2066997838,P-CS-BS-003,底盤懸吊臂襯套軸套,73269098,45730,12438.74,13353.34,60576
INV-EU-2024-00253,WO-2024-CS-00253,2024-01-23,Netherlands,Taiwan,TW2066417718,P-CS-BS-003,底盤懸吊臂襯套軸套,73269098,19661,5347.95,5741.17,26579
INV-EU-2024-00256,WO-2024-M12-00256,2024-01-23,Germany,Taiwan,TW2066957884,P-M12-EH-001,高強度引擎汽缸頭螺栓 M12,73181595,15860,1011.1,1090.4,6572
INV-EU-2024-00273,WO-2024-M10-00273,2024-01-23,France,Taiwan,TW2066124431,P-M10-BN-002,電動車電池模組固定螺母 M10,73181699,40485,688.25,722.66,2622
INV-EU-2024-00279,WO-2024-CS-00279,2024-01-23,Italy,Taiwan,TW2066198066,P-CS-BS-003,底盤懸吊臂襯套軸套,73269098,10107,2749.13,2951.27,8852
INV-EU-2024-00290,WO-2024-CS-00290,2024-01-23,France,Taiwan,TW2066737131,P-CS-BS-003,底盤懸吊臂襯套軸套,73269098,17318,4710.68,5057.04,19266
INV-EU-2024-00291,WO-2024-M10-00291,2024-01-23,Netherlands,Taiwan,TW2066134970,P-M10-BN-002,電動車電池模組固定螺母 M10,73181699,28900,491.31,515.88,1513
INV-EU-2024-00296,WO-2024-CS-00296,2024-01-23,Netherlands,Taiwan,TW2066805142,P-CS-BS-003,底盤懸吊臂襯套軸套,73269098,38371,10437.18,11204.6,46445
INV-EU-2024-00302,WO-2024-M12-00302,2024-01-23,Italy,Taiwan,TW2066604377,P-M12-EH-001,高強度引擎汽缸頭螺栓 M12,73181595,35689,2275.22,2453.66,16313
INV-EU-2024-00187,WO-2024-CS-00187,2024-01-24,Italy,Taiwan,TW2066390819,P-CS-BS-003,底盤懸吊臂襯套軸套,73269098,17258,4694.22,5039.38,36849
INV-EU-2024-00191,WO-2024-M12-00191,2024-01-24,Germany,Taiwan,TW2066316530,P-M12-EH-001,高強度引擎汽缸頭螺栓 M12,73181595,44136,2813.73,3034.41,12492
INV-EU-2024-00196,WO-2024-CS-00196,2024-01-24,Italy,Taiwan,TW2066261168,P-CS-BS-003,底盤懸吊臂襯套軸套,73269098,24774,6738.73,7234.21,47238
INV-EU-2024-00201,WO-2024-CS-00201,2024-01-24,Netherlands,Taiwan,TW2066997747,P-CS-BS-003,底盤懸吊臂襯套軸套,73269098,12104,3292.37,3534.45,13432
INV-EU-2024-00205,WO-2024-M10-00205,2024-01-24,Germany,Taiwan,TW2066474794,P-M10-BN-002,電動車電池模組固定螺母 M10,73181699,17421,296.16,310.97,1643
INV-EU-2024-00215,WO-2024-M10-00215,2024-01-24,France,Taiwan,TW2066143333,P-M10-BN-002,電動車電池模組固定螺母 M10,73181699,19274,327.66,344.04,1870
INV-EU-2024-00221,WO-2024-CS-00221,2024-01-24,France,Taiwan,TW2066989822,P-CS-BS-003,底盤懸吊臂襯套軸套,73269098,34447,9369.81,10058.75,50315
INV-EU-2024-00259,WO-2024-M12-00259,2024-01-24,Spain,Taiwan,TW2066709635,P-M12-EH-001,高強度引擎汽缸頭螺栓 M12,73181595,21795,1389.47,1498.44,7225
INV-EU-2024-00267,WO-2024-M12-00267,2024-01-24,Netherlands,Taiwan,TW2066526405,P-M12-EH-001,高強度引擎汽缸頭螺栓 M12,73181595,13961,890.03,959.84,4619
INV-EU-2024-00272,WO-2024-CS-00272,2024-01-24,France,Taiwan,TW2066343016,P-CS-BS-003,底盤懸吊臂襯套軸套,73269098,30169,8206.22,8809.6,30116
INV-EU-2024-00277,WO-2024-CS-00277,2024-01-24,Germany,Taiwan,TW2066888863,P-CS-BS-003,底盤懸吊臂襯套軸套,73269098,28661,7795.88,8369.1,28766
INV-EU-2024-00278,WO-2024-M10-00278,2024-01-24,Italy,Taiwan,TW2066395595,P-M10-BN-002,電動車電池模組固定螺母 M10,73181699,33663,572.28,600.89,1991
INV-EU-2024-00282,WO-2024-M12-00282,2024-01-24,France,Taiwan,TW2066841810,P-M12-EH-001,高強度引擎汽缸頭螺栓 M12,73181595,40236,2565.05,2766.23,9567
INV-EU-2024-00303,WO-2024-CS-00303,2024-01-24,Spain,Taiwan,TW2066165531,P-CS-BS-003,底盤懸吊臂襯套軸套,73269098,36921,10042.73,10781.15,40271
INV-EU-2024-00209,WO-2024-M12-00209,2024-01-25,Italy,Taiwan,TW2066109677,P-M12-EH-001,高強度引擎汽缸頭螺栓 M12,73181595,38246,2438.2,2629.43,14775
INV-EU-2024-00219,WO-2024-CS-00219,2024-01-25,Germany,Taiwan,TW2066806748,P-CS-BS-003,底盤懸吊臂襯套軸套,73269098,39199,10662.21,11446.19,83911
INV-EU-2024-00228,WO-2024-CS-00228,2024-01-25,Germany,Taiwan,TW2066359142,P-CS-BS-003,底盤懸吊臂襯套軸套,73269098,14240,3873.45,4158.25,22388
INV-EU-2024-00233,WO-2024-M12-00233,2024-01-25,Netherlands,Taiwan,TW2066401687,P-M12-EH-001,高強度引擎汽缸頭螺栓 M12,73181595,37796,2409.53,2598.51,12842
INV-EU-2024-00241,WO-2024-M10-00241,2024-01-25,Italy,Taiwan,TW2066396601,P-M10-BN-002,電動車電池模組固定螺母 M10,73181699,43144,733.46,770.13,2391
INV-EU-2024-00255,WO-2024-CS-00255,2024-01-25,Italy,Taiwan,TW2066554766,P-CS-BS-003,底盤懸吊臂襯套軸套,73269098,13870,3772.7,4050.1,29615
INV-EU-2024-00265,WO-2024-M12-00265,2024-01-25,Italy,Taiwan,TW2066711703,P-M12-EH-001,高強度引擎汽缸頭螺栓 M12,73181595,43027,2742.98,2958.11,18295
INV-EU-2024-00289,WO-2024-CS-00289,2024-01-25,Netherlands,Taiwan,TW2066506328,P-CS-BS-003,底盤懸吊臂襯套軸套,73269098,47401,12893.17,13841.19,41516
INV-EU-2024-00301,WO-2024-CS-00301,2024-01-25,France,Taiwan,TW2066475112,P-CS-BS-003,底盤懸吊臂襯套軸套,73269098,44290,12047.04,12932.84,56018
INV-EU-2024-00309,WO-2024-M12-00309,2024-01-25,France,Taiwan,TW2066701156,P-M12-EH-001,高強度引擎汽缸頭螺栓 M12,73181595,21022,1340.18,1445.29,5253
INV-EU-2024-00310,WO-2024-M10-00310,2024-01-25,Germany,Taiwan,TW2066442833,P-M10-BN-002,電動車電池模組固定螺母 M10,73181699,28811,489.8,514.29,3222
INV-EU-2024-00320,WO-2024-CS-00320,2024-01-25,Netherlands,Taiwan,TW2066183833,P-CS-BS-003,底盤懸吊臂襯套軸套,73269098,34503,9384.94,10075,71231
INV-EU-2024-00322,WO-2024-CS-00322,2024-01-25,Netherlands,Taiwan,TW2066907797,P-CS-BS-003,底盤懸吊臂襯套軸套,73269098,30437,8278.88,8887.62,63250
INV-EU-2024-00323,WO-2024-M12-00323,2024-01-25,France,Taiwan,TW2066895352,P-M12-EH-001,高強度引擎汽缸頭螺栓 M12,73181595,25538,1628.11,1755.8,7033
INV-EU-2024-00324,WO-2024-CS-00324,2024-01-25,Netherlands,Taiwan,TW2066526473,P-CS-BS-003,底盤懸吊臂襯套軸套,73269098,12956,3524.21,3783.33,27418
INV-EU-2024-00325,WO-2024-M10-00325,2024-01-25,Germany,Taiwan,TW2066744193,P-M10-BN-002,電動車電池模組固定螺母 M10,73181699,49455,840.74,882.78,3547
INV-EU-2024-00227,WO-2024-M10-00227,2024-01-26,Italy,Taiwan,TW2066273040,P-M10-BN-002,電動車電池模組固定螺母 M10,73181699,39995,679.93,713.93,3141
INV-EU-2024-00235,WO-2024-CS-00235,2024-01-26,Italy,Taiwan,TW2066938433,P-CS-BS-003,底盤懸吊臂襯套軸套,73269098,46851,12743.71,13680.73,74933
INV-EU-2024-00247,WO-2024-M10-00247,2024-01-26,Spain,Taiwan,TW2066846346,P-M10-BN-002,電動車電池模組固定螺母 M10,73181699,35939,610.97,641.52,2688
INV-EU-2024-00251,WO-2024-M12-00251,2024-01-26,Spain,Taiwan,TW2066180134,P-M12-EH-001,高強度引擎汽缸頭螺栓 M12,73181595,14411,918.76,990.82,3923
INV-EU-2024-00254,WO-2024-M10-00254,2024-01-26,Germany,Taiwan,TW2066269021,P-M10-BN-002,電動車電池模組固定螺母 M10,73181699,24454,415.73,436.52,1895
INV-EU-2024-00258,WO-2024-CS-00258,2024-01-26,Netherlands,Taiwan,TW2066207851,P-CS-BS-003,底盤懸吊臂襯套軸套,73269098,38923,10587.11,11365.57,39913
INV-EU-2024-00264,WO-2024-M12-00264,2024-01-26,Spain,Taiwan,TW2066229833,P-M12-EH-001,高強度引擎汽缸頭螺栓 M12,73181595,45254,2884.96,3111.23,22329
INV-EU-2024-00266,WO-2024-CS-00266,2024-01-26,Spain,Taiwan,TW2066125792,P-CS-BS-003,底盤懸吊臂襯套軸套,73269098,17374,4725.81,5073.29,15311
INV-EU-2024-00271,WO-2024-M12-00271,2024-01-26,Germany,Taiwan,TW2066366503,P-M12-EH-001,高強度引擎汽缸頭螺栓 M12,73181595,44245,2820.65,3041.88,9420
INV-EU-2024-00283,WO-2024-M12-00283,2024-01-26,France,Taiwan,TW2066906495,P-M12-EH-001,高強度引擎汽缸頭螺栓 M12,73181595,12775,814.44,878.32,4153
INV-EU-2024-00293,WO-2024-M12-00293,2024-01-26,Italy,Taiwan,TW2066258035,P-M12-EH-001,高強度引擎汽缸頭螺栓 M12,73181595,41768,2662.76,2871.6,18852
INV-EU-2024-00294,WO-2024-M10-00294,2024-01-26,Netherlands,Taiwan,TW2066146846,P-M10-BN-002,電動車電池模組固定螺母 M10,73181699,26524,450.92,473.47,1736
INV-EU-2024-00317,WO-2024-M12-00317,2024-01-26,Spain,Taiwan,TW2066985500,P-M12-EH-001,高強度引擎汽缸頭螺栓 M12,73181595,30440,1940.55,2092.75,7898
INV-EU-2024-00344,WO-2024-M10-00344,2024-01-26,Italy,Taiwan,TW2066752663,P-M10-BN-002,電動車電池模組固定螺母 M10,73181699,11912,202.52,212.65,1340
INV-EU-2024-00345,WO-2024-M10-00345,2024-01-26,Spain,Taiwan,TW2066781863,P-M10-BN-002,電動車電池模組固定螺母 M10,73181699,19514,331.74,348.33,1529
INV-EU-2024-00348,WO-2024-M12-00348,2024-01-26,Spain,Taiwan,TW2066546255,P-M12-EH-001,高強度引擎汽缸頭螺栓 M12,73181595,12827,817.75,881.88,5160
INV-EU-2024-00350,WO-2024-M12-00350,2024-01-26,Italy,Taiwan,TW2066895020,P-M12-EH-001,高強度引擎汽缸頭螺栓 M12,73181595,43012,2742.04,2957.1,15437
INV-EU-2024-00351,WO-2024-M10-00351,2024-01-26,Germany,Taiwan,TW2066617361,P-M10-BN-002,電動車電池模組固定螺母 M10,73181699,30714,522.15,548.26,2067
INV-EU-2024-00237,WO-2024-CS-00237,2024-01-27,Spain,Taiwan,TW2066284569,P-CS-BS-003,底盤懸吊臂襯套軸套,73269098,17362,4722.61,5069.85,16198
INV-EU-2024-00239,WO-2024-M12-00239,2024-01-27,France,Taiwan,TW2066820805,P-M12-EH-001,高強度引擎汽缸頭螺栓 M12,73181595,39721,2532.24,2730.84,15826
INV-EU-2024-00262,WO-2024-M10-00262,2024-01-27,Italy,Taiwan,TW2066482679,P-M10-BN-002,電動車電池模組固定螺母 M10,73181699,14500,246.51,258.84,1622
INV-EU-2024-00268,WO-2024-CS-00268,2024-01-27,Netherlands,Taiwan,TW2066262629,P-CS-BS-003,底盤懸吊臂襯套軸套,73269098,44064,11985.66,12866.94,46624
INV-EU-2024-00275,WO-2024-CS-00275,2024-01-27,Netherlands,Taiwan,TW2066972614,P-CS-BS-003,底盤懸吊臂襯套軸套,73269098,19668,5349.84,5743.2,42049
INV-EU-2024-00280,WO-2024-M12-00280,2024-01-27,Spain,Taiwan,TW2066766703,P-M12-EH-001,高強度引擎汽缸頭螺栓 M12,73181595,44952,2865.75,3090.51,13067
INV-EU-2024-00281,WO-2024-M12-00281,2024-01-27,Germany,Taiwan,TW2066230919,P-M12-EH-001,高強度引擎汽缸頭螺栓 M12,73181595,36320,2315.42,2497.02,16902
INV-EU-2024-00295,WO-2024-CS-00295,2024-01-27,Germany,Taiwan,TW2066529790,P-CS-BS-003,底盤懸吊臂襯套軸套,73269098,30394,8267.25,8875.13,49190
INV-EU-2024-00298,WO-2024-M12-00298,2024-01-27,France,Taiwan,TW2066683765,P-M12-EH-001,高強度引擎汽缸頭螺栓 M12,73181595,20470,1304.99,1407.34,7203
INV-EU-2024-00304,WO-2024-CS-00304,2024-01-27,Germany,Taiwan,TW2066650953,P-CS-BS-003,底盤懸吊臂襯套軸套,73269098,16097,4378.39,4700.33,21629
INV-EU-2024-00307,WO-2024-CS-00307,2024-01-27,France,Taiwan,TW2066982110,P-CS-BS-003,底盤懸吊臂襯套軸套,73269098,26980,7338.73,7878.33,50050
INV-EU-2024-00312,WO-2024-CS-00312,2024-01-27,France,Taiwan,TW2066118403,P-CS-BS-003,底盤懸吊臂襯套軸套,73269098,34077,9268.97,9950.51,37075
INV-EU-2024-00318,WO-2024-M12-00318,2024-01-27,Netherlands,Taiwan,TW2066645901,P-M12-EH-001,高強度引擎汽缸頭螺栓 M12,73181595,37335,2380.13,2566.81,13947
INV-EU-2024-00328,WO-2024-CS-00328,2024-01-27,Italy,Taiwan,TW2066324438,P-CS-BS-003,底盤懸吊臂襯套軸套,73269098,43113,11726.84,12589.1,87364
INV-EU-2024-00334,WO-2024-M12-00334,2024-01-27,Germany,Taiwan,TW2066228141,P-M12-EH-001,高強度引擎汽缸頭螺栓 M12,73181595,45442,2896.97,3124.18,11037
INV-EU-2024-00336,WO-2024-M12-00336,2024-01-27,Germany,Taiwan,TW2066712052,P-M12-EH-001,高強度引擎汽缸頭螺栓 M12,73181595,21747,1386.43,1495.16,5573
INV-EU-2024-00353,WO-2024-CS-00353,2024-01-27,France,Taiwan,TW2066267149,P-CS-BS-003,底盤懸吊臂襯套軸套,73269098,24881,6767.68,7265.3,42568
INV-EU-2024-00356,WO-2024-M10-00356,2024-01-27,France,Taiwan,TW2066848398,P-M10-BN-002,電動車電池模組固定螺母 M10,73181699,23130,393.22,412.88,1419
INV-EU-2024-00368,WO-2024-CS-00368,2024-01-27,Italy,Taiwan,TW2066525105,P-CS-BS-003,底盤懸吊臂襯套軸套,73269098,10588,2880.15,3091.91,23041
INV-EU-2024-00378,WO-2024-M12-00378,2024-01-27,Germany,Taiwan,TW2066962439,P-M12-EH-001,高強度引擎汽缸頭螺栓 M12,73181595,16737,1066.99,1150.67,5612
INV-EU-2024-00261,WO-2024-M12-00261,2024-01-28,Netherlands,Taiwan,TW2066292650,P-M12-EH-001,高強度引擎汽缸頭螺栓 M12,73181595,22393,1427.59,1539.55,6709
INV-EU-2024-00263,WO-2024-M10-00263,2024-01-28,Netherlands,Taiwan,TW2066134340,P-M10-BN-002,電動車電池模組固定螺母 M10,73181699,16758,284.9,299.14,1698
INV-EU-2024-00269,WO-2024-M10-00269,2024-01-28,Netherlands,Taiwan,TW2066186408,P-M10-BN-002,電動車電池模組固定螺母 M10,73181699,45109,766.86,805.2,4639
INV-EU-2024-00274,WO-2024-M12-00274,2024-01-28,Italy,Taiwan,TW2066160509,P-M12-EH-001,高強度引擎汽缸頭螺栓 M12,73181595,47150,3005.85,3241.6,16922
INV-EU-2024-00276,WO-2024-CS-00276,2024-01-28,Spain,Taiwan,TW2066818451,P-CS-BS-003,底盤懸吊臂襯套軸套,73269098,31367,8532.01,9159.35,34213
INV-EU-2024-00284,WO-2024-M12-00284,2024-01-28,Italy,Taiwan,TW2066104011,P-M12-EH-001,高強度引擎汽缸頭螺栓 M12,73181595,26870,1712.97,1847.32,5532
INV-EU-2024-00285,WO-2024-M12-00285,2024-01-28,Netherlands,Taiwan,TW2066234750,P-M12-EH-001,高強度引擎汽缸頭螺栓 M12,73181595,44175,2816.19,3037.07,14587
INV-EU-2024-00286,WO-2024-CS-00286,2024-01-28,France,Taiwan,TW2066616476,P-CS-BS-003,底盤懸吊臂襯套軸套,73269098,31974,8697.08,9336.56,54617
INV-EU-2024-00292,WO-2024-M12-00292,2024-01-28,Italy,Taiwan,TW2066177123,P-M12-EH-001,高強度引擎汽缸頭螺栓 M12,73181595,29529,1882.48,2030.13,6607
INV-EU-2024-00300,WO-2024-CS-00300,2024-01-28,Spain,Taiwan,TW2066719922,P-CS-BS-003,底盤懸吊臂襯套軸套,73269098,43626,11866.28,12738.8,73689
INV-EU-2024-00305,WO-2024-CS-00305,2024-01-28,France,Taiwan,TW2066280074,P-CS-BS-003,底盤懸吊臂襯套軸套,73269098,47285,12861.75,13807.45,69067
INV-EU-2024-00313,WO-2024-M12-00313,2024-01-28,Germany,Taiwan,TW2066270547,P-M12-EH-001,高強度引擎汽缸頭螺栓 M12,73181595,34794,2218.18,2392.15,14196
INV-EU-2024-00326,WO-2024-M12-00326,2024-01-28,Italy,Taiwan,TW2066892358,P-M12-EH-001,高強度引擎汽缸頭螺栓 M12,73181595,13474,858.99,926.36,2877
INV-EU-2024-00333,WO-2024-M10-00333,2024-01-28,Italy,Taiwan,TW2066914073,P-M10-BN-002,電動車電池模組固定螺母 M10,73181699,29301,498.13,523.04,3252
INV-EU-2024-00376,WO-2024-M12-00376,2024-01-28,Italy,Taiwan,TW2066938779,P-M12-EH-001,高強度引擎汽缸頭螺栓 M12,73181595,19157,1221.27,1317.06,9281
INV-EU-2024-00288,WO-2024-M10-00288,2024-01-29,Netherlands,Taiwan,TW2066891351,P-M10-BN-002,電動車電池模組固定螺母 M10,73181699,19485,331.26,347.82,2421
INV-EU-2024-00299,WO-2024-M10-00299,2024-01-29,Italy,Taiwan,TW2066555332,P-M10-BN-002,電動車電池模組固定螺母 M10,73181699,20114,341.94,359.04,2732
INV-EU-2024-00306,WO-2024-CS-00306,2024-01-29,Netherlands,Taiwan,TW2066615370,P-CS-BS-003,底盤懸吊臂襯套軸套,73269098,15729,4278.38,4592.96,32430
INV-EU-2024-00308,WO-2024-CS-00308,2024-01-29,Italy,Taiwan,TW2066517390,P-CS-BS-003,底盤懸吊臂襯套軸套,73269098,34913,9496.46,10194.72,56219
INV-EU-2024-00314,WO-2024-M10-00314,2024-01-29,Netherlands,Taiwan,TW2066733307,P-M10-BN-002,電動車電池模組固定螺母 M10,73181699,15129,257.2,270.06,1355
INV-EU-2024-00331,WO-2024-M12-00331,2024-01-29,Spain,Taiwan,TW2066161844,P-M12-EH-001,高強度引擎汽缸頭螺栓 M12,73181595,40949,2610.55,2815.3,12321
INV-EU-2024-00338,WO-2024-M12-00338,2024-01-29,Germany,Taiwan,TW2066686223,P-M12-EH-001,高強度引擎汽缸頭螺栓 M12,73181595,25818,1645.9,1774.99,12788
INV-EU-2024-00339,WO-2024-M12-00339,2024-01-29,Netherlands,Taiwan,TW2066426885,P-M12-EH-001,高強度引擎汽缸頭螺栓 M12,73181595,27269,1738.4,1874.75,9613
INV-EU-2024-00343,WO-2024-CS-00343,2024-01-29,Italy,Taiwan,TW2066264257,P-CS-BS-003,底盤懸吊臂襯套軸套,73269098,23474,6385.14,6854.62,37863
INV-EU-2024-00346,WO-2024-M10-00346,2024-01-29,Netherlands,Taiwan,TW2066118055,P-M10-BN-002,電動車電池模組固定螺母 M10,73181699,41820,710.95,746.5,3533
INV-EU-2024-00349,WO-2024-M10-00349,2024-01-29,Germany,Taiwan,TW2066383884,P-M10-BN-002,電動車電池模組固定螺母 M10,73181699,12630,214.72,225.46,1309
INV-EU-2024-00354,WO-2024-CS-00354,2024-01-29,Netherlands,Taiwan,TW2066498487,P-CS-BS-003,底盤懸吊臂襯套軸套,73269098,26282,7148.78,7674.42,39818
INV-EU-2024-00361,WO-2024-CS-00361,2024-01-29,Spain,Taiwan,TW2066284838,P-CS-BS-003,底盤懸吊臂襯套軸套,73269098,10521,2861.97,3072.39,13422
INV-EU-2024-00373,WO-2024-M10-00373,2024-01-29,Italy,Taiwan,TW2066150372,P-M10-BN-002,電動車電池模組固定螺母 M10,73181699,35394,601.71,631.8,4061
INV-EU-2024-00379,WO-2024-CS-00379,2024-01-29,Italy,Taiwan,TW2066392228,P-CS-BS-003,底盤懸吊臂襯套軸套,73269098,15208,4136.59,4440.75,22254
INV-EU-2024-00380,WO-2024-M10-00380,2024-01-29,Spain,Taiwan,TW2066792333,P-M10-BN-002,電動車電池模組固定螺母 M10,73181699,14088,239.51,251.49,1125
INV-EU-2024-00397,WO-2024-M12-00397,2024-01-29,France,Taiwan,TW2066755937,P-M12-EH-001,高強度引擎汽缸頭螺栓 M12,73181595,41700,2658.41,2866.91,13478
INV-EU-2024-00409,WO-2024-CS-00409,2024-01-29,Spain,Taiwan,TW2066710888,P-CS-BS-003,底盤懸吊臂襯套軸套,73269098,15457,4204.42,4513.56,21064
INV-EU-2024-00297,WO-2024-M10-00297,2024-01-30,Germany,Taiwan,TW2066564378,P-M10-BN-002,電動車電池模組固定螺母 M10,73181699,32049,544.84,572.08,3661
INV-EU-2024-00311,WO-2024-M10-00311,2024-01-30,Netherlands,Taiwan,TW2066984521,P-M10-BN-002,電動車電池模組固定螺母 M10,73181699,30024,510.42,535.94,2919
INV-EU-2024-00335,WO-2024-M12-00335,2024-01-30,Italy,Taiwan,TW2066563529,P-M12-EH-001,高強度引擎汽缸頭螺栓 M12,73181595,25577,1630.58,1758.46,5527
INV-EU-2024-00340,WO-2024-M12-00340,2024-01-30,Germany,Taiwan,TW2066930537,P-M12-EH-001,高強度引擎汽缸頭螺栓 M12,73181595,43264,2758.11,2974.43,17127
INV-EU-2024-00347,WO-2024-M10-00347,2024-01-30,France,Taiwan,TW2066229762,P-M10-BN-002,電動車電池模組固定螺母 M10,73181699,31521,535.86,562.65,2138
INV-EU-2024-00352,WO-2024-CS-00352,2024-01-30,Italy,Taiwan,TW2066232734,P-CS-BS-003,底盤懸吊臂襯套軸套,73269098,14250,3876.19,4161.19,26164
INV-EU-2024-00358,WO-2024-CS-00358,2024-01-30,Spain,Taiwan,TW2066637956,P-CS-BS-003,底盤懸吊臂襯套軸套,73269098,20394,5547.34,5955.22,40051
INV-EU-2024-00359,WO-2024-M10-00359,2024-01-30,France,Taiwan,TW2066756319,P-M10-BN-002,電動車電池模組固定螺母 M10,73181699,38293,650.99,683.54,4830
INV-EU-2024-00363,WO-2024-M12-00363,2024-01-30,Italy,Taiwan,TW2066860696,P-M12-EH-001,高強度引擎汽缸頭螺栓 M12,73181595,28322,1805.58,1947.19,5958
INV-EU-2024-00364,WO-2024-M12-00364,2024-01-30,France,Taiwan,TW2066992557,P-M12-EH-001,高強度引擎汽缸頭螺栓 M12,73181595,21759,1387.19,1495.99,6797
INV-EU-2024-00371,WO-2024-M12-00371,2024-01-30,Germany,Taiwan,TW2066622174,P-M12-EH-001,高強度引擎汽缸頭螺栓 M12,73181595,32284,2058.14,2219.56,8006
INV-EU-2024-00372,WO-2024-CS-00372,2024-01-30,France,Taiwan,TW2066750004,P-CS-BS-003,底盤懸吊臂襯套軸套,73269098,29192,7940.43,8524.27,47721
INV-EU-2024-00391,WO-2024-M12-00391,2024-01-30,Spain,Taiwan,TW2066942625,P-M12-EH-001,高強度引擎汽缸頭螺栓 M12,73181595,39482,2517,2714.41,19179
INV-EU-2024-00407,WO-2024-M10-00407,2024-01-30,Italy,Taiwan,TW2066379488,P-M10-BN-002,電動車電池模組固定螺母 M10,73181699,31894,542.21,569.32,1924
INV-EU-2024-00420,WO-2024-M10-00420,2024-01-30,Netherlands,Taiwan,TW2066713968,P-M10-BN-002,電動車電池模組固定螺母 M10,73181699,43339,736.78,773.62,3676
INV-EU-2024-00315,WO-2024-M12-00315,2024-01-31,Spain,Taiwan,TW2066877624,P-M12-EH-001,高強度引擎汽缸頭螺栓 M12,73181595,45681,2912.21,3140.62,12988
INV-EU-2024-00321,WO-2024-CS-00321,2024-01-31,Netherlands,Taiwan,TW2066998293,P-CS-BS-003,底盤懸吊臂襯套軸套,73269098,10222,2780.44,2984.88,18267
INV-EU-2024-00327,WO-2024-CS-00327,2024-01-31,Italy,Taiwan,TW2066878522,P-CS-BS-003,底盤懸吊臂襯套軸套,73269098,11168,3037.91,3261.27,9994
INV-EU-2024-00337,WO-2024-CS-00337,2024-01-31,Italy,Taiwan,TW2066646089,P-CS-BS-003,底盤懸吊臂襯套軸套,73269098,19706,5360.15,5754.27,30016
INV-EU-2024-00367,WO-2024-M10-00367,2024-01-31,Netherlands,Taiwan,TW2066244076,P-M10-BN-002,電動車電池模組固定螺母 M10,73181699,22296,379.04,397.99,2092
INV-EU-2024-00370,WO-2024-CS-00370,2024-01-31,France,Taiwan,TW2066325023,P-CS-BS-003,底盤懸吊臂襯套軸套,73269098,31331,8522.25,9148.87,67070
INV-EU-2024-00382,WO-2024-M10-00382,2024-01-31,Netherlands,Taiwan,TW2066396699,P-M10-BN-002,電動車電池模組固定螺母 M10,73181699,43935,746.9,784.25,4772
INV-EU-2024-00383,WO-2024-M10-00383,2024-01-31,Germany,Taiwan,TW2066608022,P-M10-BN-002,電動車電池模組固定螺母 M10,73181699,27659,470.21,493.72,3117
INV-EU-2024-00390,WO-2024-CS-00390,2024-01-31,France,Taiwan,TW2066192898,P-CS-BS-003,底盤懸吊臂襯套軸套,73269098,46598,12674.84,13606.8,86949
INV-EU-2024-00394,WO-2024-M12-00394,2024-01-31,Italy,Taiwan,TW2066961626,P-M12-EH-001,高強度引擎汽缸頭螺栓 M12,73181595,47640,3037.07,3275.27,15914
INV-EU-2024-00395,WO-2024-M10-00395,2024-01-31,France,Taiwan,TW2066361798,P-M10-BN-002,電動車電池模組固定螺母 M10,73181699,26657,453.18,475.84,3371
INV-EU-2024-00396,WO-2024-M12-00396,2024-01-31,Germany,Taiwan,TW2066554496,P-M12-EH-001,高強度引擎汽缸頭螺栓 M12,73181595,10377,661.58,713.47,4247
INV-EU-2024-00419,WO-2024-M10-00419,2024-01-31,Italy,Taiwan,TW2066101776,P-M10-BN-002,電動車電池模組固定螺母 M10,73181699,28699,487.9,512.29,2951
INV-EU-2024-00423,WO-2024-CS-00423,2024-01-31,Spain,Taiwan,TW2066357538,P-CS-BS-003,底盤懸吊臂襯套軸套,73269098,26024,7078.59,7599.07,38578
INV-EU-2024-00427,WO-2024-CS-00427,2024-01-31,France,Taiwan,TW2066989918,P-CS-BS-003,底盤懸吊臂襯套軸套,73269098,12631,3435.86,3688.48,24051
INV-EU-2024-00429,WO-2024-M10-00429,2024-01-31,Netherlands,Taiwan,TW2066304214,P-M10-BN-002,電動車電池模組固定螺母 M10,73181699,37486,637.27,669.13,4817
INV-EU-2024-00441,WO-2024-M12-00441,2024-01-31,France,Taiwan,TW2066891842,P-M12-EH-001,高強度引擎汽缸頭螺栓 M12,73181595,10767,686.45,740.29,4770
INV-EU-2024-00443,WO-2024-M12-00443,2024-01-31,Spain,Taiwan,TW2066875941,P-M12-EH-001,高強度引擎汽缸頭螺栓 M12,73181595,22427,1429.76,1541.89,11137
INV-EU-2024-00316,WO-2024-CS-00316,2024-02-01,France,Taiwan,TW2066149434,P-CS-BS-003,底盤懸吊臂襯套軸套,73269098,46112,12542.51,13464.75,58197
INV-EU-2024-00319,WO-2024-M10-00319,2024-02-01,Spain,Taiwan,TW2066891562,P-M10-BN-002,電動車電池模組固定螺母 M10,73181699,22579,383.85,403.04,2249
INV-EU-2024-00329,WO-2024-M12-00329,2024-02-01,Netherlands,Taiwan,TW2066179993,P-M12-EH-001,高強度引擎汽缸頭螺栓 M12,73181595,40044,2552.85,2753.07,14653
INV-EU-2024-00330,WO-2024-M10-00330,2024-02-01,Spain,Taiwan,TW2066629912,P-M10-BN-002,電動車電池模組固定螺母 M10,73181699,12402,210.85,221.39,1572
INV-EU-2024-00332,WO-2024-M10-00332,2024-02-01,Italy,Taiwan,TW2066540352,P-M10-BN-002,電動車電池模組固定螺母 M10,73181699,36212,615.61,646.39,2480
INV-EU-2024-00341,WO-2024-M10-00341,2024-02-01,Germany,Taiwan,TW2066681769,P-M10-BN-002,電動車電池模組固定螺母 M10,73181699,30881,524.99,551.24,1884
INV-EU-2024-00342,WO-2024-CS-00342,2024-02-01,Italy,Taiwan,TW2066930191,P-CS-BS-003,底盤懸吊臂襯套軸套,73269098,49523,13470.46,14460.92,47685
INV-EU-2024-00357,WO-2024-M12-00357,2024-02-01,Spain,Taiwan,TW2066686013,P-M12-EH-001,高強度引擎汽缸頭螺栓 M12,73181595,36179,2306.44,2487.34,10448
INV-EU-2024-00365,WO-2024-M12-00365,2024-02-01,Netherlands,Taiwan,TW2066756193,P-M12-EH-001,高強度引擎汽缸頭螺栓 M12,73181595,27978,1783.63,1923.52,11664
INV-EU-2024-00366,WO-2024-CS-00366,2024-02-01,Italy,Taiwan,TW2066958549,P-CS-BS-003,底盤懸吊臂襯套軸套,73269098,49119,13360.44,14342.82,44089
INV-EU-2024-00374,WO-2024-M12-00374,2024-02-01,Netherlands,Taiwan,TW2066608300,P-M12-EH-001,高強度引擎汽缸頭螺栓 M12,73181595,39544,2520.96,2718.68,15024
INV-EU-2024-00375,WO-2024-M10-00375,2024-02-01,Netherlands,Taiwan,TW2066131449,P-M10-BN-002,電動車電池模組固定螺母 M10,73181699,35967,611.44,642.01,2115
INV-EU-2024-00387,WO-2024-M10-00387,2024-02-01,Netherlands,Taiwan,TW2066687327,P-M10-BN-002,電動車電池模組固定螺母 M10,73181699,48731,828.44,869.86,2742
INV-EU-2024-00389,WO-2024-CS-00389,2024-02-01,France,Taiwan,TW2066279532,P-CS-BS-003,底盤懸吊臂襯套軸套,73269098,42647,11600.19,12453.13,75633
INV-EU-2024-00392,WO-2024-M12-00392,2024-02-01,France,Taiwan,TW2066272989,P-M12-EH-001,高強度引擎汽缸頭螺栓 M12,73181595,17557,1119.31,1207.1,5943
INV-EU-2024-00404,WO-2024-CS-00404,2024-02-01,Germany,Taiwan,TW2066355433,P-CS-BS-003,底盤懸吊臂襯套軸套,73269098,25436,6918.65,7427.37,53342
INV-EU-2024-00434,WO-2024-CS-00434,2024-02-01,Netherlands,Taiwan,TW2066600978,P-CS-BS-003,底盤懸吊臂襯套軸套,73269098,19929,5420.69,5819.27,19026
INV-EU-2024-00435,WO-2024-M10-00435,2024-02-01,Italy,Taiwan,TW2066310198,P-M10-BN-002,電動車電池模組固定螺母 M10,73181699,38760,658.93,691.88,4467
INV-EU-2024-00439,WO-2024-M12-00439,2024-02-01,Spain,Taiwan,TW2066536251,P-M12-EH-001,高強度引擎汽缸頭螺栓 M12,73181595,26122,1665.29,1795.9,5695
INV-EU-2024-00446,WO-2024-CS-00446,2024-02-01,Spain,Taiwan,TW2066485352,P-CS-BS-003,底盤懸吊臂襯套軸套,73269098,16487,4484.59,4814.33,19418
INV-EU-2024-00459,WO-2024-CS-00459,2024-02-01,Netherlands,Taiwan,TW2066744104,P-CS-BS-003,底盤懸吊臂襯套軸套,73269098,34296,9328.75,10014.67,62689
INV-EU-2024-00465,WO-2024-M10-00465,2024-02-01,France,Taiwan,TW2066228125,P-M10-BN-002,電動車電池模組固定螺母 M10,73181699,16570,281.69,295.77,1357
INV-EU-2024-00355,WO-2024-CS-00355,2024-02-02,Netherlands,Taiwan,TW2066647737,P-CS-BS-003,底盤懸吊臂襯套軸套,73269098,27944,7601.03,8159.91,41045
INV-EU-2024-00360,WO-2024-M10-00360,2024-02-02,Germany,Taiwan,TW2066802780,P-M10-BN-002,電動車電池模組固定螺母 M10,73181699,41565,706.61,741.94,3497
INV-EU-2024-00381,WO-2024-CS-00381,2024-02-02,Germany,Taiwan,TW2066831045,P-CS-BS-003,底盤懸吊臂襯套軸套,73269098,24386,6633.07,7120.79,22088
INV-EU-2024-00384,WO-2024-M10-00384,2024-02-02,Netherlands,Taiwan,TW2066861268,P-M10-BN-002,電動車電池模組固定螺母 M10,73181699,35322,600.48,630.5,1975
INV-EU-2024-00388,WO-2024-M10-00388,2024-02-02,Germany,Taiwan,TW2066463721,P-M10-BN-002,電動車電池模組固定螺母 M10,73181699,39228,666.88,700.22,5255
INV-EU-2024-00393,WO-2024-CS-00393,2024-02-02,Spain,Taiwan,TW2066218285,P-CS-BS-003,底盤懸吊臂襯套軸套,73269098,14662,3988.28,4281.52,18306
INV-EU-2024-00398,WO-2024-M10-00398,2024-02-02,Germany,Taiwan,TW2066237376,P-M10-BN-002,電動車電池模組固定螺母 M10,73181699,42082,715.4,751.17,5200
INV-EU-2024-00405,WO-2024-CS-00405,2024-02-02,Italy,Taiwan,TW2066123206,P-CS-BS-003,底盤懸吊臂襯套軸套,73269098,46513,12651.58,13581.84,65535
INV-EU-2024-00406,WO-2024-CS-00406,2024-02-02,Netherlands,Taiwan,TW2066594966,P-CS-BS-003,底盤懸吊臂襯套軸套,73269098,42027,11431.35,12271.89,88250
INV-EU-2024-00414,WO-2024-CS-00414,2024-02-02,Netherlands,Taiwan,TW2066986771,P-CS-BS-003,底盤懸吊臂襯套軸套,73269098,43282,11772.81,12638.45,58157
INV-EU-2024-00415,WO-2024-CS-00415,2024-02-02,Italy,Taiwan,TW2066232956,P-CS-BS-003,底盤懸吊臂襯套軸套,73269098,38822,10559.77,11336.21,65998
INV-EU-2024-00449,WO-2024-CS-00449,2024-02-02,France,Taiwan,TW2066661394,P-CS-BS-003,底盤懸吊臂襯套軸套,73269098,32925,8955.87,9614.37,56690
INV-EU-2024-00451,WO-2024-CS-00451,2024-02-02,Netherlands,Taiwan,TW2066314655,P-CS-BS-003,底盤懸吊臂襯套軸套,73269098,34005,9249.58,9929.68,31541
INV-EU-2024-00461,WO-2024-CS-00461,2024-02-02,France,Taiwan,TW2066982719,P-CS-BS-003,底盤懸吊臂襯套軸套,73269098,26097,7098.56,7620.5,56078
INV-EU-2024-00462,WO-2024-M12-00462,2024-02-02,Spain,Taiwan,TW2066322035,P-M12-EH-001,高強度引擎汽缸頭螺栓 M12,73181595,44542,2839.56,3062.27,9398
INV-EU-2024-00362,WO-2024-M10-00362,2024-02-03,Netherlands,Taiwan,TW2066681401,P-M10-BN-002,電動車電池模組固定螺母 M10,73181699,23508,399.65,419.63,2621
INV-EU-2024-00369,WO-2024-M12-00369,2024-02-03,Spain,Taiwan,TW2066760876,P-M12-EH-001,高強度引擎汽缸頭螺栓 M12,73181595,14888,949.13,1023.57,4261
INV-EU-2024-00377,WO-2024-M10-00377,2024-02-03,Germany,Taiwan,TW2066540263,P-M10-BN-002,電動車電池模組固定螺母 M10,73181699,27809,472.76,496.4,2193
INV-EU-2024-00386,WO-2024-CS-00386,2024-02-03,Spain,Taiwan,TW2066750379,P-CS-BS-003,底盤懸吊臂襯套軸套,73269098,34780,9460.23,10155.83,71897
INV-EU-2024-00412,WO-2024-CS-00412,2024-02-03,Spain,Taiwan,TW2066109540,P-CS-BS-003,底盤懸吊臂襯套軸套,73269098,12928,3516.64,3775.2,18251
INV-EU-2024-00416,WO-2024-M12-00416,2024-02-03,Netherlands,Taiwan,TW2066790021,P-M12-EH-001,高強度引擎汽缸頭螺栓 M12,73181595,13335,850.11,916.78,3885
INV-EU-2024-00418,WO-2024-M10-00418,2024-02-03,Germany,Taiwan,TW2066457411,P-M10-BN-002,電動車電池模組固定螺母 M10,73181699,44564,757.59,795.47,5984
INV-EU-2024-00426,WO-2024-M12-00426,2024-02-03,Netherlands,Taiwan,TW2066730076,P-M12-EH-001,高強度引擎汽缸頭螺栓 M12,73181595,17271,1101.06,1187.41,4448
INV-EU-2024-00433,WO-2024-M12-00433,2024-02-03,France,Taiwan,TW2066956209,P-M12-EH-001,高強度引擎汽缸頭螺栓 M12,73181595,10336,658.93,710.61,3696
INV-EU-2024-00452,WO-2024-M12-00452,2024-02-03,Germany,Taiwan,TW2066100435,P-M12-EH-001,高強度引擎汽缸頭螺栓 M12,73181595,16887,1076.55,1160.98,7062
INV-EU-2024-00469,WO-2024-CS-00469,2024-02-03,Spain,Taiwan,TW2066704269,P-CS-BS-003,底盤懸吊臂襯套軸套,73269098,49163,13372.37,14355.63,62983
INV-EU-2024-00473,WO-2024-CS-00473,2024-02-03,Italy,Taiwan,TW2066550797,P-CS-BS-003,底盤懸吊臂襯套軸套,73269098,15496,4214.93,4524.85,20020
INV-EU-2024-00475,WO-2024-M10-00475,2024-02-03,Netherlands,Taiwan,TW2066458676,P-M10-BN-002,電動車電池模組固定螺母 M10,73181699,38348,651.92,684.52,2372
INV-EU-2024-00478,WO-2024-CS-00478,2024-02-03,Netherlands,Taiwan,TW2066251987,P-CS-BS-003,底盤懸吊臂襯套軸套,73269098,20994,5710.51,6130.39,43685
INV-EU-2024-00494,WO-2024-CS-00494,2024-02-03,France,Taiwan,TW2066499635,P-CS-BS-003,底盤懸吊臂襯套軸套,73269098,16360,4449.99,4777.19,15352
INV-EU-2024-00385,WO-2024-CS-00385,2024-02-04,France,Taiwan,TW2066641099,P-CS-BS-003,底盤懸吊臂襯套軸套,73269098,44972,12232.63,13132.07,71805
INV-EU-2024-00399,WO-2024-M10-00399,2024-02-04,Germany,Taiwan,TW2066413341,P-M10-BN-002,電動車電池模組固定螺母 M10,73181699,42861,728.64,765.07,2783
INV-EU-2024-00400,WO-2024-M10-00400,2024-02-04,Spain,Taiwan,TW2066430885,P-M10-BN-002,電動車電池模組固定螺母 M10,73181699,16737,284.54,298.77,2048
INV-EU-2024-00408,WO-2024-M12-00408,2024-02-04,Spain,Taiwan,TW2066147518,P-M12-EH-001,高強度引擎汽缸頭螺栓 M12,73181595,31858,2030.97,2190.26,11190
INV-EU-2024-00410,WO-2024-M10-00410,2024-02-04,Germany,Taiwan,TW2066358010,P-M10-BN-002,電動車電池模組固定螺母 M10,73181699,34737,590.53,620.06,1995
INV-EU-2024-00411,WO-2024-M12-00411,2024-02-04,Germany,Taiwan,TW2066650093,P-M12-EH-001,高強度引擎汽缸頭螺栓 M12,73181595,24369,1553.58,1675.42,11247
INV-EU-2024-00413,WO-2024-M10-00413,2024-02-04,Italy,Taiwan,TW2066841956,P-M10-BN-002,電動車電池模組固定螺母 M10,73181699,24142,410.43,430.95,1502
INV-EU-2024-00417,WO-2024-CS-00417,2024-02-04,Italy,Taiwan,TW2066397166,P-CS-BS-003,底盤懸吊臂襯套軸套,73269098,39422,10722.95,11511.39,43856
INV-EU-2024-00422,WO-2024-M10-00422,2024-02-04,Spain,Taiwan,TW2066157286,P-M10-BN-002,電動車電池模組固定螺母 M10,73181699,30870,524.8,551.04,4140
INV-EU-2024-00425,WO-2024-M10-00425,2024-02-04,France,Taiwan,TW2066295356,P-M10-BN-002,電動車電池模組固定螺母 M10,73181699,21388,363.61,381.79,1930
INV-EU-2024-00428,WO-2024-CS-00428,2024-02-04,Germany,Taiwan,TW2066639703,P-CS-BS-003,底盤懸吊臂襯套軸套,73269098,44200,12022.45,12906.45,65161
INV-EU-2024-00431,WO-2024-M12-00431,2024-02-04,Italy,Taiwan,TW2066783417,P-M12-EH-001,高強度引擎汽缸頭螺栓 M12,73181595,10465,667.15,719.48,2168
INV-EU-2024-00436,WO-2024-M10-00436,2024-02-04,Italy,Taiwan,TW2066163289,P-M10-BN-002,電動車電池模組固定螺母 M10,73181699,24465,415.92,436.72,2004
INV-EU-2024-00447,WO-2024-M12-00447,2024-02-04,Spain,Taiwan,TW2066722271,P-M12-EH-001,高強度引擎汽缸頭螺栓 M12,73181595,38833,2475.66,2669.82,12205
INV-EU-2024-00456,WO-2024-CS-00456,2024-02-04,Spain,Taiwan,TW2066373311,P-CS-BS-003,底盤懸吊臂襯套軸套,73269098,21700,5902.64,6336.64,26738
INV-EU-2024-00466,WO-2024-M10-00466,2024-02-04,Spain,Taiwan,TW2066586202,P-M10-BN-002,電動車電池模組固定螺母 M10,73181699,38432,653.35,686.02,2815
INV-EU-2024-00468,WO-2024-M12-00468,2024-02-04,Germany,Taiwan,TW2066958977,P-M12-EH-001,高強度引擎汽缸頭螺栓 M12,73181595,31912,2034.39,2193.95,15196
INV-EU-2024-00480,WO-2024-CS-00480,2024-02-04,Germany,Taiwan,TW2066336248,P-CS-BS-003,底盤懸吊臂襯套軸套,73269098,29526,8031.14,8621.66,29474
INV-EU-2024-00484,WO-2024-CS-00484,2024-02-04,Germany,Taiwan,TW2066792154,P-CS-BS-003,底盤懸吊臂襯套軸套,73269098,15340,4172.53,4479.33,22364
INV-EU-2024-00487,WO-2024-M10-00487,2024-02-04,Spain,Taiwan,TW2066898915,P-M10-BN-002,電動車電池模組固定螺母 M10,73181699,12313,209.33,219.8,1513
INV-EU-2024-00493,WO-2024-CS-00493,2024-02-04,Spain,Taiwan,TW2066164609,P-CS-BS-003,底盤懸吊臂襯套軸套,73269098,27929,7596.78,8155.36,42010
INV-EU-2024-00497,WO-2024-M10-00497,2024-02-04,Spain,Taiwan,TW2066402298,P-M10-BN-002,電動車電池模組固定螺母 M10,73181699,39127,665.16,698.42,2321
INV-EU-2024-00500,WO-2024-M10-00500,2024-02-04,Spain,Taiwan,TW2066953850,P-M10-BN-002,電動車電池模組固定螺母 M10,73181699,42916,729.58,766.06,4866
INV-EU-2024-00502,WO-2024-CS-00502,2024-02-04,France,Taiwan,TW2066900570,P-CS-BS-003,底盤懸吊臂襯套軸套,73269098,40307,10963.68,11769.82,66330
INV-EU-2024-00401,WO-2024-M10-00401,2024-02-05,Italy,Taiwan,TW2066198973,P-M10-BN-002,電動車電池模組固定螺母 M10,73181699,12085,205.45,215.72,725
INV-EU-2024-00402,WO-2024-M12-00402,2024-02-05,Netherlands,Taiwan,TW2066274709,P-M12-EH-001,高強度引擎汽缸頭螺栓 M12,73181595,49405,3149.62,3396.64,23370
INV-EU-2024-00403,WO-2024-CS-00403,2024-02-05,Germany,Taiwan,TW2066410448,P-CS-BS-003,底盤懸吊臂襯套軸套,73269098,10731,2919.01,3133.63,11063
INV-EU-2024-00421,WO-2024-M12-00421,2024-02-05,Netherlands,Taiwan,TW2066286042,P-M12-EH-001,高強度引擎汽缸頭螺栓 M12,73181595,33757,2152.06,2320.84,16678
INV-EU-2024-00424,WO-2024-CS-00424,2024-02-05,Spain,Taiwan,TW2066452373,P-CS-BS-003,底盤懸吊臂襯套軸套,73269098,40069,10898.88,11700.26,41197
INV-EU-2024-00430,WO-2024-M10-00430,2024-02-05,Netherlands,Taiwan,TW2066467167,P-M10-BN-002,電動車電池模組固定螺母 M10,73181699,21772,370.14,388.65,2235
INV-EU-2024-00444,WO-2024-M10-00444,2024-02-05,France,Taiwan,TW2066329433,P-M10-BN-002,電動車電池模組固定螺母 M10,73181699,38381,652.49,685.11,4704
INV-EU-2024-00450,WO-2024-M10-00450,2024-02-05,Italy,Taiwan,TW2066248176,P-M10-BN-002,電動車電池模組固定螺母 M10,73181699,23859,405.61,425.89,2823
INV-EU-2024-00455,WO-2024-CS-00455,2024-02-05,Germany,Taiwan,TW2066100341,P-CS-BS-003,底盤懸吊臂襯套軸套,73269098,39470,10735.9,11525.3,59369
INV-EU-2024-00457,WO-2024-M12-00457,2024-02-05,France,Taiwan,TW2066414000,P-M12-EH-001,高強度引擎汽缸頭螺栓 M12,73181595,36007,2295.46,2475.49,13818
INV-EU-2024-00460,WO-2024-CS-00460,2024-02-05,Spain,Taiwan,TW2066549862,P-CS-BS-003,底盤懸吊臂襯套軸套,73269098,34871,9485.11,10182.53,75406
INV-EU-2024-00477,WO-2024-M12-00477,2024-02-05,Spain,Taiwan,TW2066313996,P-M12-EH-001,高強度引擎汽缸頭螺栓 M12,73181595,27794,1771.89,1910.86,11676
INV-EU-2024-00482,WO-2024-M10-00482,2024-02-05,Spain,Taiwan,TW2066622473,P-M10-BN-002,電動車電池模組固定螺母 M10,73181699,20320,345.44,362.71,1540
INV-EU-2024-00489,WO-2024-CS-00489,2024-02-05,Spain,Taiwan,TW2066873178,P-CS-BS-003,底盤懸吊臂襯套軸套,73269098,40993,11150.12,11969.98,47165
INV-EU-2024-00496,WO-2024-M12-00496,2024-02-05,Italy,Taiwan,TW2066275645,P-M12-EH-001,高強度引擎汽缸頭螺栓 M12,73181595,12330,786.06,847.71,3214
INV-EU-2024-00508,WO-2024-M10-00508,2024-02-05,Germany,Taiwan,TW2066689170,P-M10-BN-002,電動車電池模組固定螺母 M10,73181699,49455,840.74,882.78,5960
INV-EU-2024-00524,WO-2024-CS-00524,2024-02-05,Spain,Taiwan,TW2066767095,P-CS-BS-003,底盤懸吊臂襯套軸套,73269098,45410,12351.72,13259.92,92637
INV-EU-2024-00527,WO-2024-M10-00527,2024-02-05,Netherlands,Taiwan,TW2066734259,P-M10-BN-002,電動車電池模組固定螺母 M10,73181699,18333,311.67,327.25,1698
INV-EU-2024-00539,WO-2024-M10-00539,2024-02-05,Spain,Taiwan,TW2066928442,P-M10-BN-002,電動車電池模組固定螺母 M10,73181699,14349,243.95,256.15,1612
INV-EU-2024-00541,WO-2024-CS-00541,2024-02-05,Germany,Taiwan,TW2066209509,P-CS-BS-003,底盤懸吊臂襯套軸套,73269098,41819,11374.86,12211.24,59376
INV-EU-2024-00542,WO-2024-M10-00542,2024-02-05,Italy,Taiwan,TW2066461566,P-M10-BN-002,電動車電池模組固定螺母 M10,73181699,44102,749.74,787.23,5435
INV-EU-2024-00432,WO-2024-M12-00432,2024-02-06,Italy,Taiwan,TW2066757204,P-M12-EH-001,高強度引擎汽缸頭螺栓 M12,73181595,22713,1448.01,1561.58,6125
INV-EU-2024-00437,WO-2024-CS-00437,2024-02-06,Netherlands,Taiwan,TW2066266615,P-CS-BS-003,底盤懸吊臂襯套軸套,73269098,34912,9496.18,10194.42,54792
INV-EU-2024-00438,WO-2024-CS-00438,2024-02-06,Italy,Taiwan,TW2066989447,P-CS-BS-003,底盤懸吊臂襯套軸套,73269098,15400,4189,4497,24589
INV-EU-2024-00440,WO-2024-M12-00440,2024-02-06,Netherlands,Taiwan,TW2066217000,P-M12-EH-001,高強度引擎汽缸頭螺栓 M12,73181595,28564,1820.99,1963.81,11271
INV-EU-2024-00445,WO-2024-M12-00445,2024-02-06,Germany,Taiwan,TW2066621163,P-M12-EH-001,高強度引擎汽缸頭螺栓 M12,73181595,10990,700.65,755.6,2214
INV-EU-2024-00448,WO-2024-CS-00448,2024-02-06,Germany,Taiwan,TW2066110499,P-CS-BS-003,底盤懸吊臂襯套軸套,73269098,15787,4294.1,4609.84,28469
INV-EU-2024-00458,WO-2024-M10-00458,2024-02-06,Netherlands,Taiwan,TW2066681020,P-M10-BN-002,電動車電池模組固定螺母 M10,73181699,25600,435.21,456.97,1810
INV-EU-2024-00464,WO-2024-M12-00464,2024-02-06,Netherlands,Taiwan,TW2066685459,P-M12-EH-001,高強度引擎汽缸頭螺栓 M12,73181595,32754,2088.11,2251.88,7120
INV-EU-2024-00467,WO-2024-M12-00467,2024-02-06,Netherlands,Taiwan,TW2066260265,P-M12-EH-001,高強度引擎汽缸頭螺栓 M12,73181595,42783,2727.46,2941.38,17973
INV-EU-2024-00481,WO-2024-M12-00481,2024-02-06,Italy,Taiwan,TW2066816717,P-M12-EH-001,高強度引擎汽缸頭螺栓 M12,73181595,27233,1736.15,1872.32,8246
INV-EU-2024-00488,WO-2024-M10-00488,2024-02-06,Netherlands,Taiwan,TW2066726644,P-M10-BN-002,電動車電池模組固定螺母 M10,73181699,24482,416.2,437.01,1852
INV-EU-2024-00490,WO-2024-M10-00490,2024-02-06,Germany,Taiwan,TW2066296744,P-M10-BN-002,電動車電池模組固定螺母 M10,73181699,41475,705.08,740.33,2644
INV-EU-2024-00505,WO-2024-CS-00505,2024-02-06,Italy,Taiwan,TW2066557311,P-CS-BS-003,底盤懸吊臂襯套軸套,73269098,43596,11858.14,12730.06,89884
INV-EU-2024-00518,WO-2024-M12-00518,2024-02-06,Italy,Taiwan,TW2066137206,P-M12-EH-001,高強度引擎汽缸頭螺栓 M12,73181595,19936,1270.94,1370.62,7371
INV-EU-2024-00521,WO-2024-M10-00521,2024-02-06,Spain,Taiwan,TW2066210391,P-M10-BN-002,電動車電池模組固定螺母 M10,73181699,34475,586.08,615.38,3651
INV-EU-2024-00551,WO-2024-M12-00551,2024-02-06,Netherlands,Taiwan,TW2066762325,P-M12-EH-001,高強度引擎汽缸頭螺栓 M12,73181595,33020,2105.05,2270.15,8293
INV-EU-2024-00563,WO-2024-M12-00563,2024-02-06,Spain,Taiwan,TW2066831562,P-M12-EH-001,高強度引擎汽缸頭螺栓 M12,73181595,31291,1994.85,2151.3,9615
INV-EU-2024-00442,WO-2024-M12-00442,2024-02-07,Italy,Taiwan,TW2066306362,P-M12-EH-001,高強度引擎汽缸頭螺栓 M12,73181595,14834,945.73,1019.9,4095
INV-EU-2024-00453,WO-2024-CS-00453,2024-02-07,Germany,Taiwan,TW2066623749,P-CS-BS-003,底盤懸吊臂襯套軸套,73269098,21488,5844.84,6274.6,40680
INV-EU-2024-00454,WO-2024-M12-00454,2024-02-07,Netherlands,Taiwan,TW2066970573,P-M12-EH-001,高強度引擎汽缸頭螺栓 M12,73181595,42383,2701.93,2913.84,14266
INV-EU-2024-00470,WO-2024-M10-00470,2024-02-07,Spain,Taiwan,TW2066551059,P-M10-BN-002,電動車電池模組固定螺母 M10,73181699,41375,703.39,738.56,5598
INV-EU-2024-00474,WO-2024-M10-00474,2024-02-07,Netherlands,Taiwan,TW2066237742,P-M10-BN-002,電動車電池模組固定螺母 M10,73181699,14072,239.23,251.19,966
INV-EU-2024-00479,WO-2024-CS-00479,2024-02-07,France,Taiwan,TW2066563713,P-CS-BS-003,底盤懸吊臂襯套軸套,73269098,25695,6989.21,7503.11,29983
INV-EU-2024-00483,WO-2024-M12-00483,2024-02-07,Netherlands,Taiwan,TW2066475311,P-M12-EH-001,高強度引擎汽缸頭螺栓 M12,73181595,16259,1036.54,1117.84,4436
INV-EU-2024-00491,WO-2024-M10-00491,2024-02-07,Italy,Taiwan,TW2066212845,P-M10-BN-002,電動車電池模組固定螺母 M10,73181699,38119,648.04,680.44,2896
INV-EU-2024-00492,WO-2024-M10-00492,2024-02-07,Italy,Taiwan,TW2066156800,P-M10-BN-002,電動車電池模組固定螺母 M10,73181699,17822,302.98,318.13,1636
INV-EU-2024-00503,WO-2024-CS-00503,2024-02-07,Germany,Taiwan,TW2066292519,P-CS-BS-003,底盤懸吊臂襯套軸套,73269098,24678,6712.53,7206.09,21480
INV-EU-2024-00507,WO-2024-M10-00507,2024-02-07,France,Taiwan,TW2066771739,P-M10-BN-002,電動車電池模組固定螺母 M10,73181699,20732,352.45,370.07,1092
INV-EU-2024-00511,WO-2024-CS-00511,2024-02-07,Germany,Taiwan,TW2066435439,P-CS-BS-003,底盤懸吊臂襯套軸套,73269098,37764,10271.83,11027.11,50742
INV-EU-2024-00513,WO-2024-M10-00513,2024-02-07,France,Taiwan,TW2066817985,P-M10-BN-002,電動車電池模組固定螺母 M10,73181699,18990,322.84,338.98,2033
INV-EU-2024-00522,WO-2024-CS-00522,2024-02-07,Spain,Taiwan,TW2066256035,P-CS-BS-003,底盤懸吊臂襯套軸套,73269098,11204,3047.66,3271.74,15146
INV-EU-2024-00532,WO-2024-CS-00532,2024-02-07,Spain,Taiwan,TW2066350237,P-CS-BS-003,底盤懸吊臂襯套軸套,73269098,19227,5229.9,5614.44,38439
INV-EU-2024-00544,WO-2024-M12-00544,2024-02-07,Germany,Taiwan,TW2066109038,P-M12-EH-001,高強度引擎汽缸頭螺栓 M12,73181595,31557,2011.79,2169.57,9435
INV-EU-2024-00559,WO-2024-M12-00559,2024-02-07,Spain,Taiwan,TW2066672455,P-M12-EH-001,高強度引擎汽缸頭螺栓 M12,73181595,36568,2331.23,2514.07,12961
INV-EU-2024-00588,WO-2024-M12-00588,2024-02-07,France,Taiwan,TW2066943842,P-M12-EH-001,高強度引擎汽缸頭螺栓 M12,73181595,26233,1672.39,1803.56,12793
INV-EU-2024-00463,WO-2024-M12-00463,2024-02-08,Italy,Taiwan,TW2066729829,P-M12-EH-001,高強度引擎汽缸頭螺栓 M12,73181595,25297,1612.7,1739.18,6853
INV-EU-2024-00471,WO-2024-M10-00471,2024-02-08,Netherlands,Taiwan,TW2066559826,P-M10-BN-002,電動車電池模組固定螺母 M10,73181699,15746,267.69,281.07,1571
INV-EU-2024-00472,WO-2024-M10-00472,2024-02-08,Italy,Taiwan,TW2066572892,P-M10-BN-002,電動車電池模組固定螺母 M10,73181699,11134,189.28,198.74,1465
INV-EU-2024-00476,WO-2024-M12-00476,2024-02-08,Germany,Taiwan,TW2066830292,P-M12-EH-001,高強度引擎汽缸頭螺栓 M12,73181595,47849,3050.4,3289.64,19339
INV-EU-2024-00498,WO-2024-M12-00498,2024-02-08,Germany,Taiwan,TW2066265179,P-M12-EH-001,高強度引擎汽缸頭螺栓 M12,73181595,19152,1220.99,1316.75,8913
INV-EU-2024-00499,WO-2024-M10-00499,2024-02-08,Spain,Taiwan,TW2066769212,P-M10-BN-002,電動車電池模組固定螺母 M10,73181699,41921,712.66,748.29,2472
INV-EU-2024-00506,WO-2024-CS-00506,2024-02-08,Netherlands,Taiwan,TW2066849676,P-CS-BS-003,底盤懸吊臂襯套軸套,73269098,19542,5315.59,5706.43,25780
INV-EU-2024-00512,WO-2024-CS-00512,2024-02-08,Spain,Taiwan,TW2066494961,P-CS-BS-003,底盤懸吊臂襯套軸套,73269098,25328,6889.22,7395.78,47397
INV-EU-2024-00515,WO-2024-CS-00515,2024-02-08,Spain,Taiwan,TW2066644173,P-CS-BS-003,底盤懸吊臂襯套軸套,73269098,31989,8701.14,9340.92,58384
INV-EU-2024-00523,WO-2024-M10-00523,2024-02-08,Italy,Taiwan,TW2066270043,P-M10-BN-002,電動車電池模組固定螺母 M10,73181699,45437,772.44,811.06,4348
INV-EU-2024-00528,WO-2024-M12-00528,2024-02-08,Germany,Taiwan,TW2066569958,P-M12-EH-001,高強度引擎汽缸頭螺栓 M12,73181595,14970,954.34,1029.19,6670
INV-EU-2024-00531,WO-2024-M12-00531,2024-02-08,Germany,Taiwan,TW2066661862,P-M12-EH-001,高強度引擎汽缸頭螺栓 M12,73181595,20109,1282,1382.55,6768
INV-EU-2024-00540,WO-2024-CS-00540,2024-02-08,France,Taiwan,TW2066449094,P-CS-BS-003,底盤懸吊臂襯套軸套,73269098,13721,3732.22,4006.64,21534
INV-EU-2024-00545,WO-2024-M12-00545,2024-02-08,France,Taiwan,TW2066700794,P-M12-EH-001,高強度引擎汽缸頭螺栓 M12,73181595,19851,1265.54,1364.8,6821
INV-EU-2024-00546,WO-2024-M12-00546,2024-02-08,France,Taiwan,TW2066471190,P-M12-EH-001,高強度引擎汽缸頭螺栓 M12,73181595,15314,976.28,1052.85,7292
INV-EU-2024-00564,WO-2024-M10-00564,2024-02-08,France,Taiwan,TW2066359218,P-M10-BN-002,電動車電池模組固定螺母 M10,73181699,37347,634.9,666.64,4577
INV-EU-2024-00572,WO-2024-M12-00572,2024-02-08,France,Taiwan,TW2066569531,P-M12-EH-001,高強度引擎汽缸頭螺栓 M12,73181595,42403,2703.25,2915.26,9028
INV-EU-2024-00584,WO-2024-M10-00584,2024-02-08,Italy,Taiwan,TW2066297787,P-M10-BN-002,電動車電池模組固定螺母 M10,73181699,14072,239.23,251.19,1870
INV-EU-2024-00585,WO-2024-M10-00585,2024-02-08,Netherlands,Taiwan,TW2066962857,P-M10-BN-002,電動車電池模組固定螺母 M10,73181699,22485,382.25,401.36,1666
INV-EU-2024-00603,WO-2024-M10-00603,2024-02-08,Netherlands,Taiwan,TW2066245363,P-M10-BN-002,電動車電池模組固定螺母 M10,73181699,18629,316.7,332.53,2473
INV-EU-2024-00604,WO-2024-M10-00604,2024-02-08,Netherlands,Taiwan,TW2066170935,P-M10-BN-002,電動車電池模組固定螺母 M10,73181699,23002,391.04,410.59,1716
INV-EU-2024-00607,WO-2024-M10-00607,2024-02-08,France,Taiwan,TW2066178909,P-M10-BN-002,電動車電池模組固定螺母 M10,73181699,26451,449.68,472.16,2689
INV-EU-2024-00485,WO-2024-CS-00485,2024-02-09,France,Taiwan,TW2066657346,P-CS-BS-003,底盤懸吊臂襯套軸套,73269098,11082,3014.36,3236,14890
INV-EU-2024-00486,WO-2024-CS-00486,2024-02-09,Spain,Taiwan,TW2066194897,P-CS-BS-003,底盤懸吊臂襯套軸套,73269098,30238,8224.86,8829.62,60617
INV-EU-2024-00495,WO-2024-M12-00495,2024-02-09,Germany,Taiwan,TW2066293685,P-M12-EH-001,高強度引擎汽缸頭螺栓 M12,73181595,25550,1628.87,1756.62,7639
INV-EU-2024-00501,WO-2024-CS-00501,2024-02-09,France,Taiwan,TW2066753192,P-CS-BS-003,底盤懸吊臂襯套軸套,73269098,30977,8425.87,9045.41,60919
INV-EU-2024-00504,WO-2024-M10-00504,2024-02-09,France,Taiwan,TW2066718520,P-M10-BN-002,電動車電池模組固定螺母 M10,73181699,40584,689.94,724.44,3118
INV-EU-2024-00516,WO-2024-M12-00516,2024-02-09,Italy,Taiwan,TW2066264268,P-M12-EH-001,高強度引擎汽缸頭螺栓 M12,73181595,30364,1935.73,2087.55,12117
INV-EU-2024-00525,WO-2024-M12-00525,2024-02-09,France,Taiwan,TW2066793632,P-M12-EH-001,高強度引擎汽缸頭螺栓 M12,73181595,46892,2989.39,3223.85,8998
INV-EU-2024-00529,WO-2024-M12-00529,2024-02-09,Spain,Taiwan,TW2066372161,P-M12-EH-001,高強度引擎汽缸頭螺栓 M12,73181595,43638,2781.95,3000.14,19640
INV-EU-2024-00534,WO-2024-M12-00534,2024-02-09,France,Taiwan,TW2066101127,P-M12-EH-001,高強度引擎汽缸頭螺栓 M12,73181595,29989,1911.8,2061.74,14070
INV-EU-2024-00535,WO-2024-M10-00535,2024-02-09,Spain,Taiwan,TW2066541482,P-M10-BN-002,電動車電池模組固定螺母 M10,73181699,19034,323.59,339.77,1420
INV-EU-2024-00567,WO-2024-M12-00567,2024-02-09,Spain,Taiwan,TW2066423555,P-M12-EH-001,高強度引擎汽缸頭螺栓 M12,73181595,33355,2126.42,2293.2,12418
INV-EU-2024-00571,WO-2024-M10-00571,2024-02-09,France,Taiwan,TW2066911094,P-M10-BN-002,電動車電池模組固定螺母 M10,73181699,43011,731.19,767.75,2778
INV-EU-2024-00580,WO-2024-CS-00580,2024-02-09,Netherlands,Taiwan,TW2066232805,P-CS-BS-003,底盤懸吊臂襯套軸套,73269098,45512,12379.52,13289.76,42833
INV-EU-2024-00595,WO-2024-CS-00595,2024-02-09,Spain,Taiwan,TW2066440249,P-CS-BS-003,底盤懸吊臂襯套軸套,73269098,17951,4882.74,5241.76,19091
INV-EU-2024-00599,WO-2024-M12-00599,2024-02-09,Spain,Taiwan,TW2066287769,P-M12-EH-001,高強度引擎汽缸頭螺栓 M12,73181595,32602,2078.38,2241.39,13675
INV-EU-2024-00606,WO-2024-M12-00606,2024-02-09,Italy,Taiwan,TW2066338045,P-M12-EH-001,高強度引擎汽缸頭螺栓 M12,73181595,47683,3039.8,3278.22,17630
INV-EU-2024-00609,WO-2024-M10-00609,2024-02-09,Germany,Taiwan,TW2066835875,P-M10-BN-002,電動車電池模組固定螺母 M10,73181699,40796,693.54,728.22,4161
INV-EU-2024-00620,WO-2024-M12-00620,2024-02-09,Spain,Taiwan,TW2066264526,P-M12-EH-001,高強度引擎汽缸頭螺栓 M12,73181595,15556,991.7,1069.48,7834
INV-EU-2024-00624,WO-2024-M10-00624,2024-02-09,Netherlands,Taiwan,TW2066525454,P-M10-BN-002,電動車電池模組固定螺母 M10,73181699,46433,789.37,828.84,4499
INV-EU-2024-00628,WO-2024-M10-00628,2024-02-09,Spain,Taiwan,TW2066403767,P-M10-BN-002,電動車電池模組固定螺母 M10,73181699,49504,841.58,883.66,5360
INV-EU-2024-00509,WO-2024-CS-00509,2024-02-10,Netherlands,Taiwan,TW2066988140,P-CS-BS-003,底盤懸吊臂襯套軸套,73269098,29872,8125.44,8722.88,47696
INV-EU-2024-00510,WO-2024-CS-00510,2024-02-10,Spain,Taiwan,TW2066941241,P-CS-BS-003,底盤懸吊臂襯套軸套,73269098,44412,12080.25,12968.49,49408
INV-EU-2024-00533,WO-2024-M10-00533,2024-02-10,France,Taiwan,TW2066963366,P-M10-BN-002,電動車電池模組固定螺母 M10,73181699,42867,728.74,765.18,2536
INV-EU-2024-00538,WO-2024-M12-00538,2024-02-10,Italy,Taiwan,TW2066377692,P-M12-EH-001,高強度引擎汽缸頭螺栓 M12,73181595,19222,1225.43,1321.54,4007
INV-EU-2024-00543,WO-2024-M12-00543,2024-02-10,Germany,Taiwan,TW2066451651,P-M12-EH-001,高強度引擎汽缸頭螺栓 M12,73181595,40121,2557.77,2758.38,8977
INV-EU-2024-00548,WO-2024-CS-00548,2024-02-10,Germany,Taiwan,TW2066547711,P-CS-BS-003,底盤懸吊臂襯套軸套,73269098,19264,5239.92,5625.2,36365
INV-EU-2024-00552,WO-2024-M10-00552,2024-02-10,France,Taiwan,TW2066857319,P-M10-BN-002,電動車電池模組固定螺母 M10,73181699,24727,420.37,441.39,2337
INV-EU-2024-00554,WO-2024-M12-00554,2024-02-10,Italy,Taiwan,TW2066202242,P-M12-EH-001,高強度引擎汽缸頭螺栓 M12,73181595,46589,2970.09,3203.04,16454
INV-EU-2024-00560,WO-2024-CS-00560,2024-02-10,Germany,Taiwan,TW2066514703,P-CS-BS-003,底盤懸吊臂襯套軸套,73269098,20780,5652.43,6068.03,37701
INV-EU-2024-00562,WO-2024-M12-00562,2024-02-10,Italy,Taiwan,TW2066354948,P-M12-EH-001,高強度引擎汽缸頭螺栓 M12,73181595,48000,3060.04,3300.04,21236
INV-EU-2024-00569,WO-2024-M12-00569,2024-02-10,Spain,Taiwan,TW2066506118,P-M12-EH-001,高強度引擎汽缸頭螺栓 M12,73181595,12526,798.55,861.18,2419
INV-EU-2024-00570,WO-2024-M10-00570,2024-02-10,Spain,Taiwan,TW2066831656,P-M10-BN-002,電動車電池模組固定螺母 M10,73181699,47145,801.47,841.54,5794
INV-EU-2024-00573,WO-2024-CS-00573,2024-02-10,Netherlands,Taiwan,TW2066897119,P-CS-BS-003,底盤懸吊臂襯套軸套,73269098,24670,6710.35,7203.75,25499
INV-EU-2024-00576,WO-2024-M12-00576,2024-02-10,Netherlands,Taiwan,TW2066644043,P-M12-EH-001,高強度引擎汽缸頭螺栓 M12,73181595,19464,1240.85,1338.17,8971
INV-EU-2024-00581,WO-2024-M12-00581,2024-02-10,Germany,Taiwan,TW2066564961,P-M12-EH-001,高強度引擎汽缸頭螺栓 M12,73181595,19387,1235.94,1332.88,8997
INV-EU-2024-00583,WO-2024-CS-00583,2024-02-10,Italy,Taiwan,TW2066353984,P-CS-BS-003,底盤懸吊臂襯套軸套,73269098,17381,4727.7,5075.32,32573
INV-EU-2024-00591,WO-2024-CS-00591,2024-02-10,Italy,Taiwan,TW2066369046,P-CS-BS-003,底盤懸吊臂襯套軸套,73269098,30933,8413.95,9032.61,37189
INV-EU-2024-00598,WO-2024-M12-00598,2024-02-10,Netherlands,Taiwan,TW2066988232,P-M12-EH-001,高強度引擎汽缸頭螺栓 M12,73181595,41709,2658.99,2867.53,16804
INV-EU-2024-00600,WO-2024-M12-00600,2024-02-10,France,Taiwan,TW2066788713,P-M12-EH-001,高強度引擎汽缸頭螺栓 M12,73181595,37995,2422.22,2612.19,18239
INV-EU-2024-00605,WO-2024-M10-00605,2024-02-10,Italy,Taiwan,TW2066576303,P-M10-BN-002,電動車電池模組固定螺母 M10,73181699,33429,568.31,596.73,4160
INV-EU-2024-00608,WO-2024-M12-00608,2024-02-10,Germany,Taiwan,TW2066603880,P-M12-EH-001,高強度引擎汽缸頭螺栓 M12,73181595,31943,2036.38,2196.1,12116
INV-EU-2024-00611,WO-2024-CS-00611,2024-02-10,France,Taiwan,TW2066235804,P-CS-BS-003,底盤懸吊臂襯套軸套,73269098,13056,3551.45,3812.57,26138
INV-EU-2024-00622,WO-2024-M10-00622,2024-02-10,Netherlands,Taiwan,TW2066637208,P-M10-BN-002,電動車電池模組固定螺母 M10,73181699,45677,776.51,815.34,4915
INV-EU-2024-00632,WO-2024-CS-00632,2024-02-10,Italy,Taiwan,TW2066580758,P-CS-BS-003,底盤懸吊臂襯套軸套,73269098,24629,6699.29,7191.87,34836
INV-EU-2024-00640,WO-2024-M12-00640,2024-02-10,Italy,Taiwan,TW2066662393,P-M12-EH-001,高強度引擎汽缸頭螺栓 M12,73181595,26295,1676.36,1807.83,11198
INV-EU-2024-00514,WO-2024-CS-00514,2024-02-11,Netherlands,Taiwan,TW2066812767,P-CS-BS-003,底盤懸吊臂襯套軸套,73269098,19817,5390.42,5786.76,22801
INV-EU-2024-00517,WO-2024-M12-00517,2024-02-11,Germany,Taiwan,TW2066913288,P-M12-EH-001,高強度引擎汽缸頭螺栓 M12,73181595,11137,710.01,765.69,4813
INV-EU-2024-00519,WO-2024-CS-00519,2024-02-11,France,Taiwan,TW2066527430,P-CS-BS-003,底盤懸吊臂襯套軸套,73269098,37379,10167.32,10914.9,66697
INV-EU-2024-00520,WO-2024-M10-00520,2024-02-11,Netherlands,Taiwan,TW2066805303,P-M10-BN-002,電動車電池模組固定螺母 M10,73181699,47367,805.25,845.51,6119
INV-EU-2024-00526,WO-2024-M10-00526,2024-02-11,Germany,Taiwan,TW2066323551,P-M10-BN-002,電動車電池模組固定螺母 M10,73181699,17393,295.69,310.47,1821
INV-EU-2024-00530,WO-2024-M12-00530,2024-02-11,Germany,Taiwan,TW2066430689,P-M12-EH-001,高強度引擎汽缸頭螺栓 M12,73181595,44498,2836.8,3059.29,15687
INV-EU-2024-00547,WO-2024-M12-00547,2024-02-11,France,Taiwan,TW2066775081,P-M12-EH-001,高強度引擎汽缸頭螺栓 M12,73181595,18367,1170.95,1262.79,8828
INV-EU-2024-00555,WO-2024-CS-00555,2024-02-11,Spain,Taiwan,TW2066803104,P-CS-BS-003,底盤懸吊臂襯套軸套,73269098,11297,3073.01,3298.95,11001
INV-EU-2024-00557,WO-2024-CS-00557,2024-02-11,France,Taiwan,TW2066537270,P-CS-BS-003,底盤懸吊臂襯套軸套,73269098,11844,3221.61,3458.49,16494
INV-EU-2024-00566,WO-2024-M12-00566,2024-02-11,Spain,Taiwan,TW2066895570,P-M12-EH-001,高強度引擎汽缸頭螺栓 M12,73181595,34182,2179.12,2350.03,13619
INV-EU-2024-00582,WO-2024-CS-00582,2024-02-11,Netherlands,Taiwan,TW2066308839,P-CS-BS-003,底盤懸吊臂襯套軸套,73269098,32545,8852.39,9503.29,63117
INV-EU-2024-00586,WO-2024-CS-00586,2024-02-11,Netherlands,Taiwan,TW2066415786,P-CS-BS-003,底盤懸吊臂襯套軸套,73269098,19904,5414.15,5812.23,41526
INV-EU-2024-00594,WO-2024-M10-00594,2024-02-11,Netherlands,Taiwan,TW2066714872,P-M10-BN-002,電動車電池模組固定螺母 M10,73181699,11624,197.61,207.49,1515
INV-EU-2024-00601,WO-2024-M10-00601,2024-02-11,Netherlands,Taiwan,TW2066728975,P-M10-BN-002,電動車電池模組固定螺母 M10,73181699,39561,672.55,706.18,3658
INV-EU-2024-00629,WO-2024-CS-00629,2024-02-11,Spain,Taiwan,TW2066950983,P-CS-BS-003,底盤懸吊臂襯套軸套,73269098,23773,6466.4,6941.86,49791
INV-EU-2024-00637,WO-2024-M10-00637,2024-02-11,Italy,Taiwan,TW2066874330,P-M10-BN-002,電動車電池模組固定螺母 M10,73181699,12041,204.7,214.94,847
INV-EU-2024-00641,WO-2024-M12-00641,2024-02-11,Netherlands,Taiwan,TW2066983878,P-M12-EH-001,高強度引擎汽缸頭螺栓 M12,73181595,31775,2025.69,2184.57,14706
INV-EU-2024-00643,WO-2024-M10-00643,2024-02-11,France,Taiwan,TW2066222730,P-M10-BN-002,電動車電池模組固定螺母 M10,73181699,27626,469.65,493.13,2235
INV-EU-2024-00644,WO-2024-M12-00644,2024-02-11,France,Taiwan,TW2066127509,P-M12-EH-001,高強度引擎汽缸頭螺栓 M12,73181595,41944,2673.93,2883.65,18102
INV-EU-2024-00656,WO-2024-M10-00656,2024-02-11,Netherlands,Taiwan,TW2066475294,P-M10-BN-002,電動車電池模組固定螺母 M10,73181699,34531,587.04,616.39,3034
INV-EU-2024-00657,WO-2024-M10-00657,2024-02-11,Germany,Taiwan,TW2066498635,P-M10-BN-002,電動車電池模組固定螺母 M10,73181699,17098,290.67,305.2,1319
INV-EU-2024-00536,WO-2024-M10-00536,2024-02-12,Italy,Taiwan,TW2066959972,P-M10-BN-002,電動車電池模組固定螺母 M10,73181699,24978,424.63,445.86,2191
INV-EU-2024-00537,WO-2024-M12-00537,2024-02-12,Spain,Taiwan,TW2066869479,P-M12-EH-001,高強度引擎汽缸頭螺栓 M12,73181595,38129,2430.74,2621.38,7875
INV-EU-2024-00549,WO-2024-CS-00549,2024-02-12,France,Taiwan,TW2066539719,P-CS-BS-003,底盤懸吊臂襯套軸套,73269098,37469,10191.81,10941.19,61252
INV-EU-2024-00553,WO-2024-M10-00553,2024-02-12,Germany,Taiwan,TW2066654049,P-M10-BN-002,電動車電池模組固定螺母 M10,73181699,25005,425.09,446.34,1806
INV-EU-2024-00556,WO-2024-M12-00556,2024-02-12,Spain,Taiwan,TW2066552833,P-M12-EH-001,高強度引擎汽缸頭螺栓 M12,73181595,21351,1361.17,1467.93,10481
INV-EU-2024-00558,WO-2024-CS-00558,2024-02-12,Netherlands,Taiwan,TW2066538460,P-CS-BS-003,底盤懸吊臂襯套軸套,73269098,27623,7513.53,8065.99,45456
INV-EU-2024-00574,WO-2024-M10-00574,2024-02-12,Italy,Taiwan,TW2066402605,P-M10-BN-002,電動車電池模組固定螺母 M10,73181699,40562,689.57,724.05,2468
INV-EU-2024-00577,WO-2024-M12-00577,2024-02-12,Italy,Taiwan,TW2066767552,P-M12-EH-001,高強度引擎汽缸頭螺栓 M12,73181595,13186,840.65,906.58,3278
INV-EU-2024-00578,WO-2024-M10-00578,2024-02-12,Netherlands,Taiwan,TW2066595527,P-M10-BN-002,電動車電池模組固定螺母 M10,73181699,39650,674.06,707.76,2258
INV-EU-2024-00579,WO-2024-M10-00579,2024-02-12,Spain,Taiwan,TW2066969277,P-M10-BN-002,電動車電池模組固定螺母 M10,73181699,44397,754.75,792.49,4158
INV-EU-2024-00592,WO-2024-CS-00592,2024-02-12,Spain,Taiwan,TW2066890298,P-CS-BS-003,底盤懸吊臂襯套軸套,73269098,30302,8242.17,8848.21,50112
INV-EU-2024-00596,WO-2024-M12-00596,2024-02-12,France,Taiwan,TW2066856458,P-M12-EH-001,高強度引擎汽缸頭螺栓 M12,73181595,25122,1601.53,1727.14,11482
INV-EU-2024-00597,WO-2024-CS-00597,2024-02-12,Italy,Taiwan,TW2066975735,P-CS-BS-003,底盤懸吊臂襯套軸套,73269098,16141,4390.58,4713.4,14796
INV-EU-2024-00610,WO-2024-CS-00610,2024-02-12,Germany,Taiwan,TW2066676102,P-CS-BS-003,底盤懸吊臂襯套軸套,73269098,34557,9399.51,10090.65,41169
INV-EU-2024-00614,WO-2024-CS-00614,2024-02-12,Netherlands,Taiwan,TW2066874266,P-CS-BS-003,底盤懸吊臂襯套軸套,73269098,31386,8537.11,9164.83,40722
INV-EU-2024-00615,WO-2024-M10-00615,2024-02-12,Italy,Taiwan,TW2066914167,P-M10-BN-002,電動車電池模組固定螺母 M10,73181699,39845,677.38,711.25,4660
INV-EU-2024-00617,WO-2024-M10-00617,2024-02-12,France,Taiwan,TW2066810242,P-M10-BN-002,電動車電池模組固定螺母 M10,73181699,26830,456.12,478.93,2385
INV-EU-2024-00621,WO-2024-M12-00621,2024-02-12,Italy,Taiwan,TW2066173418,P-M12-EH-001,高強度引擎汽缸頭螺栓 M12,73181595,34274,2184.97,2356.34,15644
INV-EU-2024-00623,WO-2024-CS-00623,2024-02-12,France,Taiwan,TW2066238517,P-CS-BS-003,底盤懸吊臂襯套軸套,73269098,37958,10324.8,11083.96,44706
INV-EU-2024-00626,WO-2024-M10-00626,2024-02-12,France,Taiwan,TW2066211693,P-M10-BN-002,電動車電池模組固定螺母 M10,73181699,19196,326.34,342.66,2095
INV-EU-2024-00633,WO-2024-M10-00633,2024-02-12,Netherlands,Taiwan,TW2066111183,P-M10-BN-002,電動車電池模組固定螺母 M10,73181699,40207,683.53,717.71,4648
INV-EU-2024-00662,WO-2024-CS-00662,2024-02-12,Italy,Taiwan,TW2066354949,P-CS-BS-003,底盤懸吊臂襯套軸套,73269098,36235,9856,10580.7,57361
INV-EU-2024-00678,WO-2024-CS-00678,2024-02-12,Germany,Taiwan,TW2066878586,P-CS-BS-003,底盤懸吊臂襯套軸套,73269098,14849,4039.07,4336.05,20154
INV-EU-2024-00680,WO-2024-M10-00680,2024-02-12,Spain,Taiwan,TW2066822233,P-M10-BN-002,電動車電池模組固定螺母 M10,73181699,14678,249.53,262.01,1285
INV-EU-2024-00686,WO-2024-CS-00686,2024-02-12,Netherlands,Taiwan,TW2066363077,P-CS-BS-003,底盤懸吊臂襯套軸套,73269098,35190,9571.85,10275.65,36947
INV-EU-2024-00690,WO-2024-CS-00690,2024-02-12,France,Taiwan,TW2066416653,P-CS-BS-003,底盤懸吊臂襯套軸套,73269098,15075,4100.65,4402.15,26654
INV-EU-2024-00550,WO-2024-M12-00550,2024-02-13,Netherlands,Taiwan,TW2066802851,P-M12-EH-001,高強度引擎汽缸頭螺栓 M12,73181595,27978,1783.63,1923.52,11076
INV-EU-2024-00561,WO-2024-M12-00561,2024-02-13,France,Taiwan,TW2066141234,P-M12-EH-001,高強度引擎汽缸頭螺栓 M12,73181595,15145,965.51,1041.23,3997
INV-EU-2024-00565,WO-2024-M10-00565,2024-02-13,Spain,Taiwan,TW2066984307,P-M10-BN-002,電動車電池模組固定螺母 M10,73181699,49615,843.47,885.64,3626
INV-EU-2024-00593,WO-2024-M10-00593,2024-02-13,Netherlands,Taiwan,TW2066756878,P-M10-BN-002,電動車電池模組固定螺母 M10,73181699,28494,484.41,508.63,1826
INV-EU-2024-00602,WO-2024-CS-00602,2024-02-13,France,Taiwan,TW2066281371,P-CS-BS-003,底盤懸吊臂襯套軸套,73269098,47036,12793.93,13734.65,66528
INV-EU-2024-00616,WO-2024-CS-00616,2024-02-13,Spain,Taiwan,TW2066331723,P-CS-BS-003,底盤懸吊臂襯套軸套,73269098,12359,3361.8,3608.98,19363
INV-EU-2024-00627,WO-2024-CS-00627,2024-02-13,Germany,Taiwan,TW2066614899,P-CS-BS-003,底盤懸吊臂襯套軸套,73269098,34732,9447.28,10141.92,56778
INV-EU-2024-00652,WO-2024-M12-00652,2024-02-13,Italy,Taiwan,TW2066246636,P-M12-EH-001,高強度引擎汽缸頭螺栓 M12,73181595,47381,3020.6,3257.51,12263
INV-EU-2024-00653,WO-2024-M10-00653,2024-02-13,Italy,Taiwan,TW2066166015,P-M10-BN-002,電動車電池模組固定螺母 M10,73181699,44335,753.71,791.4,4861
INV-EU-2024-00655,WO-2024-M10-00655,2024-02-13,Italy,Taiwan,TW2066393454,P-M10-BN-002,電動車電池模組固定螺母 M10,73181699,28588,486.01,510.31,3411
INV-EU-2024-00660,WO-2024-M12-00660,2024-02-13,Germany,Taiwan,TW2066906793,P-M12-EH-001,高強度引擎汽缸頭螺栓 M12,73181595,25688,1637.67,1766.11,9711
INV-EU-2024-00677,WO-2024-CS-00677,2024-02-13,Netherlands,Taiwan,TW2066148240,P-CS-BS-003,底盤懸吊臂襯套軸套,73269098,17729,4822.3,5176.88,31682
INV-EU-2024-00684,WO-2024-M12-00684,2024-02-13,Germany,Taiwan,TW2066359078,P-M12-EH-001,高強度引擎汽缸頭螺栓 M12,73181595,27359,1744.19,1880.99,9122
INV-EU-2024-00689,WO-2024-CS-00689,2024-02-13,Netherlands,Taiwan,TW2066938601,P-CS-BS-003,底盤懸吊臂襯套軸套,73269098,12741,3465.57,3720.39,24744
INV-EU-2024-00698,WO-2024-CS-00698,2024-02-13,Spain,Taiwan,TW2066264048,P-CS-BS-003,底盤懸吊臂襯套軸套,73269098,26822,7295.78,7832.22,33779
INV-EU-2024-00705,WO-2024-CS-00705,2024-02-13,France,Taiwan,TW2066319690,P-CS-BS-003,底盤懸吊臂襯套軸套,73269098,12385,3368.8,3616.5,14081
INV-EU-2024-00568,WO-2024-CS-00568,2024-02-14,France,Taiwan,TW2066691333,P-CS-BS-003,底盤懸吊臂襯套軸套,73269098,41469,11279.81,12109.19,88772
INV-EU-2024-00575,WO-2024-M10-00575,2024-02-14,Germany,Taiwan,TW2066414595,P-M10-BN-002,電動車電池模組固定螺母 M10,73181699,33875,575.88,604.67,2303
INV-EU-2024-00587,WO-2024-M10-00587,2024-02-14,Spain,Taiwan,TW2066863336,P-M10-BN-002,電動車電池模組固定螺母 M10,73181699,13531,230.04,241.54,1276
INV-EU-2024-00589,WO-2024-M12-00589,2024-02-14,Germany,Taiwan,TW2066441907,P-M12-EH-001,高強度引擎汽缸頭螺栓 M12,73181595,14458,921.71,994,5935
INV-EU-2024-00590,WO-2024-M12-00590,2024-02-14,Spain,Taiwan,TW2066845441,P-M12-EH-001,高強度引擎汽缸頭螺栓 M12,73181595,45967,2930.45,3160.28,15883
INV-EU-2024-00631,WO-2024-CS-00631,2024-02-14,Spain,Taiwan,TW2066451293,P-CS-BS-003,底盤懸吊臂襯套軸套,73269098,46550,12661.6,13592.6,100026
INV-EU-2024-00636,WO-2024-M12-00636,2024-02-14,Netherlands,Taiwan,TW2066332795,P-M12-EH-001,高強度引擎汽缸頭螺栓 M12,73181595,28497,1816.74,1959.22,7103
INV-EU-2024-00642,WO-2024-M10-00642,2024-02-14,Germany,Taiwan,TW2066520059,P-M10-BN-002,電動車電池模組固定螺母 M10,73181699,20798,353.58,371.26,1071
INV-EU-2024-00646,WO-2024-M10-00646,2024-02-14,France,Taiwan,TW2066225555,P-M10-BN-002,電動車電池模組固定螺母 M10,73181699,48675,827.49,868.86,5229
INV-EU-2024-00649,WO-2024-M12-00649,2024-02-14,Netherlands,Taiwan,TW2066556658,P-M12-EH-001,高強度引擎汽缸頭螺栓 M12,73181595,20437,1302.9,1405.09,7543
INV-EU-2024-00650,WO-2024-CS-00650,2024-02-14,France,Taiwan,TW2066229316,P-CS-BS-003,底盤懸吊臂襯套軸套,73269098,11579,3149.72,3381.3,17228
INV-EU-2024-00658,WO-2024-M12-00658,2024-02-14,Italy,Taiwan,TW2066128257,P-M12-EH-001,高強度引擎汽缸頭螺栓 M12,73181595,22685,1446.22,1559.64,9646
INV-EU-2024-00664,WO-2024-M10-00664,2024-02-14,Spain,Taiwan,TW2066916740,P-M10-BN-002,電動車電池模組固定螺母 M10,73181699,33391,567.65,596.03,3491
INV-EU-2024-00666,WO-2024-CS-00666,2024-02-14,France,Taiwan,TW2066249569,P-CS-BS-003,底盤懸吊臂襯套軸套,73269098,31437,8550.92,9179.66,63105
INV-EU-2024-00667,WO-2024-M12-00667,2024-02-14,Italy,Taiwan,TW2066839833,P-M12-EH-001,高強度引擎汽缸頭螺栓 M12,73181595,35087,2236.82,2412.26,8276
INV-EU-2024-00670,WO-2024-M12-00670,2024-02-14,Spain,Taiwan,TW2066344456,P-M12-EH-001,高強度引擎汽缸頭螺栓 M12,73181595,38167,2433.19,2624.03,15329
INV-EU-2024-00675,WO-2024-M10-00675,2024-02-14,Germany,Taiwan,TW2066304351,P-M10-BN-002,電動車電池模組固定螺母 M10,73181699,41509,705.66,740.94,4212
INV-EU-2024-00679,WO-2024-M10-00679,2024-02-14,France,Taiwan,TW2066492907,P-M10-BN-002,電動車電池模組固定螺母 M10,73181699,45187,768.18,806.59,4808
INV-EU-2024-00688,WO-2024-M12-00688,2024-02-14,Germany,Taiwan,TW2066281816,P-M12-EH-001,高強度引擎汽缸頭螺栓 M12,73181595,27642,1762.24,1900.45,5973
INV-EU-2024-00699,WO-2024-M12-00699,2024-02-14,Netherlands,Taiwan,TW2066273331,P-M12-EH-001,高強度引擎汽缸頭螺栓 M12,73181595,18416,1174.08,1266.16,8465
INV-EU-2024-00714,WO-2024-M10-00714,2024-02-14,Germany,Taiwan,TW2066166990,P-M10-BN-002,電動車電池模組固定螺母 M10,73181699,28021,476.36,500.18,2915
INV-EU-2024-00717,WO-2024-M10-00717,2024-02-14,France,Taiwan,TW2066758014,P-M10-BN-002,電動車電池模組固定螺母 M10,73181699,27827,473.06,496.71,2090
INV-EU-2024-00720,WO-2024-M10-00720,2024-02-14,Netherlands,Taiwan,TW2066429545,P-M10-BN-002,電動車電池模組固定螺母 M10,73181699,47997,815.96,856.76,5654
INV-EU-2024-00725,WO-2024-CS-00725,2024-02-14,Germany,Taiwan,TW2066594091,P-CS-BS-003,底盤懸吊臂襯套軸套,73269098,44152,12009.49,12892.53,64010
INV-EU-2024-00728,WO-2024-M10-00728,2024-02-14,Netherlands,Taiwan,TW2066214878,P-M10-BN-002,電動車電池模組固定螺母 M10,73181699,46344,787.86,827.25,3167
INV-EU-2024-00731,WO-2024-M10-00731,2024-02-14,Netherlands,Taiwan,TW2066415632,P-M10-BN-002,電動車電池模組固定螺母 M10,73181699,22607,384.33,403.55,1210
INV-EU-2024-00732,WO-2024-M12-00732,2024-02-14,Italy,Taiwan,TW2066919079,P-M12-EH-001,高強度引擎汽缸頭螺栓 M12,73181595,39761,2534.78,2733.59,9023
INV-EU-2024-00648,WO-2024-M10-00648,2024-02-15,Italy,Taiwan,TW2066187007,P-M10-BN-002,電動車電池模組固定螺母 M10,73181699,37214,632.64,664.27,4301
INV-EU-2024-00651,WO-2024-M12-00651,2024-02-15,Italy,Taiwan,TW2066121711,P-M12-EH-001,高強度引擎汽缸頭螺栓 M12,73181595,32587,2077.43,2240.36,10740
INV-EU-2024-00661,WO-2024-CS-00661,2024-02-15,Italy,Taiwan,TW2066832574,P-CS-BS-003,底盤懸吊臂襯套軸套,73269098,14968,4071.52,4370.88,21904
INV-EU-2024-00692,WO-2024-M12-00692,2024-02-15,Germany,Taiwan,TW2066736681,P-M12-EH-001,高強度引擎汽缸頭螺栓 M12,73181595,11495,732.81,790.28,5715
INV-EU-2024-00704,WO-2024-CS-00704,2024-02-15,Germany,Taiwan,TW2066456286,P-CS-BS-003,底盤懸吊臂襯套軸套,73269098,13520,3677.64,3948.04,16917
INV-EU-2024-00707,WO-2024-M10-00707,2024-02-15,Netherlands,Taiwan,TW2066231755,P-M10-BN-002,電動車電池模組固定螺母 M10,73181699,39978,679.64,713.62,2929
INV-EU-2024-00730,WO-2024-M10-00730,2024-02-15,France,Taiwan,TW2066452828,P-M10-BN-002,電動車電池模組固定螺母 M10,73181699,15374,261.37,274.44,1346
INV-EU-2024-00744,WO-2024-M12-00744,2024-02-15,Spain,Taiwan,TW2066148743,P-M12-EH-001,高強度引擎汽缸頭螺栓 M12,73181595,35162,2241.64,2417.45,8652
INV-EU-2024-00745,WO-2024-M10-00745,2024-02-15,Italy,Taiwan,TW2066715703,P-M10-BN-002,電動車電池模組固定螺母 M10,73181699,41664,708.3,743.71,3244
INV-EU-2024-00612,WO-2024-M12-00612,2024-02-16,Netherlands,Taiwan,TW2066753990,P-M12-EH-001,高強度引擎汽缸頭螺栓 M12,73181595,19765,1260.06,1358.88,7661
INV-EU-2024-00613,WO-2024-M10-00613,2024-02-16,Netherlands,Taiwan,TW2066578958,P-M10-BN-002,電動車電池模組固定螺母 M10,73181699,40908,695.44,730.21,5236
INV-EU-2024-00618,WO-2024-CS-00618,2024-02-16,Italy,Taiwan,TW2066109670,P-CS-BS-003,底盤懸吊臂襯套軸套,73269098,22254,6053.31,6498.39,22820
INV-EU-2024-00619,WO-2024-CS-00619,2024-02-16,Spain,Taiwan,TW2066744329,P-CS-BS-003,底盤懸吊臂襯套軸套,73269098,12843,3493.37,3750.23,19038
INV-EU-2024-00625,WO-2024-M12-00625,2024-02-16,Netherlands,Taiwan,TW2066982978,P-M12-EH-001,高強度引擎汽缸頭螺栓 M12,73181595,47428,3023.54,3260.68,13696
INV-EU-2024-00630,WO-2024-M10-00630,2024-02-16,France,Taiwan,TW2066103315,P-M10-BN-002,電動車電池模組固定螺母 M10,73181699,28121,478.07,501.97,2485
INV-EU-2024-00635,WO-2024-CS-00635,2024-02-16,France,Taiwan,TW2066596003,P-CS-BS-003,底盤懸吊臂襯套軸套,73269098,22065,6001.77,6443.07,29288
INV-EU-2024-00645,WO-2024-CS-00645,2024-02-16,Spain,Taiwan,TW2066920834,P-CS-BS-003,底盤懸吊臂襯套軸套,73269098,12040,3275.06,3515.86,21713
INV-EU-2024-00663,WO-2024-M12-00663,2024-02-16,Netherlands,Taiwan,TW2066900483,P-M12-EH-001,高強度引擎汽缸頭螺栓 M12,73181595,25405,1619.61,1746.63,12033
INV-EU-2024-00671,WO-2024-M12-00671,2024-02-16,Netherlands,Taiwan,TW2066719928,P-M12-EH-001,高強度引擎汽缸頭螺栓 M12,73181595,34892,2224.42,2398.88,11055
INV-EU-2024-00674,WO-2024-M12-00674,2024-02-16,Netherlands,Taiwan,TW2066518978,P-M12-EH-001,高強度引擎汽缸頭螺栓 M12,73181595,39228,2500.82,2696.96,11228
INV-EU-2024-00681,WO-2024-M10-00681,2024-02-16,Italy,Taiwan,TW2066111758,P-M10-BN-002,電動車電池模組固定螺母 M10,73181699,18962,322.37,338.49,1592
INV-EU-2024-00682,WO-2024-M10-00682,2024-02-16,France,Taiwan,TW2066322661,P-M10-BN-002,電動車電池模組固定螺母 M10,73181699,41197,700.36,735.38,3978
INV-EU-2024-00701,WO-2024-CS-00701,2024-02-16,France,Taiwan,TW2066339142,P-CS-BS-003,底盤懸吊臂襯套軸套,73269098,48460,13181.39,14150.59,93719
INV-EU-2024-00710,WO-2024-M10-00710,2024-02-16,Italy,Taiwan,TW2066790558,P-M10-BN-002,電動車電池模組固定螺母 M10,73181699,18618,316.51,332.34,1288
INV-EU-2024-00719,WO-2024-CS-00719,2024-02-16,Italy,Taiwan,TW2066946097,P-CS-BS-003,底盤懸吊臂襯套軸套,73269098,20203,5495.22,5899.28,37367
INV-EU-2024-00634,WO-2024-M12-00634,2024-02-17,Spain,Taiwan,TW2066252596,P-M12-EH-001,高強度引擎汽缸頭螺栓 M12,73181595,24292,1548.65,1670.11,5187
INV-EU-2024-00638,WO-2024-M12-00638,2024-02-17,Italy,Taiwan,TW2066411317,P-M12-EH-001,高強度引擎汽缸頭螺栓 M12,73181595,40087,2555.59,2756.03,11244
INV-EU-2024-00639,WO-2024-M12-00639,2024-02-17,France,Taiwan,TW2066264149,P-M12-EH-001,高強度引擎汽缸頭螺栓 M12,73181595,44685,2848.72,3072.14,13104
INV-EU-2024-00647,WO-2024-M10-00647,2024-02-17,Spain,Taiwan,TW2066301666,P-M10-BN-002,電動車電池模組固定螺母 M10,73181699,38927,661.76,694.85,4314
INV-EU-2024-00654,WO-2024-M10-00654,2024-02-17,Netherlands,Taiwan,TW2066940021,P-M10-BN-002,電動車電池模組固定螺母 M10,73181699,24665,419.32,440.29,1551
INV-EU-2024-00665,WO-2024-CS-00665,2024-02-17,France,Taiwan,TW2066724210,P-CS-BS-003,底盤懸吊臂襯套軸套,73269098,47232,12847.19,13791.83,72072
INV-EU-2024-00668,WO-2024-M10-00668,2024-02-17,France,Taiwan,TW2066776373,P-M10-BN-002,電動車電池模組固定螺母 M10,73181699,45571,774.72,813.46,5337
INV-EU-2024-00669,WO-2024-CS-00669,2024-02-17,Italy,Taiwan,TW2066533127,P-CS-BS-003,底盤懸吊臂襯套軸套,73269098,49599,13491,14482.98,53154
INV-EU-2024-00676,WO-2024-CS-00676,2024-02-17,Netherlands,Taiwan,TW2066796083,P-CS-BS-003,底盤懸吊臂襯套軸套,73269098,18495,5030.78,5400.68,20123
INV-EU-2024-00702,WO-2024-M10-00702,2024-02-17,France,Taiwan,TW2066637054,P-M10-BN-002,電動車電池模組固定螺母 M10,73181699,28678,487.53,511.91,1477
INV-EU-2024-00708,WO-2024-M10-00708,2024-02-17,Spain,Taiwan,TW2066271058,P-M10-BN-002,電動車電池模組固定螺母 M10,73181699,24454,415.73,436.52,2947
INV-EU-2024-00709,WO-2024-CS-00709,2024-02-17,Spain,Taiwan,TW2066907578,P-CS-BS-003,底盤懸吊臂襯套軸套,73269098,36656,9970.56,10703.68,75078
INV-EU-2024-00712,WO-2024-M10-00712,2024-02-17,Italy,Taiwan,TW2066574569,P-M10-BN-002,電動車電池模組固定螺母 M10,73181699,13961,237.34,249.21,1246
INV-EU-2024-00715,WO-2024-M12-00715,2024-02-17,Germany,Taiwan,TW2066477324,P-M12-EH-001,高強度引擎汽缸頭螺栓 M12,73181595,36706,2340.01,2523.54,8119
INV-EU-2024-00724,WO-2024-CS-00724,2024-02-17,Spain,Taiwan,TW2066145958,P-CS-BS-003,底盤懸吊臂襯套軸套,73269098,46235,12576,13500.7,96332
INV-EU-2024-00729,WO-2024-M10-00729,2024-02-17,France,Taiwan,TW2066526027,P-M10-BN-002,電動車電池模組固定螺母 M10,73181699,32083,545.42,572.69,3392
INV-EU-2024-00734,WO-2024-M12-00734,2024-02-17,Germany,Taiwan,TW2066432656,P-M12-EH-001,高強度引擎汽缸頭螺栓 M12,73181595,42656,2719.33,2932.61,12427
INV-EU-2024-00740,WO-2024-CS-00740,2024-02-17,Germany,Taiwan,TW2066413859,P-CS-BS-003,底盤懸吊臂襯套軸套,73269098,25178,6848.46,7352.02,37529
INV-EU-2024-00746,WO-2024-M12-00746,2024-02-17,Spain,Taiwan,TW2066284075,P-M12-EH-001,高強度引擎汽缸頭螺栓 M12,73181595,32889,2096.73,2261.18,7401
INV-EU-2024-00749,WO-2024-M10-00749,2024-02-17,Spain,Taiwan,TW2066951010,P-M10-BN-002,電動車電池模組固定螺母 M10,73181699,37152,631.59,663.17,2235
INV-EU-2024-00761,WO-2024-M12-00761,2024-02-17,Germany,Taiwan,TW2066528584,P-M12-EH-001,高強度引擎汽缸頭螺栓 M12,73181595,44650,2846.46,3069.71,15683
INV-EU-2024-00802,WO-2024-M10-00802,2024-02-17,France,Taiwan,TW2066207428,P-M10-BN-002,電動車電池模組固定螺母 M10,73181699,12958,220.3,231.31,1169
INV-EU-2024-00659,WO-2024-CS-00659,2024-02-18,France,Taiwan,TW2066956988,P-CS-BS-003,底盤懸吊臂襯套軸套,73269098,29729,8086.29,8680.87,35903
INV-EU-2024-00672,WO-2024-M12-00672,2024-02-18,Spain,Taiwan,TW2066931111,P-M12-EH-001,高強度引擎汽缸頭螺栓 M12,73181595,31330,1997.31,2153.96,7270
INV-EU-2024-00673,WO-2024-M12-00673,2024-02-18,Italy,Taiwan,TW2066508639,P-M12-EH-001,高強度引擎汽缸頭螺栓 M12,73181595,41500,2645.65,2853.15,20477
INV-EU-2024-00691,WO-2024-M12-00691,2024-02-18,France,Taiwan,TW2066791646,P-M12-EH-001,高強度引擎汽缸頭螺栓 M12,73181595,25758,1642.12,1770.91,12562
INV-EU-2024-00703,WO-2024-M12-00703,2024-02-18,Germany,Taiwan,TW2066776490,P-M12-EH-001,高強度引擎汽缸頭螺栓 M12,73181595,28756,1833.2,1976.98,6764
INV-EU-2024-00718,WO-2024-M10-00718,2024-02-18,France,Taiwan,TW2066362327,P-M10-BN-002,電動車電池模組固定螺母 M10,73181699,42821,727.97,764.37,4768
INV-EU-2024-00722,WO-2024-M12-00722,2024-02-18,Spain,Taiwan,TW2066111948,P-M12-EH-001,高強度引擎汽缸頭螺栓 M12,73181595,40098,2556.25,2756.74,13394
INV-EU-2024-00735,WO-2024-CS-00735,2024-02-18,Italy,Taiwan,TW2066859174,P-CS-BS-003,底盤懸吊臂襯套軸套,73269098,31449,8554.13,9183.11,66380
INV-EU-2024-00736,WO-2024-M12-00736,2024-02-18,Italy,Taiwan,TW2066575798,P-M12-EH-001,高強度引擎汽缸頭螺栓 M12,73181595,46898,2989.78,3224.27,11869
INV-EU-2024-00737,WO-2024-M12-00737,2024-02-18,Netherlands,Taiwan,TW2066305187,P-M12-EH-001,高強度引擎汽缸頭螺栓 M12,73181595,11649,742.64,800.88,2822
INV-EU-2024-00739,WO-2024-M10-00739,2024-02-18,Germany,Taiwan,TW2066577775,P-M10-BN-002,電動車電池模組固定螺母 M10,73181699,30964,526.4,552.72,2263
INV-EU-2024-00758,WO-2024-M12-00758,2024-02-18,Netherlands,Taiwan,TW2066891284,P-M12-EH-001,高強度引擎汽缸頭螺栓 M12,73181595,12735,811.88,875.55,4554
INV-EU-2024-00763,WO-2024-M12-00763,2024-02-18,France,Taiwan,TW2066491172,P-M12-EH-001,高強度引擎汽缸頭螺栓 M12,73181595,39307,2505.83,2702.36,7592
INV-EU-2024-00766,WO-2024-M12-00766,2024-02-18,Italy,Taiwan,TW2066226822,P-M12-EH-001,高強度引擎汽缸頭螺栓 M12,73181595,30012,1913.32,2063.38,11288
INV-EU-2024-00767,WO-2024-M10-00767,2024-02-18,Spain,Taiwan,TW2066926555,P-M10-BN-002,電動車電池模組固定螺母 M10,73181699,33312,566.32,594.64,4287
INV-EU-2024-00768,WO-2024-M10-00768,2024-02-18,Italy,Taiwan,TW2066435488,P-M10-BN-002,電動車電池模組固定螺母 M10,73181699,17021,289.36,303.83,1912
INV-EU-2024-00792,WO-2024-M12-00792,2024-02-18,Italy,Taiwan,TW2066537038,P-M12-EH-001,高強度引擎汽缸頭螺栓 M12,73181595,41532,2647.71,2855.37,9505
INV-EU-2024-00805,WO-2024-M12-00805,2024-02-18,France,Taiwan,TW2066718206,P-M12-EH-001,高強度引擎汽缸頭螺栓 M12,73181595,21307,1358.34,1464.88,10391
INV-EU-2024-00807,WO-2024-M10-00807,2024-02-18,France,Taiwan,TW2066375749,P-M10-BN-002,電動車電池模組固定螺母 M10,73181699,21678,368.53,386.96,2321
INV-EU-2024-00817,WO-2024-M10-00817,2024-02-18,Germany,Taiwan,TW2066794952,P-M10-BN-002,電動車電池模組固定螺母 M10,73181699,22501,382.53,401.66,2344
INV-EU-2024-00826,WO-2024-M10-00826,2024-02-18,France,Taiwan,TW2066682332,P-M10-BN-002,電動車電池模組固定螺母 M10,73181699,43255,735.35,772.12,4353
INV-EU-2024-00828,WO-2024-M10-00828,2024-02-18,France,Taiwan,TW2066941849,P-M10-BN-002,電動車電池模組固定螺母 M10,73181699,22117,376,394.8,2323
INV-EU-2024-00831,WO-2024-M10-00831,2024-02-18,Germany,Taiwan,TW2066165583,P-M10-BN-002,電動車電池模組固定螺母 M10,73181699,48242,820.12,861.13,5535
INV-EU-2024-00683,WO-2024-M10-00683,2024-02-19,France,Taiwan,TW2066237687,P-M10-BN-002,電動車電池模組固定螺母 M10,73181699,47701,810.92,851.47,5765
INV-EU-2024-00685,WO-2024-M10-00685,2024-02-19,France,Taiwan,TW2066226830,P-M10-BN-002,電動車電池模組固定螺母 M10,73181699,28834,490.18,514.69,3225
INV-EU-2024-00687,WO-2024-CS-00687,2024-02-19,Germany,Taiwan,TW2066344405,P-CS-BS-003,底盤懸吊臂襯套軸套,73269098,47952,13043.1,14002.14,52041
INV-EU-2024-00694,WO-2024-M12-00694,2024-02-19,Italy,Taiwan,TW2066342413,P-M12-EH-001,高強度引擎汽缸頭螺栓 M12,73181595,38495,2454.1,2646.57,13350
INV-EU-2024-00695,WO-2024-M12-00695,2024-02-19,France,Taiwan,TW2066149270,P-M12-EH-001,高強度引擎汽缸頭螺栓 M12,73181595,36921,2353.73,2538.34,15840
INV-EU-2024-00697,WO-2024-M12-00697,2024-02-19,Germany,Taiwan,TW2066369147,P-M12-EH-001,高強度引擎汽缸頭螺栓 M12,73181595,47303,3015.6,3252.11,19179
INV-EU-2024-00711,WO-2024-M12-00711,2024-02-19,Netherlands,Taiwan,TW2066895398,P-M12-EH-001,高強度引擎汽缸頭螺栓 M12,73181595,41061,2617.65,2822.95,11727
INV-EU-2024-00713,WO-2024-M10-00713,2024-02-19,Italy,Taiwan,TW2066154594,P-M10-BN-002,電動車電池模組固定螺母 M10,73181699,24465,415.92,436.72,2404
INV-EU-2024-00716,WO-2024-M12-00716,2024-02-19,Netherlands,Taiwan,TW2066951963,P-M12-EH-001,高強度引擎汽缸頭螺栓 M12,73181595,36305,2314.48,2496.01,8679
INV-EU-2024-00726,WO-2024-M12-00726,2024-02-19,France,Taiwan,TW2066874354,P-M12-EH-001,高強度引擎汽缸頭螺栓 M12,73181595,11791,751.72,810.68,2766
INV-EU-2024-00741,WO-2024-M10-00741,2024-02-19,Italy,Taiwan,TW2066460687,P-M10-BN-002,電動車電池模組固定螺母 M10,73181699,22762,386.97,406.32,2751
INV-EU-2024-00752,WO-2024-M12-00752,2024-02-19,Spain,Taiwan,TW2066531201,P-M12-EH-001,高強度引擎汽缸頭螺栓 M12,73181595,44791,2855.45,3079.4,14848
INV-EU-2024-00753,WO-2024-M10-00753,2024-02-19,Germany,Taiwan,TW2066980676,P-M10-BN-002,電動車電池模組固定螺母 M10,73181699,30486,518.27,544.18,3498
INV-EU-2024-00774,WO-2024-M12-00774,2024-02-19,Netherlands,Taiwan,TW2066957850,P-M12-EH-001,高強度引擎汽缸頭螺栓 M12,73181595,14975,954.71,1029.59,6005
INV-EU-2024-00778,WO-2024-M10-00778,2024-02-19,Germany,Taiwan,TW2066677509,P-M10-BN-002,電動車電池模組固定螺母 M10,73181699,46471,790.02,829.52,4542
INV-EU-2024-00780,WO-2024-CS-00780,2024-02-19,France,Taiwan,TW2066604480,P-CS-BS-003,底盤懸吊臂襯套軸套,73269098,17524,4766.58,5117.06,34510
INV-EU-2024-00784,WO-2024-M12-00784,2024-02-19,Spain,Taiwan,TW2066709704,P-M12-EH-001,高強度引擎汽缸頭螺栓 M12,73181595,16620,1059.53,1142.63,4291
INV-EU-2024-00799,WO-2024-M12-00799,2024-02-19,Italy,Taiwan,TW2066449963,P-M12-EH-001,高強度引擎汽缸頭螺栓 M12,73181595,12095,771.11,831.59,3469
INV-EU-2024-00809,WO-2024-CS-00809,2024-02-19,Spain,Taiwan,TW2066467992,P-CS-BS-003,底盤懸吊臂襯套軸套,73269098,35229,9582.36,10286.94,66693
INV-EU-2024-00816,WO-2024-CS-00816,2024-02-19,France,Taiwan,TW2066527903,P-CS-BS-003,底盤懸吊臂襯套軸套,73269098,32256,8773.77,9418.89,60802
INV-EU-2024-00818,WO-2024-M12-00818,2024-02-19,France,Taiwan,TW2066869572,P-M12-EH-001,高強度引擎汽缸頭螺栓 M12,73181595,11438,729.21,786.4,3427
INV-EU-2024-00841,WO-2024-M10-00841,2024-02-19,Netherlands,Taiwan,TW2066796175,P-M10-BN-002,電動車電池模組固定螺母 M10,73181699,34742,590.63,620.16,3785
INV-EU-2024-00846,WO-2024-M10-00846,2024-02-19,France,Taiwan,TW2066383892,P-M10-BN-002,電動車電池模組固定螺母 M10,73181699,18779,319.25,335.21,2212
INV-EU-2024-00848,WO-2024-CS-00848,2024-02-19,Spain,Taiwan,TW2066126333,P-CS-BS-003,底盤懸吊臂襯套軸套,73269098,21654,5889.96,6323.04,40994
INV-EU-2024-00693,WO-2024-CS-00693,2024-02-20,Germany,Taiwan,TW2066639575,P-CS-BS-003,底盤懸吊臂襯套軸套,73269098,43828,11921.41,12797.97,49235
INV-EU-2024-00696,WO-2024-M12-00696,2024-02-20,France,Taiwan,TW2066166069,P-M12-EH-001,高強度引擎汽缸頭螺栓 M12,73181595,15493,987.74,1065.2,4010
INV-EU-2024-00700,WO-2024-CS-00700,2024-02-20,Spain,Taiwan,TW2066237187,P-CS-BS-003,底盤懸吊臂襯套軸套,73269098,28082,7638.39,8200.03,37351
INV-EU-2024-00706,WO-2024-M12-00706,2024-02-20,France,Taiwan,TW2066662144,P-M12-EH-001,高強度引擎汽缸頭螺栓 M12,73181595,44356,2827.73,3049.51,10462
INV-EU-2024-00742,WO-2024-CS-00742,2024-02-20,Netherlands,Taiwan,TW2066611274,P-CS-BS-003,底盤懸吊臂襯套軸套,73269098,19253,5236.99,5622.05,25347
INV-EU-2024-00743,WO-2024-CS-00743,2024-02-20,Netherlands,Taiwan,TW2066242852,P-CS-BS-003,底盤懸吊臂襯套軸套,73269098,24100,6555.32,7037.32,43199
INV-EU-2024-00750,WO-2024-CS-00750,2024-02-20,Spain,Taiwan,TW2066303635,P-CS-BS-003,底盤懸吊臂襯套軸套,73269098,47468,12911.52,13860.88,62749
INV-EU-2024-00760,WO-2024-M12-00760,2024-02-20,Netherlands,Taiwan,TW2066587066,P-M12-EH-001,高強度引擎汽缸頭螺栓 M12,73181595,40236,2565.05,2766.23,18750
INV-EU-2024-00762,WO-2024-M12-00762,2024-02-20,Spain,Taiwan,TW2066901304,P-M12-EH-001,高強度引擎汽缸頭螺栓 M12,73181595,17519,1116.85,1204.44,8577
INV-EU-2024-00772,WO-2024-M10-00772,2024-02-20,Italy,Taiwan,TW2066781346,P-M10-BN-002,電動車電池模組固定螺母 M10,73181699,29000,493.01,517.66,2696
INV-EU-2024-00776,WO-2024-M12-00776,2024-02-20,Spain,Taiwan,TW2066491868,P-M12-EH-001,高強度引擎汽缸頭螺栓 M12,73181595,19323,1231.87,1328.48,8142
INV-EU-2024-00788,WO-2024-M12-00788,2024-02-20,Spain,Taiwan,TW2066445813,P-M12-EH-001,高強度引擎汽缸頭螺栓 M12,73181595,46834,2985.7,3219.87,10449
INV-EU-2024-00793,WO-2024-M10-00793,2024-02-20,Germany,Taiwan,TW2066291212,P-M10-BN-002,電動車電池模組固定螺母 M10,73181699,48242,820.12,861.13,4584
INV-EU-2024-00794,WO-2024-M12-00794,2024-02-20,Germany,Taiwan,TW2066520992,P-M12-EH-001,高強度引擎汽缸頭螺栓 M12,73181595,29572,1885.22,2033.08,12668
INV-EU-2024-00795,WO-2024-M12-00795,2024-02-20,Italy,Taiwan,TW2066977630,P-M12-EH-001,高強度引擎汽缸頭螺栓 M12,73181595,12495,796.56,859.03,3273
INV-EU-2024-00798,WO-2024-M10-00798,2024-02-20,Spain,Taiwan,TW2066739175,P-M10-BN-002,電動車電池模組固定螺母 M10,73181699,46011,782.19,821.3,3551
INV-EU-2024-00803,WO-2024-CS-00803,2024-02-20,Italy,Taiwan,TW2066139944,P-CS-BS-003,底盤懸吊臂襯套軸套,73269098,35297,9600.98,10306.92,39556
INV-EU-2024-00806,WO-2024-CS-00806,2024-02-20,Italy,Taiwan,TW2066126847,P-CS-BS-003,底盤懸吊臂襯套軸套,73269098,30658,8339.12,8952.28,43863
INV-EU-2024-00808,WO-2024-M12-00808,2024-02-20,Netherlands,Taiwan,TW2066598464,P-M12-EH-001,高強度引擎汽缸頭螺栓 M12,73181595,30567,1948.69,2101.53,7229
INV-EU-2024-00819,WO-2024-M10-00819,2024-02-20,Germany,Taiwan,TW2066961861,P-M10-BN-002,電動車電池模組固定螺母 M10,73181699,29451,500.67,525.7,2478
INV-EU-2024-00844,WO-2024-M12-00844,2024-02-20,France,Taiwan,TW2066306611,P-M12-EH-001,高強度引擎汽缸頭螺栓 M12,73181595,28055,1788.55,1928.83,7386
INV-EU-2024-00853,WO-2024-CS-00853,2024-02-20,France,Taiwan,TW2066852114,P-CS-BS-003,底盤懸吊臂襯套軸套,73269098,14126,3842.42,4124.94,28549
INV-EU-2024-00864,WO-2024-M10-00864,2024-02-20,Germany,Taiwan,TW2066112990,P-M10-BN-002,電動車電池模組固定螺母 M10,73181699,25834,439.19,461.15,2011
INV-EU-2024-00866,WO-2024-M12-00866,2024-02-20,Italy,Taiwan,TW2066364635,P-M12-EH-001,高強度引擎汽缸頭螺栓 M12,73181595,36624,2334.82,2517.94,8218
INV-EU-2024-00874,WO-2024-CS-00874,2024-02-20,Netherlands,Taiwan,TW2066334463,P-CS-BS-003,底盤懸吊臂襯套軸套,73269098,37904,10309.95,11068.03,67839
INV-EU-2024-00875,WO-2024-M12-00875,2024-02-20,Italy,Taiwan,TW2066471350,P-M12-EH-001,高強度引擎汽缸頭螺栓 M12,73181595,23574,1502.89,1620.76,6116
INV-EU-2024-00880,WO-2024-M10-00880,2024-02-20,Spain,Taiwan,TW2066300285,P-M10-BN-002,電動車電池模組固定螺母 M10,73181699,25706,437.01,458.86,2010
INV-EU-2024-00721,WO-2024-M10-00721,2024-02-21,Italy,Taiwan,TW2066538295,P-M10-BN-002,電動車電池模組固定螺母 M10,73181699,31387,533.59,560.27,3740
INV-EU-2024-00723,WO-2024-M10-00723,2024-02-21,Netherlands,Taiwan,TW2066182877,P-M10-BN-002,電動車電池模組固定螺母 M10,73181699,13548,230.33,241.85,1018
INV-EU-2024-00727,WO-2024-CS-00727,2024-02-21,Netherlands,Taiwan,TW2066870622,P-CS-BS-003,底盤懸吊臂襯套軸套,73269098,24363,6626.92,7114.18,25513
INV-EU-2024-00733,WO-2024-CS-00733,2024-02-21,Italy,Taiwan,TW2066457960,P-CS-BS-003,底盤懸吊臂襯套軸套,73269098,22013,5987.66,6427.92,31195
INV-EU-2024-00738,WO-2024-CS-00738,2024-02-21,France,Taiwan,TW2066378165,P-CS-BS-003,底盤懸吊臂襯套軸套,73269098,38585,10495.25,11266.95,67904
INV-EU-2024-00747,WO-2024-M10-00747,2024-02-21,Italy,Taiwan,TW2066189420,P-M10-BN-002,電動車電池模組固定螺母 M10,73181699,18255,310.35,325.87,1803
INV-EU-2024-00748,WO-2024-M10-00748,2024-02-21,Germany,Taiwan,TW2066518815,P-M10-BN-002,電動車電池模組固定螺母 M10,73181699,12152,206.59,216.92,1650
INV-EU-2024-00754,WO-2024-CS-00754,2024-02-21,Netherlands,Taiwan,TW2066222994,P-CS-BS-003,底盤懸吊臂襯套軸套,73269098,10371,2820.92,3028.34,10691
INV-EU-2024-00756,WO-2024-M10-00756,2024-02-21,Italy,Taiwan,TW2066159502,P-M10-BN-002,電動車電池模組固定螺母 M10,73181699,22674,385.46,404.73,3029
INV-EU-2024-00757,WO-2024-M10-00757,2024-02-21,Netherlands,Taiwan,TW2066420443,P-M10-BN-002,電動車電池模組固定螺母 M10,73181699,13499,229.49,240.96,885
INV-EU-2024-00769,WO-2024-M12-00769,2024-02-21,Netherlands,Taiwan,TW2066324862,P-M12-EH-001,高強度引擎汽缸頭螺栓 M12,73181595,24337,1551.49,1673.17,11574
INV-EU-2024-00770,WO-2024-M10-00770,2024-02-21,Spain,Taiwan,TW2066151336,P-M10-BN-002,電動車電池模組固定螺母 M10,73181699,46811,795.79,835.58,4726
INV-EU-2024-00777,WO-2024-M12-00777,2024-02-21,Netherlands,Taiwan,TW2066750245,P-M12-EH-001,高強度引擎汽缸頭螺栓 M12,73181595,24365,1553.29,1675.12,8651
INV-EU-2024-00782,WO-2024-M12-00782,2024-02-21,Spain,Taiwan,TW2066768426,P-M12-EH-001,高強度引擎汽缸頭螺栓 M12,73181595,22310,1422.28,1533.83,10880
INV-EU-2024-00786,WO-2024-M12-00786,2024-02-21,Spain,Taiwan,TW2066282272,P-M12-EH-001,高強度引擎汽缸頭螺栓 M12,73181595,20986,1337.91,1442.84,10556
INV-EU-2024-00787,WO-2024-M10-00787,2024-02-21,Germany,Taiwan,TW2066992150,P-M10-BN-002,電動車電池模組固定螺母 M10,73181699,33997,577.96,606.86,3930
INV-EU-2024-00801,WO-2024-M12-00801,2024-02-21,Italy,Taiwan,TW2066817347,P-M12-EH-001,高強度引擎汽缸頭螺栓 M12,73181595,10083,642.85,693.26,4442
INV-EU-2024-00834,WO-2024-M10-00834,2024-02-21,Spain,Taiwan,TW2066536690,P-M10-BN-002,電動車電池模組固定螺母 M10,73181699,41609,707.36,742.73,3140
INV-EU-2024-00886,WO-2024-M12-00886,2024-02-21,Italy,Taiwan,TW2066562337,P-M12-EH-001,高強度引擎汽缸頭螺栓 M12,73181595,23501,1498.24,1615.74,7011
INV-EU-2024-00764,WO-2024-M10-00764,2024-02-22,Italy,Taiwan,TW2066749263,P-M10-BN-002,電動車電池模組固定螺母 M10,73181699,42087,715.49,751.26,3098
INV-EU-2024-00775,WO-2024-M10-00775,2024-02-22,Italy,Taiwan,TW2066568985,P-M10-BN-002,電動車電池模組固定螺母 M10,73181699,34181,581.08,610.13,4456
INV-EU-2024-00779,WO-2024-M10-00779,2024-02-22,France,Taiwan,TW2066187928,P-M10-BN-002,電動車電池模組固定螺母 M10,73181699,16292,276.97,290.82,925
INV-EU-2024-00791,WO-2024-M12-00791,2024-02-22,Italy,Taiwan,TW2066566541,P-M12-EH-001,高強度引擎汽缸頭螺栓 M12,73181595,18525,1180.99,1273.62,7759
INV-EU-2024-00796,WO-2024-M12-00796,2024-02-22,Spain,Taiwan,TW2066133334,P-M12-EH-001,高強度引擎汽缸頭螺栓 M12,73181595,19242,1226.68,1322.89,9298
INV-EU-2024-00812,WO-2024-M12-00812,2024-02-22,Spain,Taiwan,TW2066304001,P-M12-EH-001,高強度引擎汽缸頭螺栓 M12,73181595,15057,959.92,1035.2,2994
INV-EU-2024-00815,WO-2024-M10-00815,2024-02-22,Netherlands,Taiwan,TW2066869176,P-M10-BN-002,電動車電池模組固定螺母 M10,73181699,22696,385.84,405.13,2550
INV-EU-2024-00824,WO-2024-M10-00824,2024-02-22,France,Taiwan,TW2066526852,P-M10-BN-002,電動車電池模組固定螺母 M10,73181699,14589,248.02,260.42,1396
INV-EU-2024-00829,WO-2024-M10-00829,2024-02-22,Netherlands,Taiwan,TW2066476944,P-M10-BN-002,電動車電池模組固定螺母 M10,73181699,12958,220.3,231.31,1427
INV-EU-2024-00842,WO-2024-CS-00842,2024-02-22,Spain,Taiwan,TW2066404941,P-CS-BS-003,底盤懸吊臂襯套軸套,73269098,44756,12173.7,13068.82,36886
INV-EU-2024-00847,WO-2024-M12-00847,2024-02-22,Spain,Taiwan,TW2066154683,P-M12-EH-001,高強度引擎汽缸頭螺栓 M12,73181595,13388,853.5,920.44,3593
INV-EU-2024-00849,WO-2024-M10-00849,2024-02-22,Netherlands,Taiwan,TW2066560940,P-M10-BN-002,電動車電池模組固定螺母 M10,73181699,17399,295.79,310.58,979
INV-EU-2024-00860,WO-2024-M12-00860,2024-02-22,Germany,Taiwan,TW2066118122,P-M12-EH-001,高強度引擎汽缸頭螺栓 M12,73181595,15901,1013.74,1093.24,6822
INV-EU-2024-00872,WO-2024-M12-00872,2024-02-22,France,Taiwan,TW2066444552,P-M12-EH-001,高強度引擎汽缸頭螺栓 M12,73181595,37077,2363.67,2549.06,11676
INV-EU-2024-00878,WO-2024-M10-00878,2024-02-22,Germany,Taiwan,TW2066463888,P-M10-BN-002,電動車電池模組固定螺母 M10,73181699,11367,193.25,202.91,1439
INV-EU-2024-00881,WO-2024-CS-00881,2024-02-22,Germany,Taiwan,TW2066156247,P-CS-BS-003,底盤懸吊臂襯套軸套,73269098,10823,2943.89,3160.35,14660
INV-EU-2024-00889,WO-2024-M10-00889,2024-02-22,Germany,Taiwan,TW2066459887,P-M10-BN-002,電動車電池模組固定螺母 M10,73181699,40190,683.24,717.4,2568
INV-EU-2024-00897,WO-2024-M10-00897,2024-02-22,Italy,Taiwan,TW2066344320,P-M10-BN-002,電動車電池模組固定螺母 M10,73181699,17733,301.47,316.54,1543
INV-EU-2024-00908,WO-2024-CS-00908,2024-02-22,France,Taiwan,TW2066661398,P-CS-BS-003,底盤懸吊臂襯套軸套,73269098,35721,9716.38,10430.8,45764
INV-EU-2024-00910,WO-2024-M10-00910,2024-02-22,Germany,Taiwan,TW2066924422,P-M10-BN-002,電動車電池模組固定螺母 M10,73181699,46550,791.35,830.92,3458
INV-EU-2024-00912,WO-2024-M12-00912,2024-02-22,Spain,Taiwan,TW2066721899,P-M12-EH-001,高強度引擎汽缸頭螺栓 M12,73181595,13288,847.16,913.6,6243
INV-EU-2024-00925,WO-2024-M12-00925,2024-02-22,France,Taiwan,TW2066321532,P-M12-EH-001,高強度引擎汽缸頭螺栓 M12,73181595,15548,991.23,1068.97,3499
INV-EU-2024-00751,WO-2024-CS-00751,2024-02-23,Spain,Taiwan,TW2066376894,P-CS-BS-003,底盤懸吊臂襯套軸套,73269098,18928,5148.64,5527.2,40571
INV-EU-2024-00755,WO-2024-CS-00755,2024-02-23,Spain,Taiwan,TW2066325829,P-CS-BS-003,底盤懸吊臂襯套軸套,73269098,46395,12619.69,13547.59,94647
INV-EU-2024-00759,WO-2024-M10-00759,2024-02-23,Spain,Taiwan,TW2066449144,P-M10-BN-002,電動車電池模組固定螺母 M10,73181699,22835,388.2,407.61,1843
INV-EU-2024-00765,WO-2024-M12-00765,2024-02-23,Italy,Taiwan,TW2066270119,P-M12-EH-001,高強度引擎汽缸頭螺栓 M12,73181595,38642,2463.46,2656.67,10691
INV-EU-2024-00771,WO-2024-M12-00771,2024-02-23,Italy,Taiwan,TW2066799292,P-M12-EH-001,高強度引擎汽缸頭螺栓 M12,73181595,35068,2235.59,2410.93,6930
INV-EU-2024-00773,WO-2024-M12-00773,2024-02-23,Netherlands,Taiwan,TW2066512250,P-M12-EH-001,高強度引擎汽缸頭螺栓 M12,73181595,25926,1652.8,1782.43,10577
INV-EU-2024-00785,WO-2024-M12-00785,2024-02-23,Netherlands,Taiwan,TW2066136729,P-M12-EH-001,高強度引擎汽缸頭螺栓 M12,73181595,41340,2635.43,2842.13,19581
INV-EU-2024-00790,WO-2024-M10-00790,2024-02-23,Netherlands,Taiwan,TW2066269613,P-M10-BN-002,電動車電池模組固定螺母 M10,73181699,21734,369.48,387.95,2486
INV-EU-2024-00800,WO-2024-M12-00800,2024-02-23,Netherlands,Taiwan,TW2066617006,P-M12-EH-001,高強度引擎汽缸頭螺栓 M12,73181595,28005,1785.33,1925.36,12265
INV-EU-2024-00804,WO-2024-M12-00804,2024-02-23,Netherlands,Taiwan,TW2066891180,P-M12-EH-001,高強度引擎汽缸頭螺栓 M12,73181595,30297,1931.46,2082.95,7436
INV-EU-2024-00810,WO-2024-M12-00810,2024-02-23,Spain,Taiwan,TW2066968636,P-M12-EH-001,高強度引擎汽缸頭螺栓 M12,73181595,31018,1977.44,2132.53,10302
INV-EU-2024-00820,WO-2024-M12-00820,2024-02-23,Netherlands,Taiwan,TW2066630352,P-M12-EH-001,高強度引擎汽缸頭螺栓 M12,73181595,22436,1430.32,1542.5,8453
INV-EU-2024-00836,WO-2024-M10-00836,2024-02-23,Spain,Taiwan,TW2066873644,P-M10-BN-002,電動車電池模組固定螺母 M10,73181699,13676,232.5,244.13,730
INV-EU-2024-00851,WO-2024-M12-00851,2024-02-23,Germany,Taiwan,TW2066241436,P-M12-EH-001,高強度引擎汽缸頭螺栓 M12,73181595,18470,1177.48,1269.83,7900
INV-EU-2024-00873,WO-2024-M12-00873,2024-02-23,France,Taiwan,TW2066232110,P-M12-EH-001,高強度引擎汽缸頭螺栓 M12,73181595,14318,912.81,984.4,6891
INV-EU-2024-00883,WO-2024-CS-00883,2024-02-23,Italy,Taiwan,TW2066988392,P-CS-BS-003,底盤懸吊臂襯套軸套,73269098,14241,3873.72,4158.54,28588
INV-EU-2024-00884,WO-2024-CS-00884,2024-02-23,France,Taiwan,TW2066110347,P-CS-BS-003,底盤懸吊臂襯套軸套,73269098,44899,12212.58,13110.56,50315
INV-EU-2024-00890,WO-2024-M10-00890,2024-02-23,Italy,Taiwan,TW2066730200,P-M10-BN-002,電動車電池模組固定螺母 M10,73181699,34910,593.47,623.14,3222
INV-EU-2024-00895,WO-2024-CS-00895,2024-02-23,France,Taiwan,TW2066434568,P-CS-BS-003,底盤懸吊臂襯套軸套,73269098,22774,6194.64,6650.12,22114
INV-EU-2024-00901,WO-2024-CS-00901,2024-02-23,Netherlands,Taiwan,TW2066958601,P-CS-BS-003,底盤懸吊臂襯套軸套,73269098,11337,3083.79,3310.53,23529
INV-EU-2024-00913,WO-2024-M12-00913,2024-02-23,France,Taiwan,TW2066220822,P-M12-EH-001,高強度引擎汽缸頭螺栓 M12,73181595,31180,1987.75,2143.65,11310
INV-EU-2024-00915,WO-2024-M10-00915,2024-02-23,Germany,Taiwan,TW2066719812,P-M10-BN-002,電動車電池模組固定螺母 M10,73181699,38131,648.23,680.64,3668
INV-EU-2024-00917,WO-2024-CS-00917,2024-02-23,Italy,Taiwan,TW2066641506,P-CS-BS-003,底盤懸吊臂襯套軸套,73269098,28487,7748.59,8318.33,52612
INV-EU-2024-00923,WO-2024-CS-00923,2024-02-23,Germany,Taiwan,TW2066189753,P-CS-BS-003,底盤懸吊臂襯套軸套,73269098,13317,3622.49,3888.83,20865
INV-EU-2024-00781,WO-2024-CS-00781,2024-02-24,Germany,Taiwan,TW2066910650,P-CS-BS-003,底盤懸吊臂襯套軸套,73269098,44500,12104.27,12994.27,68147
INV-EU-2024-00783,WO-2024-CS-00783,2024-02-24,France,Taiwan,TW2066574969,P-CS-BS-003,底盤懸吊臂襯套軸套,73269098,12240,3329.35,3574.15,20342
INV-EU-2024-00789,WO-2024-M10-00789,2024-02-24,Netherlands,Taiwan,TW2066613059,P-M10-BN-002,電動車電池模組固定螺母 M10,73181699,21833,371.17,389.73,1748
INV-EU-2024-00797,WO-2024-CS-00797,2024-02-24,Italy,Taiwan,TW2066575747,P-CS-BS-003,底盤懸吊臂襯套軸套,73269098,40175,10927.74,11731.24,74527
INV-EU-2024-00811,WO-2024-CS-00811,2024-02-24,Germany,Taiwan,TW2066886275,P-CS-BS-003,底盤懸吊臂襯套軸套,73269098,36527,9935.46,10666,48385
INV-EU-2024-00813,WO-2024-M10-00813,2024-02-24,Italy,Taiwan,TW2066456626,P-M10-BN-002,電動車電池模組固定螺母 M10,73181699,20675,351.49,369.06,2333
INV-EU-2024-00822,WO-2024-M10-00822,2024-02-24,Italy,Taiwan,TW2066885466,P-M10-BN-002,電動車電池模組固定螺母 M10,73181699,26301,447.13,469.49,1663
INV-EU-2024-00823,WO-2024-CS-00823,2024-02-24,Germany,Taiwan,TW2066391317,P-CS-BS-003,底盤懸吊臂襯套軸套,73269098,23088,6280.05,6741.81,49863
INV-EU-2024-00825,WO-2024-CS-00825,2024-02-24,Spain,Taiwan,TW2066485060,P-CS-BS-003,底盤懸吊臂襯套軸套,73269098,32775,8914.82,9570.32,40116
INV-EU-2024-00827,WO-2024-M10-00827,2024-02-24,Italy,Taiwan,TW2066237488,P-M10-BN-002,電動車電池模組固定螺母 M10,73181699,43284,735.83,772.62,5253
INV-EU-2024-00835,WO-2024-CS-00835,2024-02-24,Germany,Taiwan,TW2066391225,P-CS-BS-003,底盤懸吊臂襯套軸套,73269098,21798,5929.31,6365.27,26444
INV-EU-2024-00839,WO-2024-CS-00839,2024-02-24,Netherlands,Taiwan,TW2066658180,P-CS-BS-003,底盤懸吊臂襯套軸套,73269098,44086,11991.6,12873.32,58758
INV-EU-2024-00840,WO-2024-M10-00840,2024-02-24,France,Taiwan,TW2066971808,P-M10-BN-002,電動車電池模組固定螺母 M10,73181699,14004,238.08,249.98,1823
INV-EU-2024-00857,WO-2024-M12-00857,2024-02-24,Spain,Taiwan,TW2066142578,P-M12-EH-001,高強度引擎汽缸頭螺栓 M12,73181595,29796,1899.5,2048.48,7351
INV-EU-2024-00859,WO-2024-CS-00859,2024-02-24,Netherlands,Taiwan,TW2066139815,P-CS-BS-003,底盤懸吊臂襯套軸套,73269098,37021,10069.97,10810.39,30612
INV-EU-2024-00861,WO-2024-M12-00861,2024-02-24,France,Taiwan,TW2066272730,P-M12-EH-001,高強度引擎汽缸頭螺栓 M12,73181595,31005,1976.59,2131.61,9566
INV-EU-2024-00863,WO-2024-M12-00863,2024-02-24,Spain,Taiwan,TW2066490515,P-M12-EH-001,高強度引擎汽缸頭螺栓 M12,73181595,43362,2764.35,2981.16,18604
INV-EU-2024-00865,WO-2024-CS-00865,2024-02-24,Netherlands,Taiwan,TW2066957156,P-CS-BS-003,底盤懸吊臂襯套軸套,73269098,31136,8469.09,9091.81,58775
INV-EU-2024-00867,WO-2024-M10-00867,2024-02-24,France,Taiwan,TW2066365788,P-M10-BN-002,電動車電池模組固定螺母 M10,73181699,34298,583.07,612.22,3533
INV-EU-2024-00868,WO-2024-CS-00868,2024-02-24,Spain,Taiwan,TW2066513942,P-CS-BS-003,底盤懸吊臂襯套軸套,73269098,31644,8607.39,9240.27,61026
INV-EU-2024-00885,WO-2024-M12-00885,2024-02-24,France,Taiwan,TW2066493167,P-M12-EH-001,高強度引擎汽缸頭螺栓 M12,73181595,36584,2332.26,2515.18,7976
INV-EU-2024-00887,WO-2024-M12-00887,2024-02-24,Italy,Taiwan,TW2066896502,P-M12-EH-001,高強度引擎汽缸頭螺栓 M12,73181595,32728,2086.42,2250.06,10599
INV-EU-2024-00893,WO-2024-M10-00893,2024-02-24,Netherlands,Taiwan,TW2066536444,P-M10-BN-002,電動車電池模組固定螺母 M10,73181699,30263,514.48,540.2,3982
INV-EU-2024-00896,WO-2024-M12-00896,2024-02-24,Netherlands,Taiwan,TW2066801274,P-M12-EH-001,高強度引擎汽缸頭螺栓 M12,73181595,47203,3009.25,3245.26,17784
INV-EU-2024-00898,WO-2024-CS-00898,2024-02-24,France,Taiwan,TW2066653991,P-CS-BS-003,底盤懸吊臂襯套軸套,73269098,41043,11163.83,11984.69,44097
INV-EU-2024-00906,WO-2024-M10-00906,2024-02-24,Spain,Taiwan,TW2066504942,P-M10-BN-002,電動車電池模組固定螺母 M10,73181699,35205,598.49,628.41,3100
INV-EU-2024-00942,WO-2024-CS-00942,2024-02-24,France,Taiwan,TW2066958183,P-CS-BS-003,底盤懸吊臂襯套軸套,73269098,34555,9399.23,10090.33,40980
INV-EU-2024-00947,WO-2024-CS-00947,2024-02-24,Germany,Taiwan,TW2066344018,P-CS-BS-003,底盤懸吊臂襯套軸套,73269098,48581,13214.11,14185.73,49552
INV-EU-2024-00814,WO-2024-M12-00814,2024-02-25,Spain,Taiwan,TW2066809450,P-M12-EH-001,高強度引擎汽缸頭螺栓 M12,73181595,19430,1238.69,1335.84,7110
INV-EU-2024-00821,WO-2024-M10-00821,2024-02-25,Spain,Taiwan,TW2066380038,P-M10-BN-002,電動車電池模組固定螺母 M10,73181699,46634,792.78,832.42,5882
INV-EU-2024-00830,WO-2024-M10-00830,2024-02-25,Italy,Taiwan,TW2066438747,P-M10-BN-002,電動車電池模組固定螺母 M10,73181699,18078,307.34,322.71,1761
INV-EU-2024-00832,WO-2024-M10-00832,2024-02-25,France,Taiwan,TW2066765142,P-M10-BN-002,電動車電池模組固定螺母 M10,73181699,20081,341.38,358.45,1246
INV-EU-2024-00833,WO-2024-M10-00833,2024-02-25,Germany,Taiwan,TW2066140810,P-M10-BN-002,電動車電池模組固定螺母 M10,73181699,17349,294.94,309.69,1256
INV-EU-2024-00837,WO-2024-CS-00837,2024-02-25,Spain,Taiwan,TW2066941808,P-CS-BS-003,底盤懸吊臂襯套軸套,73269098,23709,6449.08,6923.26,49851
INV-EU-2024-00838,WO-2024-M10-00838,2024-02-25,Italy,Taiwan,TW2066411612,P-M10-BN-002,電動車電池模組固定螺母 M10,73181699,34615,588.46,617.88,2759
INV-EU-2024-00843,WO-2024-M12-00843,2024-02-25,Spain,Taiwan,TW2066904606,P-M12-EH-001,高強度引擎汽缸頭螺栓 M12,73181595,12729,811.51,875.15,5404
INV-EU-2024-00845,WO-2024-M10-00845,2024-02-25,Germany,Taiwan,TW2066308407,P-M10-BN-002,電動車電池模組固定螺母 M10,73181699,32088,545.51,572.79,2978
INV-EU-2024-00854,WO-2024-M12-00854,2024-02-25,Spain,Taiwan,TW2066951677,P-M12-EH-001,高強度引擎汽缸頭螺栓 M12,73181595,42975,2739.66,2954.53,10301
INV-EU-2024-00856,WO-2024-M12-00856,2024-02-25,Italy,Taiwan,TW2066352090,P-M12-EH-001,高強度引擎汽缸頭螺栓 M12,73181595,20618,1314.44,1417.53,10081
INV-EU-2024-00858,WO-2024-M10-00858,2024-02-25,Netherlands,Taiwan,TW2066423769,P-M10-BN-002,電動車電池模組固定螺母 M10,73181699,20459,347.81,365.2,2152
INV-EU-2024-00876,WO-2024-M10-00876,2024-02-25,Italy,Taiwan,TW2066128143,P-M10-BN-002,電動車電池模組固定螺母 M10,73181699,32851,558.47,586.39,3490
INV-EU-2024-00877,WO-2024-M10-00877,2024-02-25,Italy,Taiwan,TW2066152326,P-M10-BN-002,電動車電池模組固定螺母 M10,73181699,22680,385.56,404.84,1638
INV-EU-2024-00879,WO-2024-M12-00879,2024-02-25,Germany,Taiwan,TW2066724120,P-M12-EH-001,高強度引擎汽缸頭螺栓 M12,73181595,41940,2673.73,2883.43,15534
INV-EU-2024-00882,WO-2024-M12-00882,2024-02-25,Netherlands,Taiwan,TW2066725088,P-M12-EH-001,高強度引擎汽缸頭螺栓 M12,73181595,24061,1533.9,1654.21,6227
INV-EU-2024-00909,WO-2024-M12-00909,2024-02-25,Germany,Taiwan,TW2066889109,P-M12-EH-001,高強度引擎汽缸頭螺栓 M12,73181595,17077,1088.66,1174.05,3821
INV-EU-2024-00918,WO-2024-CS-00918,2024-02-25,France,Taiwan,TW2066788906,P-CS-BS-003,底盤懸吊臂襯套軸套,73269098,44639,12141.82,13034.6,71151
INV-EU-2024-00924,WO-2024-M12-00924,2024-02-25,France,Taiwan,TW2066583004,P-M12-EH-001,高強度引擎汽缸頭螺栓 M12,73181595,14346,914.61,986.34,3182
INV-EU-2024-00932,WO-2024-CS-00932,2024-02-25,Italy,Taiwan,TW2066424960,P-CS-BS-003,底盤懸吊臂襯套軸套,73269098,42159,11467.3,12310.48,86807
INV-EU-2024-00934,WO-2024-CS-00934,2024-02-25,Germany,Taiwan,TW2066312474,P-CS-BS-003,底盤懸吊臂襯套軸套,73269098,35056,9535.34,10236.46,55495
INV-EU-2024-00937,WO-2024-M10-00937,2024-02-25,Italy,Taiwan,TW2066828559,P-M10-BN-002,電動車電池模組固定螺母 M10,73181699,35777,608.22,638.63,3521
INV-EU-2024-00940,WO-2024-M12-00940,2024-02-25,Spain,Taiwan,TW2066335693,P-M12-EH-001,高強度引擎汽缸頭螺栓 M12,73181595,39394,2511.41,2708.38,10497
INV-EU-2024-00943,WO-2024-CS-00943,2024-02-25,Spain,Taiwan,TW2066456809,P-CS-BS-003,底盤懸吊臂襯套軸套,73269098,48180,13104.97,14068.57,44294
INV-EU-2024-00949,WO-2024-CS-00949,2024-02-25,Netherlands,Taiwan,TW2066944102,P-CS-BS-003,底盤懸吊臂襯套軸套,73269098,26344,7165.81,7692.69,56108
INV-EU-2024-00964,WO-2024-M12-00964,2024-02-25,Spain,Taiwan,TW2066533978,P-M12-EH-001,高強度引擎汽缸頭螺栓 M12,73181595,31466,2006.02,2163.35,7161
INV-EU-2024-00850,WO-2024-M10-00850,2024-02-26,France,Taiwan,TW2066385083,P-M10-BN-002,電動車電池模組固定螺母 M10,73181699,37731,641.43,673.5,3713
INV-EU-2024-00852,WO-2024-CS-00852,2024-02-26,Netherlands,Taiwan,TW2066486954,P-CS-BS-003,底盤懸吊臂襯套軸套,73269098,23492,6389.97,6859.81,50928
INV-EU-2024-00855,WO-2024-M10-00855,2024-02-26,Germany,Taiwan,TW2066410606,P-M10-BN-002,電動車電池模組固定螺母 M10,73181699,13621,231.57,243.15,805
INV-EU-2024-00862,WO-2024-CS-00862,2024-02-26,Germany,Taiwan,TW2066371664,P-CS-BS-003,底盤懸吊臂襯套軸套,73269098,23246,6323,6787.92,36989
INV-EU-2024-00871,WO-2024-M12-00871,2024-02-26,Germany,Taiwan,TW2066883966,P-M12-EH-001,高強度引擎汽缸頭螺栓 M12,73181595,20295,1293.83,1395.3,4618
INV-EU-2024-00888,WO-2024-M10-00888,2024-02-26,Netherlands,Taiwan,TW2066819592,P-M10-BN-002,電動車電池模組固定螺母 M10,73181699,26035,442.6,464.73,1407
INV-EU-2024-00891,WO-2024-M12-00891,2024-02-26,Spain,Taiwan,TW2066790755,P-M12-EH-001,高強度引擎汽缸頭螺栓 M12,73181595,29742,1896.09,2044.8,10011
INV-EU-2024-00903,WO-2024-M12-00903,2024-02-26,France,Taiwan,TW2066482887,P-M12-EH-001,高強度引擎汽缸頭螺栓 M12,73181595,27499,1753.07,1890.57,9519
INV-EU-2024-00927,WO-2024-M10-00927,2024-02-26,Spain,Taiwan,TW2066277293,P-M10-BN-002,電動車電池模組固定螺母 M10,73181699,25672,436.44,458.26,2963
INV-EU-2024-00928,WO-2024-M10-00928,2024-02-26,Germany,Taiwan,TW2066180500,P-M10-BN-002,電動車電池模組固定螺母 M10,73181699,21432,364.36,382.58,1818
INV-EU-2024-00938,WO-2024-M10-00938,2024-02-26,France,Taiwan,TW2066993216,P-M10-BN-002,電動車電池模組固定螺母 M10,73181699,27169,461.89,484.98,2364
INV-EU-2024-00959,WO-2024-M12-00959,2024-02-26,Germany,Taiwan,TW2066573132,P-M12-EH-001,高強度引擎汽缸頭螺栓 M12,73181595,33514,2136.55,2304.12,11259
INV-EU-2024-00963,WO-2024-CS-00963,2024-02-26,Italy,Taiwan,TW2066187032,P-CS-BS-003,底盤懸吊臂襯套軸套,73269098,35024,9526.73,10227.21,47538
INV-EU-2024-00985,WO-2024-CS-00985,2024-02-26,Spain,Taiwan,TW2066280250,P-CS-BS-003,底盤懸吊臂襯套軸套,73269098,43455,11819.82,12688.92,66190
INV-EU-2024-00988,WO-2024-M12-00988,2024-02-26,Netherlands,Taiwan,TW2066200707,P-M12-EH-001,高強度引擎汽缸頭螺栓 M12,73181595,18940,1207.47,1302.17,7594
INV-EU-2024-00869,WO-2024-M10-00869,2024-02-27,Netherlands,Taiwan,TW2066876356,P-M10-BN-002,電動車電池模組固定螺母 M10,73181699,34114,579.94,608.94,3357
INV-EU-2024-00870,WO-2024-CS-00870,2024-02-27,Netherlands,Taiwan,TW2066887711,P-CS-BS-003,底盤懸吊臂襯套軸套,73269098,28663,7796.36,8369.62,55977
INV-EU-2024-00892,WO-2024-M12-00892,2024-02-27,Germany,Taiwan,TW2066972288,P-M12-EH-001,高強度引擎汽缸頭螺栓 M12,73181595,38302,2441.79,2633.3,13454
INV-EU-2024-00894,WO-2024-CS-00894,2024-02-27,Italy,Taiwan,TW2066631858,P-CS-BS-003,底盤懸吊臂襯套軸套,73269098,30587,8319.93,8931.67,40018
INV-EU-2024-00905,WO-2024-M12-00905,2024-02-27,Netherlands,Taiwan,TW2066714916,P-M12-EH-001,高強度引擎汽缸頭螺栓 M12,73181595,14210,905.91,976.96,6857
INV-EU-2024-00907,WO-2024-M10-00907,2024-02-27,Spain,Taiwan,TW2066499575,P-M10-BN-002,電動車電池模組固定螺母 M10,73181699,48108,817.85,858.74,3590
INV-EU-2024-00920,WO-2024-M12-00920,2024-02-27,Germany,Taiwan,TW2066772224,P-M12-EH-001,高強度引擎汽缸頭螺栓 M12,73181595,46626,2972.46,3205.59,11473
INV-EU-2024-00921,WO-2024-M12-00921,2024-02-27,Germany,Taiwan,TW2066840835,P-M12-EH-001,高強度引擎汽缸頭螺栓 M12,73181595,38648,2463.84,2657.08,9756
INV-EU-2024-00929,WO-2024-CS-00929,2024-02-27,Netherlands,Taiwan,TW2066718735,P-CS-BS-003,底盤懸吊臂襯套軸套,73269098,46246,12578.94,13503.86,61007
INV-EU-2024-00930,WO-2024-M12-00930,2024-02-27,Spain,Taiwan,TW2066824062,P-M12-EH-001,高強度引擎汽缸頭螺栓 M12,73181595,16209,1033.33,1114.38,6654
INV-EU-2024-00952,WO-2024-M12-00952,2024-02-27,Netherlands,Taiwan,TW2066594134,P-M12-EH-001,高強度引擎汽缸頭螺栓 M12,73181595,14409,918.58,990.63,6696
INV-EU-2024-00956,WO-2024-M12-00956,2024-02-27,France,Taiwan,TW2066236654,P-M12-EH-001,高強度引擎汽缸頭螺栓 M12,73181595,49257,3140.16,3386.44,13848
INV-EU-2024-00958,WO-2024-M12-00958,2024-02-27,Germany,Taiwan,TW2066913345,P-M12-EH-001,高強度引擎汽缸頭螺栓 M12,73181595,35888,2287.89,2467.33,13315
INV-EU-2024-00962,WO-2024-CS-00962,2024-02-27,Italy,Taiwan,TW2066813141,P-CS-BS-003,底盤懸吊臂襯套軸套,73269098,34795,9464.3,10160.2,73348
INV-EU-2024-00971,WO-2024-M12-00971,2024-02-27,Germany,Taiwan,TW2066343143,P-M12-EH-001,高強度引擎汽缸頭螺栓 M12,73181595,47353,3018.81,3255.57,20165
INV-EU-2024-00987,WO-2024-M12-00987,2024-02-27,Spain,Taiwan,TW2066212679,P-M12-EH-001,高強度引擎汽缸頭螺栓 M12,73181595,39603,2524.74,2722.75,10427
INV-EU-2024-01004,WO-2024-M12-01004,2024-02-27,Italy,Taiwan,TW2066619434,P-M12-EH-001,高強度引擎汽缸頭螺栓 M12,73181595,45140,2877.68,3103.38,11625
INV-EU-2024-01006,WO-2024-CS-01006,2024-02-27,Germany,Taiwan,TW2066905458,P-CS-BS-003,底盤懸吊臂襯套軸套,73269098,18918,5145.9,5524.26,24391
INV-EU-2024-00899,WO-2024-M12-00899,2024-02-28,Germany,Taiwan,TW2066226231,P-M12-EH-001,高強度引擎汽缸頭螺栓 M12,73181595,45043,2871.52,3096.74,11773
INV-EU-2024-00900,WO-2024-M10-00900,2024-02-28,Italy,Taiwan,TW2066810136,P-M10-BN-002,電動車電池模組固定螺母 M10,73181699,36429,619.3,650.26,4019
INV-EU-2024-00914,WO-2024-M12-00914,2024-02-28,France,Taiwan,TW2066329321,P-M12-EH-001,高強度引擎汽缸頭螺栓 M12,73181595,37001,2358.84,2543.85,18163
INV-EU-2024-00922,WO-2024-CS-00922,2024-02-28,Spain,Taiwan,TW2066478951,P-CS-BS-003,底盤懸吊臂襯套軸套,73269098,14919,4057.99,4356.37,19884
INV-EU-2024-00936,WO-2024-CS-00936,2024-02-28,France,Taiwan,TW2066945074,P-CS-BS-003,底盤懸吊臂襯套軸套,73269098,42433,11541.82,12390.48,84832
INV-EU-2024-00966,WO-2024-M12-00966,2024-02-28,Spain,Taiwan,TW2066452909,P-M12-EH-001,高強度引擎汽缸頭螺栓 M12,73181595,38480,2453.14,2645.54,8659
INV-EU-2024-00967,WO-2024-M12-00967,2024-02-28,Spain,Taiwan,TW2066889448,P-M12-EH-001,高強度引擎汽缸頭螺栓 M12,73181595,21182,1350.39,1456.3,8588
INV-EU-2024-00968,WO-2024-M12-00968,2024-02-28,Spain,Taiwan,TW2066468288,P-M12-EH-001,高強度引擎汽缸頭螺栓 M12,73181595,20095,1281.06,1381.53,5611
INV-EU-2024-00975,WO-2024-M10-00975,2024-02-28,Italy,Taiwan,TW2066433399,P-M10-BN-002,電動車電池模組固定螺母 M10,73181699,45637,775.84,814.63,6175
INV-EU-2024-00986,WO-2024-M12-00986,2024-02-28,Netherlands,Taiwan,TW2066977652,P-M12-EH-001,高強度引擎汽缸頭螺栓 M12,73181595,33407,2129.74,2296.77,13758
INV-EU-2024-00989,WO-2024-CS-00989,2024-02-28,France,Taiwan,TW2066834588,P-CS-BS-003,底盤懸吊臂襯套軸套,73269098,34273,9322.51,10007.97,66189
INV-EU-2024-00999,WO-2024-M10-00999,2024-02-28,France,Taiwan,TW2066468490,P-M10-BN-002,電動車電池模組固定螺母 M10,73181699,40446,687.59,721.97,2475
INV-EU-2024-01000,WO-2024-CS-01000,2024-02-28,Germany,Taiwan,TW2066606223,P-CS-BS-003,底盤懸吊臂襯套軸套,73269098,33148,9016.41,9679.37,52926
INV-EU-2024-01010,WO-2024-M12-01010,2024-02-28,Netherlands,Taiwan,TW2066969492,P-M12-EH-001,高強度引擎汽缸頭螺栓 M12,73181595,13082,834.02,899.43,5579
INV-EU-2024-01025,WO-2024-CS-01025,2024-02-28,Spain,Taiwan,TW2066333997,P-CS-BS-003,底盤懸吊臂襯套軸套,73269098,16123,4385.66,4708.12,13507
INV-EU-2024-01026,WO-2024-M10-01026,2024-02-28,Spain,Taiwan,TW2066925635,P-M10-BN-002,電動車電池模組固定螺母 M10,73181699,49148,835.53,877.31,3099
INV-EU-2024-00902,WO-2024-M12-00902,2024-02-29,Spain,Taiwan,TW2066998317,P-M12-EH-001,高強度引擎汽缸頭螺栓 M12,73181595,21537,1373,1480.68,8347
INV-EU-2024-00904,WO-2024-M12-00904,2024-02-29,France,Taiwan,TW2066795441,P-M12-EH-001,高強度引擎汽缸頭螺栓 M12,73181595,10180,649,699.9,2115
INV-EU-2024-00911,WO-2024-M12-00911,2024-02-29,France,Taiwan,TW2066183984,P-M12-EH-001,高強度引擎汽缸頭螺栓 M12,73181595,12167,775.65,836.49,5445
INV-EU-2024-00916,WO-2024-M12-00916,2024-02-29,Italy,Taiwan,TW2066182782,P-M12-EH-001,高強度引擎汽缸頭螺栓 M12,73181595,10377,661.58,713.47,4068
INV-EU-2024-00919,WO-2024-M10-00919,2024-02-29,Italy,Taiwan,TW2066166302,P-M10-BN-002,電動車電池模組固定螺母 M10,73181699,26736,454.52,477.25,1736
INV-EU-2024-00926,WO-2024-M10-00926,2024-02-29,Spain,Taiwan,TW2066374498,P-M10-BN-002,電動車電池模組固定螺母 M10,73181699,22473,382.05,401.15,2773
INV-EU-2024-00935,WO-2024-CS-00935,2024-02-29,Italy,Taiwan,TW2066714848,P-CS-BS-003,底盤懸吊臂襯套軸套,73269098,40336,10971.54,11778.26,85139
INV-EU-2024-00939,WO-2024-M10-00939,2024-02-29,Netherlands,Taiwan,TW2066462996,P-M10-BN-002,電動車電池模組固定螺母 M10,73181699,25995,441.93,464.03,2647
INV-EU-2024-00955,WO-2024-M10-00955,2024-02-29,Spain,Taiwan,TW2066684666,P-M10-BN-002,電動車電池模組固定螺母 M10,73181699,22874,388.86,408.3,1376
INV-EU-2024-00976,WO-2024-CS-00976,2024-02-29,Italy,Taiwan,TW2066778267,P-CS-BS-003,底盤懸吊臂襯套軸套,73269098,43702,11887.09,12761.13,91292
INV-EU-2024-00979,WO-2024-M12-00979,2024-02-29,Italy,Taiwan,TW2066333303,P-M12-EH-001,高強度引擎汽缸頭螺栓 M12,73181595,18866,1202.74,1297.07,4113
INV-EU-2024-00980,WO-2024-M10-00980,2024-02-29,France,Taiwan,TW2066467552,P-M10-BN-002,電動車電池模組固定螺母 M10,73181699,36212,615.61,646.39,4660
INV-EU-2024-00983,WO-2024-M12-00983,2024-02-29,Netherlands,Taiwan,TW2066780895,P-M12-EH-001,高強度引擎汽缸頭螺栓 M12,73181595,18197,1160.08,1251.06,7064
INV-EU-2024-00994,WO-2024-CS-00994,2024-02-29,Germany,Taiwan,TW2066492210,P-CS-BS-003,底盤懸吊臂襯套軸套,73269098,14078,3829.47,4111.03,17500
INV-EU-2024-01011,WO-2024-CS-01011,2024-02-29,Spain,Taiwan,TW2066555221,P-CS-BS-003,底盤懸吊臂襯套軸套,73269098,21991,5981.81,6421.63,26559
INV-EU-2024-01012,WO-2024-M10-01012,2024-02-29,Italy,Taiwan,TW2066269832,P-M10-BN-002,電動車電池模組固定螺母 M10,73181699,20359,346.11,363.42,2547
INV-EU-2024-01015,WO-2024-M10-01015,2024-02-29,Germany,Taiwan,TW2066213175,P-M10-BN-002,電動車電池模組固定螺母 M10,73181699,21650,368.05,386.45,2745
INV-EU-2024-01022,WO-2024-M10-01022,2024-02-29,Italy,Taiwan,TW2066281348,P-M10-BN-002,電動車電池模組固定螺母 M10,73181699,48252,820.3,861.31,6554
INV-EU-2024-01044,WO-2024-M12-01044,2024-02-29,France,Taiwan,TW2066467750,P-M12-EH-001,高強度引擎汽缸頭螺栓 M12,73181595,22267,1419.55,1530.88,11086
INV-EU-2024-00931,WO-2024-CS-00931,2024-03-01,Netherlands,Taiwan,TW2066640794,P-CS-BS-003,底盤懸吊臂襯套軸套,73269098,45497,12375.28,13285.22,72890
INV-EU-2024-00933,WO-2024-M10-00933,2024-03-01,Netherlands,Taiwan,TW2066658479,P-M10-BN-002,電動車電池模組固定螺母 M10,73181699,34943,594.04,623.74,3564
INV-EU-2024-00944,WO-2024-M10-00944,2024-03-01,France,Taiwan,TW2066443053,P-M10-BN-002,電動車電池模組固定螺母 M10,73181699,28277,480.72,504.76,2716
INV-EU-2024-00965,WO-2024-M12-00965,2024-03-01,Germany,Taiwan,TW2066987447,P-M12-EH-001,高強度引擎汽缸頭螺栓 M12,73181595,20605,1313.6,1416.63,9090
INV-EU-2024-00972,WO-2024-M10-00972,2024-03-01,Italy,Taiwan,TW2066316336,P-M10-BN-002,電動車電池模組固定螺母 M10,73181699,41380,703.47,738.64,2441
INV-EU-2024-00973,WO-2024-M10-00973,2024-03-01,Germany,Taiwan,TW2066976662,P-M10-BN-002,電動車電池模組固定螺母 M10,73181699,37781,642.28,674.39,4502
INV-EU-2024-00990,WO-2024-M12-00990,2024-03-01,Spain,Taiwan,TW2066493776,P-M12-EH-001,高強度引擎汽缸頭螺栓 M12,73181595,38295,2441.33,2632.8,15990
INV-EU-2024-00992,WO-2024-M10-00992,2024-03-01,Germany,Taiwan,TW2066870007,P-M10-BN-002,電動車電池模組固定螺母 M10,73181699,25672,436.44,458.26,1313
INV-EU-2024-00995,WO-2024-M10-00995,2024-03-01,Italy,Taiwan,TW2066248589,P-M10-BN-002,電動車電池模組固定螺母 M10,73181699,27420,466.15,489.46,2372
INV-EU-2024-00997,WO-2024-M10-00997,2024-03-01,Germany,Taiwan,TW2066368288,P-M10-BN-002,電動車電池模組固定螺母 M10,73181699,17115,290.97,305.52,1373
INV-EU-2024-01002,WO-2024-M10-01002,2024-03-01,Italy,Taiwan,TW2066666755,P-M10-BN-002,電動車電池模組固定螺母 M10,73181699,35644,605.96,636.26,1969
INV-EU-2024-01019,WO-2024-CS-01019,2024-03-01,Germany,Taiwan,TW2066324482,P-CS-BS-003,底盤懸吊臂襯套軸套,73269098,24263,6599.59,7084.85,38607
INV-EU-2024-01023,WO-2024-CS-01023,2024-03-01,Spain,Taiwan,TW2066808381,P-CS-BS-003,底盤懸吊臂襯套軸套,73269098,46731,12711.08,13645.7,94189
INV-EU-2024-01028,WO-2024-CS-01028,2024-03-01,Netherlands,Taiwan,TW2066634673,P-CS-BS-003,底盤懸吊臂襯套軸套,73269098,45227,12301.77,13206.31,43056
INV-EU-2024-01036,WO-2024-M10-01036,2024-03-01,Germany,Taiwan,TW2066386151,P-M10-BN-002,電動車電池模組固定螺母 M10,73181699,21828,371.09,389.64,1688
INV-EU-2024-01046,WO-2024-CS-01046,2024-03-01,Italy,Taiwan,TW2066762125,P-CS-BS-003,底盤懸吊臂襯套軸套,73269098,47671,12966.57,13919.99,48624
INV-EU-2024-01048,WO-2024-M10-01048,2024-03-01,Netherlands,Taiwan,TW2066637197,P-M10-BN-002,電動車電池模組固定螺母 M10,73181699,21811,370.8,389.34,1168
INV-EU-2024-01062,WO-2024-CS-01062,2024-03-01,France,Taiwan,TW2066621055,P-CS-BS-003,底盤懸吊臂襯套軸套,73269098,14434,3926.13,4214.81,17117
INV-EU-2024-00941,WO-2024-M12-00941,2024-03-02,Spain,Taiwan,TW2066945110,P-M12-EH-001,高強度引擎汽缸頭螺栓 M12,73181595,23896,1523.4,1642.88,5529
INV-EU-2024-00945,WO-2024-M10-00945,2024-03-02,Germany,Taiwan,TW2066832687,P-M10-BN-002,電動車電池模組固定螺母 M10,73181699,10850,184.46,193.68,831
INV-EU-2024-00946,WO-2024-CS-00946,2024-03-02,Italy,Taiwan,TW2066841780,P-CS-BS-003,底盤懸吊臂襯套軸套,73269098,42523,11566.42,12416.88,38631
INV-EU-2024-00948,WO-2024-M10-00948,2024-03-02,Spain,Taiwan,TW2066224008,P-M10-BN-002,電動車電池模組固定螺母 M10,73181699,29228,496.89,521.73,3716
INV-EU-2024-00950,WO-2024-M12-00950,2024-03-02,France,Taiwan,TW2066565352,P-M12-EH-001,高強度引擎汽缸頭螺栓 M12,73181595,17566,1119.87,1207.7,7290
INV-EU-2024-00951,WO-2024-M10-00951,2024-03-02,Netherlands,Taiwan,TW2066687422,P-M10-BN-002,電動車電池模組固定螺母 M10,73181699,13832,235.16,246.92,938
INV-EU-2024-00960,WO-2024-CS-00960,2024-03-02,Spain,Taiwan,TW2066703613,P-CS-BS-003,底盤懸吊臂襯套軸套,73269098,36229,9854.39,10578.97,53115
INV-EU-2024-00982,WO-2024-M10-00982,2024-03-02,France,Taiwan,TW2066740454,P-M10-BN-002,電動車電池模組固定螺母 M10,73181699,17143,291.44,306.01,1343
INV-EU-2024-00984,WO-2024-CS-00984,2024-03-02,France,Taiwan,TW2066427721,P-CS-BS-003,底盤懸吊臂襯套軸套,73269098,26986,7340.33,7880.05,49033
INV-EU-2024-01003,WO-2024-CS-01003,2024-03-02,Italy,Taiwan,TW2066528117,P-CS-BS-003,底盤懸吊臂襯套軸套,73269098,10687,2907.09,3120.83,13983
INV-EU-2024-01007,WO-2024-CS-01007,2024-03-02,Germany,Taiwan,TW2066460200,P-CS-BS-003,底盤懸吊臂襯套軸套,73269098,33654,9153.95,9827.03,39819
INV-EU-2024-01020,WO-2024-CS-01020,2024-03-02,Germany,Taiwan,TW2066296876,P-CS-BS-003,底盤懸吊臂襯套軸套,73269098,9956,2708.07,2907.19,18550
INV-EU-2024-01029,WO-2024-M12-01029,2024-03-02,Spain,Taiwan,TW2066111912,P-M12-EH-001,高強度引擎汽缸頭螺栓 M12,73181595,18186,1159.41,1250.34,7744
INV-EU-2024-01035,WO-2024-M10-01035,2024-03-02,France,Taiwan,TW2066286662,P-M10-BN-002,電動車電池模組固定螺母 M10,73181699,38977,662.61,695.74,5227
INV-EU-2024-01041,WO-2024-CS-01041,2024-03-02,Netherlands,Taiwan,TW2066469406,P-CS-BS-003,底盤懸吊臂襯套軸套,73269098,25731,6998.86,7513.48,34294
INV-EU-2024-01051,WO-2024-M10-01051,2024-03-02,Italy,Taiwan,TW2066810017,P-M10-BN-002,電動車電池模組固定螺母 M10,73181699,28500,484.51,508.74,2752
INV-EU-2024-01063,WO-2024-M12-01063,2024-03-02,Netherlands,Taiwan,TW2066785672,P-M12-EH-001,高強度引擎汽缸頭螺栓 M12,73181595,14010,893.14,963.19,5046
INV-EU-2024-01068,WO-2024-M10-01068,2024-03-02,Germany,Taiwan,TW2066740530,P-M10-BN-002,電動車電池模組固定螺母 M10,73181699,23725,403.34,423.51,1754
INV-EU-2024-00953,WO-2024-M12-00953,2024-03-03,Spain,Taiwan,TW2066912159,P-M12-EH-001,高強度引擎汽缸頭螺栓 M12,73181595,27393,1746.36,1883.32,9849
INV-EU-2024-00954,WO-2024-CS-00954,2024-03-03,Netherlands,Taiwan,TW2066561048,P-CS-BS-003,底盤懸吊臂襯套軸套,73269098,45975,12505.44,13424.94,92915
INV-EU-2024-00957,WO-2024-M10-00957,2024-03-03,Germany,Taiwan,TW2066553942,P-M10-BN-002,電動車電池模組固定螺母 M10,73181699,18489,314.33,330.05,1753
INV-EU-2024-00961,WO-2024-M12-00961,2024-03-03,France,Taiwan,TW2066869077,P-M12-EH-001,高強度引擎汽缸頭螺栓 M12,73181595,45518,2901.79,3129.38,22111
INV-EU-2024-00969,WO-2024-CS-00969,2024-03-03,Germany,Taiwan,TW2066805550,P-CS-BS-003,底盤懸吊臂襯套軸套,73269098,10131,2755.84,2958.46,21109
INV-EU-2024-00970,WO-2024-CS-00970,2024-03-03,Netherlands,Taiwan,TW2066159523,P-CS-BS-003,底盤懸吊臂襯套軸套,73269098,11619,3160.5,3392.88,14348
INV-EU-2024-00974,WO-2024-M12-00974,2024-03-03,Germany,Taiwan,TW2066231125,P-M12-EH-001,高強度引擎汽缸頭螺栓 M12,73181595,32849,2094.18,2258.42,7936
INV-EU-2024-00977,WO-2024-M10-00977,2024-03-03,France,Taiwan,TW2066948715,P-M10-BN-002,電動車電池模組固定螺母 M10,73181699,26908,457.44,480.31,2955
INV-EU-2024-00991,WO-2024-M12-00991,2024-03-03,Italy,Taiwan,TW2066963483,P-M12-EH-001,高強度引擎汽缸頭螺栓 M12,73181595,27695,1765.56,1904.03,11882
INV-EU-2024-00993,WO-2024-M10-00993,2024-03-03,Germany,Taiwan,TW2066414792,P-M10-BN-002,電動車電池模組固定螺母 M10,73181699,30992,526.87,553.21,4157
INV-EU-2024-01024,WO-2024-CS-01024,2024-03-03,Germany,Taiwan,TW2066970340,P-CS-BS-003,底盤懸吊臂襯套軸套,73269098,21995,5982.85,6422.75,22734
INV-EU-2024-01030,WO-2024-CS-01030,2024-03-03,Spain,Taiwan,TW2066116118,P-CS-BS-003,底盤懸吊臂襯套軸套,73269098,26671,7254.72,7788.14,51290
INV-EU-2024-01032,WO-2024-CS-01032,2024-03-03,Italy,Taiwan,TW2066177528,P-CS-BS-003,底盤懸吊臂襯套軸套,73269098,42613,11591,12443.26,57259
INV-EU-2024-01033,WO-2024-CS-01033,2024-03-03,Spain,Taiwan,TW2066512462,P-CS-BS-003,底盤懸吊臂襯套軸套,73269098,14964,4070.39,4369.67,30568
INV-EU-2024-01042,WO-2024-M12-01042,2024-03-03,Germany,Taiwan,TW2066876534,P-M12-EH-001,高強度引擎汽缸頭螺栓 M12,73181595,48441,3088.14,3330.34,11302
INV-EU-2024-01045,WO-2024-M12-01045,2024-03-03,France,Taiwan,TW2066728821,P-M12-EH-001,高強度引擎汽缸頭螺栓 M12,73181595,37002,2358.94,2543.95,13894
INV-EU-2024-01052,WO-2024-CS-01052,2024-03-03,Germany,Taiwan,TW2066835252,P-CS-BS-003,底盤懸吊臂襯套軸套,73269098,38461,10461.49,11230.71,73230
INV-EU-2024-01057,WO-2024-M12-01057,2024-03-03,France,Taiwan,TW2066922238,P-M12-EH-001,高強度引擎汽缸頭螺栓 M12,73181595,35019,2232.47,2407.56,14243
INV-EU-2024-01066,WO-2024-M10-01066,2024-03-03,Italy,Taiwan,TW2066378236,P-M10-BN-002,電動車電池模組固定螺母 M10,73181699,47595,809.13,849.59,5429
INV-EU-2024-01070,WO-2024-CS-01070,2024-03-03,France,Taiwan,TW2066300223,P-CS-BS-003,底盤懸吊臂襯套軸套,73269098,45597,12402.52,13314.46,80492
INV-EU-2024-01081,WO-2024-M10-01081,2024-03-03,France,Taiwan,TW2066449310,P-M10-BN-002,電動車電池模組固定螺母 M10,73181699,45136,767.32,805.69,4956
INV-EU-2024-01084,WO-2024-CS-01084,2024-03-03,Germany,Taiwan,TW2066387808,P-CS-BS-003,底盤懸吊臂襯套軸套,73269098,47697,12973.67,13927.61,76025
INV-EU-2024-01085,WO-2024-CS-01085,2024-03-03,France,Taiwan,TW2066751120,P-CS-BS-003,底盤懸吊臂襯套軸套,73269098,15811,4300.62,4616.84,18363
INV-EU-2024-01093,WO-2024-M10-01093,2024-03-03,Netherlands,Taiwan,TW2066937714,P-M10-BN-002,電動車電池模組固定螺母 M10,73181699,21238,361.06,379.11,1159
INV-EU-2024-01094,WO-2024-M12-01094,2024-03-03,France,Taiwan,TW2066488262,P-M12-EH-001,高強度引擎汽缸頭螺栓 M12,73181595,19753,1259.3,1358.07,6510
INV-EU-2024-00978,WO-2024-M10-00978,2024-03-04,Spain,Taiwan,TW2066439145,P-M10-BN-002,電動車電池模組固定螺母 M10,73181699,32517,552.8,580.44,1708
INV-EU-2024-00981,WO-2024-M10-00981,2024-03-04,France,Taiwan,TW2066260642,P-M10-BN-002,電動車電池模組固定螺母 M10,73181699,44825,762.03,800.13,4633
INV-EU-2024-00996,WO-2024-M12-00996,2024-03-04,Netherlands,Taiwan,TW2066688622,P-M12-EH-001,高強度引擎汽缸頭螺栓 M12,73181595,45957,2929.79,3159.57,20010
INV-EU-2024-01005,WO-2024-M12-01005,2024-03-04,Spain,Taiwan,TW2066731008,P-M12-EH-001,高強度引擎汽缸頭螺栓 M12,73181595,38874,2478.22,2672.59,11598
INV-EU-2024-01008,WO-2024-M12-01008,2024-03-04,Spain,Taiwan,TW2066361036,P-M12-EH-001,高強度引擎汽缸頭螺栓 M12,73181595,39181,2497.8,2693.71,12489
INV-EU-2024-01014,WO-2024-M12-01014,2024-03-04,Italy,Taiwan,TW2066288671,P-M12-EH-001,高強度引擎汽缸頭螺栓 M12,73181595,39770,2535.35,2734.2,15719
INV-EU-2024-01016,WO-2024-M10-01016,2024-03-04,Spain,Taiwan,TW2066673839,P-M10-BN-002,電動車電池模組固定螺母 M10,73181699,16197,275.36,289.13,1200
INV-EU-2024-01021,WO-2024-M12-01021,2024-03-04,Spain,Taiwan,TW2066144521,P-M12-EH-001,高強度引擎汽缸頭螺栓 M12,73181595,23113,1473.46,1589.03,9754
INV-EU-2024-01027,WO-2024-M10-01027,2024-03-04,Netherlands,Taiwan,TW2066865168,P-M10-BN-002,電動車電池模組固定螺母 M10,73181699,39032,663.56,696.74,4817
INV-EU-2024-01031,WO-2024-M12-01031,2024-03-04,Italy,Taiwan,TW2066526266,P-M12-EH-001,高強度引擎汽缸頭螺栓 M12,73181595,21777,1388.32,1497.2,6566
INV-EU-2024-01039,WO-2024-M12-01039,2024-03-04,Germany,Taiwan,TW2066427763,P-M12-EH-001,高強度引擎汽缸頭螺栓 M12,73181595,33729,2150.25,2318.89,11697
INV-EU-2024-01049,WO-2024-CS-01049,2024-03-04,Spain,Taiwan,TW2066783306,P-CS-BS-003,底盤懸吊臂襯套軸套,73269098,13510,3674.89,3945.09,23556
INV-EU-2024-01055,WO-2024-CS-01055,2024-03-04,France,Taiwan,TW2066966368,P-CS-BS-003,底盤懸吊臂襯套軸套,73269098,36208,9848.72,10572.88,57615
INV-EU-2024-01060,WO-2024-CS-01060,2024-03-04,Italy,Taiwan,TW2066651088,P-CS-BS-003,底盤懸吊臂襯套軸套,73269098,48171,13102.78,14066.2,82678
INV-EU-2024-01061,WO-2024-M10-01061,2024-03-04,France,Taiwan,TW2066652054,P-M10-BN-002,電動車電池模組固定螺母 M10,73181699,19942,339.02,355.97,1193
INV-EU-2024-01064,WO-2024-CS-01064,2024-03-04,Italy,Taiwan,TW2066414859,P-CS-BS-003,底盤懸吊臂襯套軸套,73269098,21385,5816.74,6244.44,33388
INV-EU-2024-01072,WO-2024-M12-01072,2024-03-04,France,Taiwan,TW2066114785,P-M12-EH-001,高強度引擎汽缸頭螺栓 M12,73181595,36357,2317.79,2499.57,17684
INV-EU-2024-01073,WO-2024-M12-01073,2024-03-04,Italy,Taiwan,TW2066646749,P-M12-EH-001,高強度引擎汽缸頭螺栓 M12,73181595,47972,3058.25,3298.11,9449
INV-EU-2024-01083,WO-2024-M12-01083,2024-03-04,Netherlands,Taiwan,TW2066469250,P-M12-EH-001,高強度引擎汽缸頭螺栓 M12,73181595,10462,666.97,719.28,2267
INV-EU-2024-01086,WO-2024-CS-01086,2024-03-04,France,Taiwan,TW2066361540,P-CS-BS-003,底盤懸吊臂襯套軸套,73269098,12584,3422.91,3674.59,10371
INV-EU-2024-01095,WO-2024-M12-01095,2024-03-04,Spain,Taiwan,TW2066911524,P-M12-EH-001,高強度引擎汽缸頭螺栓 M12,73181595,18697,1191.95,1285.43,5149
INV-EU-2024-01097,WO-2024-M12-01097,2024-03-04,France,Taiwan,TW2066837760,P-M12-EH-001,高強度引擎汽缸頭螺栓 M12,73181595,46708,2977.66,3211.2,15930
INV-EU-2024-01100,WO-2024-M12-01100,2024-03-04,Germany,Taiwan,TW2066615397,P-M12-EH-001,高強度引擎汽缸頭螺栓 M12,73181595,11956,762.22,822,4283
INV-EU-2024-01109,WO-2024-M10-01109,2024-03-04,France,Taiwan,TW2066932778,P-M10-BN-002,電動車電池模組固定螺母 M10,73181699,23041,391.7,411.28,1754
INV-EU-2024-01118,WO-2024-CS-01118,2024-03-04,France,Taiwan,TW2066349377,P-CS-BS-003,底盤懸吊臂襯套軸套,73269098,19187,5219.1,5602.84,22337
INV-EU-2024-00998,WO-2024-M12-00998,2024-03-05,Netherlands,Taiwan,TW2066931113,P-M12-EH-001,高強度引擎汽缸頭螺栓 M12,73181595,43228,2755.84,2971.98,13090
INV-EU-2024-01001,WO-2024-CS-01001,2024-03-05,France,Taiwan,TW2066840516,P-CS-BS-003,底盤懸吊臂襯套軸套,73269098,32806,8923.24,9579.36,27572
INV-EU-2024-01009,WO-2024-M12-01009,2024-03-05,Spain,Taiwan,TW2066920581,P-M12-EH-001,高強度引擎汽缸頭螺栓 M12,73181595,17274,1101.24,1187.61,6673
INV-EU-2024-01017,WO-2024-M12-01017,2024-03-05,Netherlands,Taiwan,TW2066267853,P-M12-EH-001,高強度引擎汽缸頭螺栓 M12,73181595,38368,2445.96,2637.8,14308
INV-EU-2024-01034,WO-2024-M12-01034,2024-03-05,Germany,Taiwan,TW2066885406,P-M12-EH-001,高強度引擎汽缸頭螺栓 M12,73181595,42676,2720.65,2934.03,10365
INV-EU-2024-01037,WO-2024-CS-01037,2024-03-05,France,Taiwan,TW2066802700,P-CS-BS-003,底盤懸吊臂襯套軸套,73269098,33220,9036.09,9700.49,59638
INV-EU-2024-01038,WO-2024-M12-01038,2024-03-05,Italy,Taiwan,TW2066481836,P-M12-EH-001,高強度引擎汽缸頭螺栓 M12,73181595,10638,678.23,731.42,3458
INV-EU-2024-01054,WO-2024-M12-01054,2024-03-05,Germany,Taiwan,TW2066282168,P-M12-EH-001,高強度引擎汽缸頭螺栓 M12,73181595,33659,2145.82,2314.12,10729
INV-EU-2024-01056,WO-2024-M12-01056,2024-03-05,France,Taiwan,TW2066156511,P-M12-EH-001,高強度引擎汽缸頭螺栓 M12,73181595,17704,1128.67,1217.19,8927
INV-EU-2024-01069,WO-2024-CS-01069,2024-03-05,Germany,Taiwan,TW2066656877,P-CS-BS-003,底盤懸吊臂襯套軸套,73269098,32848,8934.77,9591.73,42350
INV-EU-2024-01076,WO-2024-M10-01076,2024-03-05,Italy,Taiwan,TW2066701874,P-M10-BN-002,電動車電池模組固定螺母 M10,73181699,26657,453.18,475.84,1753
INV-EU-2024-01078,WO-2024-CS-01078,2024-03-05,Germany,Taiwan,TW2066102941,P-CS-BS-003,底盤懸吊臂襯套軸套,73269098,29107,7917.16,8499.3,31351
INV-EU-2024-01106,WO-2024-CS-01106,2024-03-05,Germany,Taiwan,TW2066615997,P-CS-BS-003,底盤懸吊臂襯套軸套,73269098,10093,2745.34,2947.2,21605
INV-EU-2024-01121,WO-2024-CS-01121,2024-03-05,Germany,Taiwan,TW2066995442,P-CS-BS-003,底盤懸吊臂襯套軸套,73269098,43033,11705,12565.66,44361
INV-EU-2024-01013,WO-2024-CS-01013,2024-03-06,Italy,Taiwan,TW2066175021,P-CS-BS-003,底盤懸吊臂襯套軸套,73269098,16612,4518.56,4850.8,19113
INV-EU-2024-01018,WO-2024-M12-01018,2024-03-06,Germany,Taiwan,TW2066287681,P-M12-EH-001,高強度引擎汽缸頭螺栓 M12,73181595,13819,881.02,950.12,3013
INV-EU-2024-01043,WO-2024-CS-01043,2024-03-06,France,Taiwan,TW2066687834,P-CS-BS-003,底盤懸吊臂襯套軸套,73269098,31921,8682.78,9321.2,58435
INV-EU-2024-01050,WO-2024-M12-01050,2024-03-06,France,Taiwan,TW2066457586,P-M12-EH-001,高強度引擎汽缸頭螺栓 M12,73181595,43138,2750.07,2965.76,20790
INV-EU-2024-01053,WO-2024-M10-01053,2024-03-06,Spain,Taiwan,TW2066824565,P-M10-BN-002,電動車電池模組固定螺母 M10,73181699,23281,395.78,415.57,2434
INV-EU-2024-01058,WO-2024-M10-01058,2024-03-06,Netherlands,Taiwan,TW2066141583,P-M10-BN-002,電動車電池模組固定螺母 M10,73181699,45437,772.44,811.06,5044
INV-EU-2024-01067,WO-2024-CS-01067,2024-03-06,Germany,Taiwan,TW2066277423,P-CS-BS-003,底盤懸吊臂襯套軸套,73269098,37573,10219.9,10971.36,66327
INV-EU-2024-01071,WO-2024-M12-01071,2024-03-06,France,Taiwan,TW2066775653,P-M12-EH-001,高強度引擎汽缸頭螺栓 M12,73181595,11066,705.46,760.79,4112
INV-EU-2024-01077,WO-2024-M12-01077,2024-03-06,Netherlands,Taiwan,TW2066539175,P-M12-EH-001,高強度引擎汽缸頭螺栓 M12,73181595,15100,962.66,1038.16,6324
INV-EU-2024-01079,WO-2024-CS-01079,2024-03-06,Germany,Taiwan,TW2066875436,P-CS-BS-003,底盤懸吊臂襯套軸套,73269098,21574,5868.29,6299.77,46476
INV-EU-2024-01082,WO-2024-CS-01082,2024-03-06,Germany,Taiwan,TW2066818232,P-CS-BS-003,底盤懸吊臂襯套軸套,73269098,47273,12858.26,13803.72,100808
INV-EU-2024-01096,WO-2024-CS-01096,2024-03-06,Italy,Taiwan,TW2066268888,P-CS-BS-003,底盤懸吊臂襯套軸套,73269098,19193,5220.72,5604.58,17228
INV-EU-2024-01103,WO-2024-CS-01103,2024-03-06,Spain,Taiwan,TW2066614907,P-CS-BS-003,底盤懸吊臂襯套軸套,73269098,20448,5561.91,5970.87,17853
INV-EU-2024-01104,WO-2024-M10-01104,2024-03-06,Spain,Taiwan,TW2066979247,P-M10-BN-002,電動車電池模組固定螺母 M10,73181699,27632,469.75,493.24,3217
INV-EU-2024-01105,WO-2024-M10-01105,2024-03-06,Germany,Taiwan,TW2066567897,P-M10-BN-002,電動車電池模組固定螺母 M10,73181699,41052,697.9,732.79,5143
INV-EU-2024-01107,WO-2024-M10-01107,2024-03-06,Italy,Taiwan,TW2066355593,P-M10-BN-002,電動車電池模組固定螺母 M10,73181699,40997,696.96,731.81,5429
INV-EU-2024-01112,WO-2024-CS-01112,2024-03-06,Germany,Taiwan,TW2066232549,P-CS-BS-003,底盤懸吊臂襯套軸套,73269098,26174,7119.37,7642.85,53608
INV-EU-2024-01127,WO-2024-CS-01127,2024-03-06,Germany,Taiwan,TW2066436773,P-CS-BS-003,底盤懸吊臂襯套軸套,73269098,43589,11856.25,12728.03,77421
INV-EU-2024-01131,WO-2024-M12-01131,2024-03-06,Spain,Taiwan,TW2066183904,P-M12-EH-001,高強度引擎汽缸頭螺栓 M12,73181595,12778,814.63,878.52,3796
INV-EU-2024-01132,WO-2024-M12-01132,2024-03-06,Germany,Taiwan,TW2066950433,P-M12-EH-001,高強度引擎汽缸頭螺栓 M12,73181595,27245,1736.89,1873.12,8580
INV-EU-2024-01134,WO-2024-CS-01134,2024-03-06,Spain,Taiwan,TW2066204385,P-CS-BS-003,底盤懸吊臂襯套軸套,73269098,48891,13298.59,14276.41,58247
INV-EU-2024-01142,WO-2024-CS-01142,2024-03-06,Germany,Taiwan,TW2066766762,P-CS-BS-003,底盤懸吊臂襯套軸套,73269098,13238,3600.92,3865.68,24954
INV-EU-2024-01040,WO-2024-M12-01040,2024-03-07,Netherlands,Taiwan,TW2066241936,P-M12-EH-001,高強度引擎汽缸頭螺栓 M12,73181595,27601,1759.61,1897.61,9589
INV-EU-2024-01047,WO-2024-M10-01047,2024-03-07,Spain,Taiwan,TW2066834780,P-M10-BN-002,電動車電池模組固定螺母 M10,73181699,37752,641.8,673.89,3735
INV-EU-2024-01059,WO-2024-M10-01059,2024-03-07,Spain,Taiwan,TW2066491535,P-M10-BN-002,電動車電池模組固定螺母 M10,73181699,14778,251.24,263.8,1783
INV-EU-2024-01089,WO-2024-M10-01089,2024-03-07,Netherlands,Taiwan,TW2066650453,P-M10-BN-002,電動車電池模組固定螺母 M10,73181699,22701,385.93,405.23,2894
INV-EU-2024-01111,WO-2024-M10-01111,2024-03-07,Italy,Taiwan,TW2066708327,P-M10-BN-002,電動車電池模組固定螺母 M10,73181699,19475,331.08,347.63,2380
INV-EU-2024-01117,WO-2024-M12-01117,2024-03-07,France,Taiwan,TW2066896402,P-M12-EH-001,高強度引擎汽缸頭螺栓 M12,73181595,26002,1657.64,1787.65,9680
INV-EU-2024-01125,WO-2024-CS-01125,2024-03-07,Germany,Taiwan,TW2066281349,P-CS-BS-003,底盤懸吊臂襯套軸套,73269098,34824,9472.15,10168.63,47266
INV-EU-2024-01126,WO-2024-M12-01126,2024-03-07,France,Taiwan,TW2066943637,P-M12-EH-001,高強度引擎汽缸頭螺栓 M12,73181595,32095,2046.12,2206.59,16123
INV-EU-2024-01143,WO-2024-CS-01143,2024-03-07,Spain,Taiwan,TW2066855180,P-CS-BS-003,底盤懸吊臂襯套軸套,73269098,48889,13297.83,14275.61,83643
INV-EU-2024-01151,WO-2024-CS-01151,2024-03-07,France,Taiwan,TW2066995341,P-CS-BS-003,底盤懸吊臂襯套軸套,73269098,16969,4615.61,4954.99,29262
INV-EU-2024-01154,WO-2024-M12-01154,2024-03-07,Netherlands,Taiwan,TW2066663174,P-M12-EH-001,高強度引擎汽缸頭螺栓 M12,73181595,17118,1091.31,1176.9,8675
INV-EU-2024-01158,WO-2024-CS-01158,2024-03-07,Italy,Taiwan,TW2066550391,P-CS-BS-003,底盤懸吊臂襯套軸套,73269098,25165,6845.15,7348.45,42576
INV-EU-2024-01160,WO-2024-M10-01160,2024-03-07,Italy,Taiwan,TW2066978189,P-M10-BN-002,電動車電池模組固定螺母 M10,73181699,33318,566.41,594.73,2214
INV-EU-2024-01065,WO-2024-M10-01065,2024-03-08,Italy,Taiwan,TW2066909095,P-M10-BN-002,電動車電池模組固定螺母 M10,73181699,14383,244.52,256.75,1701
INV-EU-2024-01090,WO-2024-M10-01090,2024-03-08,Germany,Taiwan,TW2066487754,P-M10-BN-002,電動車電池模組固定螺母 M10,73181699,42338,719.75,755.74,4771
INV-EU-2024-01092,WO-2024-M10-01092,2024-03-08,France,Taiwan,TW2066440092,P-M10-BN-002,電動車電池模組固定螺母 M10,73181699,30437,517.43,543.3,1821
INV-EU-2024-01099,WO-2024-M10-01099,2024-03-08,France,Taiwan,TW2066332300,P-M10-BN-002,電動車電池模組固定螺母 M10,73181699,40251,684.27,718.48,4146
INV-EU-2024-01120,WO-2024-M12-01120,2024-03-08,Italy,Taiwan,TW2066346416,P-M12-EH-001,高強度引擎汽缸頭螺栓 M12,73181595,29272,1866.12,2012.48,7184
INV-EU-2024-01123,WO-2024-M12-01123,2024-03-08,Netherlands,Taiwan,TW2066117068,P-M12-EH-001,高強度引擎汽缸頭螺栓 M12,73181595,45245,2884.39,3110.61,10960
INV-EU-2024-01137,WO-2024-M10-01137,2024-03-08,Italy,Taiwan,TW2066467202,P-M10-BN-002,電動車電池模組固定螺母 M10,73181699,18105,307.79,323.18,1449
INV-EU-2024-01139,WO-2024-CS-01139,2024-03-08,Spain,Taiwan,TW2066190215,P-CS-BS-003,底盤懸吊臂襯套軸套,73269098,44738,12168.88,13063.64,63764
INV-EU-2024-01146,WO-2024-M10-01146,2024-03-08,Spain,Taiwan,TW2066321836,P-M10-BN-002,電動車電池模組固定螺母 M10,73181699,12897,219.26,230.22,918
INV-EU-2024-01155,WO-2024-M10-01155,2024-03-08,France,Taiwan,TW2066625676,P-M10-BN-002,電動車電池模組固定螺母 M10,73181699,27827,473.06,496.71,3245
INV-EU-2024-01161,WO-2024-M10-01161,2024-03-08,France,Taiwan,TW2066314754,P-M10-BN-002,電動車電池模組固定螺母 M10,73181699,21867,371.74,390.33,2490
INV-EU-2024-01166,WO-2024-M12-01166,2024-03-08,Germany,Taiwan,TW2066234908,P-M12-EH-001,高強度引擎汽缸頭螺栓 M12,73181595,35342,2253.09,2429.8,12977
INV-EU-2024-01074,WO-2024-M12-01074,2024-03-09,Italy,Taiwan,TW2066457681,P-M12-EH-001,高強度引擎汽缸頭螺栓 M12,73181595,47267,3013.32,3249.66,21093
INV-EU-2024-01075,WO-2024-M10-01075,2024-03-09,Spain,Taiwan,TW2066572245,P-M10-BN-002,電動車電池模組固定螺母 M10,73181699,42059,715.02,750.77,3231
INV-EU-2024-01080,WO-2024-CS-01080,2024-03-09,Netherlands,Taiwan,TW2066550396,P-CS-BS-003,底盤懸吊臂襯套軸套,73269098,20005,5441.5,5841.6,34063
INV-EU-2024-01087,WO-2024-M12-01087,2024-03-09,France,Taiwan,TW2066549275,P-M12-EH-001,高強度引擎汽缸頭螺栓 M12,73181595,46755,2980.68,3214.45,19284
INV-EU-2024-01091,WO-2024-M10-01091,2024-03-09,Netherlands,Taiwan,TW2066540228,P-M10-BN-002,電動車電池模組固定螺母 M10,73181699,32722,556.29,584.1,2430
INV-EU-2024-01101,WO-2024-M12-01101,2024-03-09,France,Taiwan,TW2066927237,P-M12-EH-001,高強度引擎汽缸頭螺栓 M12,73181595,19804,1262.53,1361.55,10100
INV-EU-2024-01102,WO-2024-CS-01102,2024-03-09,Spain,Taiwan,TW2066365328,P-CS-BS-003,底盤懸吊臂襯套軸套,73269098,24528,6671.75,7162.31,20815
INV-EU-2024-01108,WO-2024-M12-01108,2024-03-09,Italy,Taiwan,TW2066454873,P-M12-EH-001,高強度引擎汽缸頭螺栓 M12,73181595,34539,2201.92,2374.62,8609
INV-EU-2024-01113,WO-2024-M10-01113,2024-03-09,Germany,Taiwan,TW2066423302,P-M10-BN-002,電動車電池模組固定螺母 M10,73181699,15602,265.25,278.51,1018
INV-EU-2024-01129,WO-2024-CS-01129,2024-03-09,Spain,Taiwan,TW2066954766,P-CS-BS-003,底盤懸吊臂襯套軸套,73269098,18330,4985.94,5352.54,26126
INV-EU-2024-01138,WO-2024-CS-01138,2024-03-09,Netherlands,Taiwan,TW2066262747,P-CS-BS-003,底盤懸吊臂襯套軸套,73269098,27731,7542.96,8097.58,48802
INV-EU-2024-01147,WO-2024-M12-01147,2024-03-09,Germany,Taiwan,TW2066242459,P-M12-EH-001,高強度引擎汽缸頭螺栓 M12,73181595,15036,958.59,1033.77,7016
INV-EU-2024-01150,WO-2024-CS-01150,2024-03-09,Spain,Taiwan,TW2066962441,P-CS-BS-003,底盤懸吊臂襯套軸套,73269098,13446,3657.4,3926.32,26772
INV-EU-2024-01159,WO-2024-M12-01159,2024-03-09,Netherlands,Taiwan,TW2066539214,P-M12-EH-001,高強度引擎汽缸頭螺栓 M12,73181595,34768,2216.47,2390.31,15847
INV-EU-2024-01163,WO-2024-CS-01163,2024-03-09,France,Taiwan,TW2066133550,P-CS-BS-003,底盤懸吊臂襯套軸套,73269098,25687,6987.04,7500.78,28576
INV-EU-2024-01170,WO-2024-CS-01170,2024-03-09,France,Taiwan,TW2066669186,P-CS-BS-003,底盤懸吊臂襯套軸套,73269098,31790,8647.12,9282.92,49547
INV-EU-2024-01174,WO-2024-M12-01174,2024-03-09,Spain,Taiwan,TW2066255152,P-M12-EH-001,高強度引擎汽缸頭螺栓 M12,73181595,42664,2719.89,2933.21,16047
INV-EU-2024-01175,WO-2024-M12-01175,2024-03-09,France,Taiwan,TW2066322377,P-M12-EH-001,高強度引擎汽缸頭螺栓 M12,73181595,36642,2335.94,2519.15,10628
INV-EU-2024-01177,WO-2024-CS-01177,2024-03-09,Germany,Taiwan,TW2066397449,P-CS-BS-003,底盤懸吊臂襯套軸套,73269098,19787,5382.28,5778.02,42466
INV-EU-2024-01198,WO-2024-M10-01198,2024-03-09,Netherlands,Taiwan,TW2066660636,P-M10-BN-002,電動車電池模組固定螺母 M10,73181699,28588,486.01,510.31,2775
INV-EU-2024-01088,WO-2024-M12-01088,2024-03-10,Germany,Taiwan,TW2066189010,P-M12-EH-001,高強度引擎汽缸頭螺栓 M12,73181595,49276,3141.39,3387.77,24377
INV-EU-2024-01098,WO-2024-CS-01098,2024-03-10,Italy,Taiwan,TW2066515435,P-CS-BS-003,底盤懸吊臂襯套軸套,73269098,34932,9501.57,10200.21,64325
INV-EU-2024-01110,WO-2024-M10-01110,2024-03-10,Italy,Taiwan,TW2066671364,P-M10-BN-002,電動車電池模組固定螺母 M10,73181699,13994,237.9,249.8,861
INV-EU-2024-01116,WO-2024-M10-01116,2024-03-10,Spain,Taiwan,TW2066322655,P-M10-BN-002,電動車電池模組固定螺母 M10,73181699,17717,301.19,316.25,2020
INV-EU-2024-01124,WO-2024-CS-01124,2024-03-10,Germany,Taiwan,TW2066259378,P-CS-BS-003,底盤懸吊臂襯套軸套,73269098,44541,12115.34,13006.16,95832
INV-EU-2024-01140,WO-2024-M10-01140,2024-03-10,France,Taiwan,TW2066599935,P-M10-BN-002,電動車電池模組固定螺母 M10,73181699,39222,666.78,700.12,2333
INV-EU-2024-01141,WO-2024-M10-01141,2024-03-10,Germany,Taiwan,TW2066690057,P-M10-BN-002,電動車電池模組固定螺母 M10,73181699,34064,579.09,608.04,2281
INV-EU-2024-01145,WO-2024-CS-01145,2024-03-10,Spain,Taiwan,TW2066371739,P-CS-BS-003,底盤懸吊臂襯套軸套,73269098,21872,5949.35,6386.79,19454
INV-EU-2024-01156,WO-2024-M10-01156,2024-03-10,Spain,Taiwan,TW2066659984,P-M10-BN-002,電動車電池模組固定螺母 M10,73181699,34687,589.69,619.17,2382
INV-EU-2024-01162,WO-2024-M12-01162,2024-03-10,Netherlands,Taiwan,TW2066328297,P-M12-EH-001,高強度引擎汽缸頭螺栓 M12,73181595,27135,1729.91,1865.59,8960
INV-EU-2024-01165,WO-2024-M12-01165,2024-03-10,Spain,Taiwan,TW2066905393,P-M12-EH-001,高強度引擎汽缸頭螺栓 M12,73181595,46398,2957.9,3189.89,9110
INV-EU-2024-01169,WO-2024-CS-01169,2024-03-10,Spain,Taiwan,TW2066399083,P-CS-BS-003,底盤懸吊臂襯套軸套,73269098,20157,5482.84,5885.98,34212
INV-EU-2024-01183,WO-2024-CS-01183,2024-03-10,Netherlands,Taiwan,TW2066337452,P-CS-BS-003,底盤懸吊臂襯套軸套,73269098,10583,2878.81,3090.47,20468
INV-EU-2024-01190,WO-2024-CS-01190,2024-03-10,Spain,Taiwan,TW2066925413,P-CS-BS-003,底盤懸吊臂襯套軸套,73269098,41909,11399.47,12237.65,52779
INV-EU-2024-01196,WO-2024-M10-01196,2024-03-10,Italy,Taiwan,TW2066563173,P-M10-BN-002,電動車電池模組固定螺母 M10,73181699,28165,478.82,502.76,3720
INV-EU-2024-01212,WO-2024-M10-01212,2024-03-10,Italy,Taiwan,TW2066650516,P-M10-BN-002,電動車電池模組固定螺母 M10,73181699,39634,673.78,707.47,3712
INV-EU-2024-01114,WO-2024-CS-01114,2024-03-11,Netherlands,Taiwan,TW2066769977,P-CS-BS-003,底盤懸吊臂襯套軸套,73269098,38742,10537.93,11312.77,76294
INV-EU-2024-01115,WO-2024-CS-01115,2024-03-11,Netherlands,Taiwan,TW2066536092,P-CS-BS-003,底盤懸吊臂襯套軸套,73269098,31648,8608.43,9241.39,47432
INV-EU-2024-01128,WO-2024-M12-01128,2024-03-11,Germany,Taiwan,TW2066372716,P-M12-EH-001,高強度引擎汽缸頭螺栓 M12,73181595,20831,1327.98,1432.13,4794
INV-EU-2024-01133,WO-2024-CS-01133,2024-03-11,Italy,Taiwan,TW2066679188,P-CS-BS-003,底盤懸吊臂襯套軸套,73269098,39233,10671.38,11456.04,52609
INV-EU-2024-01135,WO-2024-CS-01135,2024-03-11,France,Taiwan,TW2066564110,P-CS-BS-003,底盤懸吊臂襯套軸套,73269098,18970,5159.98,5539.38,16821
INV-EU-2024-01157,WO-2024-M10-01157,2024-03-11,France,Taiwan,TW2066639478,P-M10-BN-002,電動車電池模組固定螺母 M10,73181699,20871,354.81,372.55,2253
INV-EU-2024-01167,WO-2024-CS-01167,2024-03-11,Italy,Taiwan,TW2066146240,P-CS-BS-003,底盤懸吊臂襯套軸套,73269098,10578,2877.39,3088.95,15307
INV-EU-2024-01179,WO-2024-M10-01179,2024-03-11,France,Taiwan,TW2066348270,P-M10-BN-002,電動車電池模組固定螺母 M10,73181699,47501,807.53,847.91,4514
INV-EU-2024-01186,WO-2024-M10-01186,2024-03-11,Italy,Taiwan,TW2066290885,P-M10-BN-002,電動車電池模組固定螺母 M10,73181699,11890,202.14,212.25,1020
INV-EU-2024-01192,WO-2024-CS-01192,2024-03-11,Italy,Taiwan,TW2066234105,P-CS-BS-003,底盤懸吊臂襯套軸套,73269098,17456,4748.23,5097.35,26874
INV-EU-2024-01202,WO-2024-M10-01202,2024-03-11,France,Taiwan,TW2066344644,P-M10-BN-002,電動車電池模組固定螺母 M10,73181699,13938,236.95,248.8,807
INV-EU-2024-01204,WO-2024-M10-01204,2024-03-11,Italy,Taiwan,TW2066945668,P-M10-BN-002,電動車電池模組固定螺母 M10,73181699,47585,808.95,849.4,3640
INV-EU-2024-01206,WO-2024-M12-01206,2024-03-11,Italy,Taiwan,TW2066270492,P-M12-EH-001,高強度引擎汽缸頭螺栓 M12,73181595,30816,1964.58,2118.66,11669
INV-EU-2024-01215,WO-2024-M12-01215,2024-03-11,Italy,Taiwan,TW2066574036,P-M12-EH-001,高強度引擎汽缸頭螺栓 M12,73181595,12937,824.75,889.43,5311
INV-EU-2024-01230,WO-2024-M12-01230,2024-03-11,Spain,Taiwan,TW2066463066,P-M12-EH-001,高強度引擎汽缸頭螺栓 M12,73181595,37035,2361.02,2546.2,7555
INV-EU-2024-01234,WO-2024-CS-01234,2024-03-11,Germany,Taiwan,TW2066884135,P-CS-BS-003,底盤懸吊臂襯套軸套,73269098,21939,5967.42,6406.2,40757
INV-EU-2024-01119,WO-2024-CS-01119,2024-03-12,Germany,Taiwan,TW2066551676,P-CS-BS-003,底盤懸吊臂襯套軸套,73269098,33718,9171.44,9845.8,40721
INV-EU-2024-01122,WO-2024-M10-01122,2024-03-12,France,Taiwan,TW2066722844,P-M10-BN-002,電動車電池模組固定螺母 M10,73181699,21467,364.94,383.19,2375
INV-EU-2024-01130,WO-2024-M12-01130,2024-03-12,Italy,Taiwan,TW2066514883,P-M12-EH-001,高強度引擎汽缸頭螺栓 M12,73181595,28548,1819.94,1962.68,8772
INV-EU-2024-01136,WO-2024-M12-01136,2024-03-12,Netherlands,Taiwan,TW2066116530,P-M12-EH-001,高強度引擎汽缸頭螺栓 M12,73181595,31591,2013.95,2171.91,11620
INV-EU-2024-01152,WO-2024-CS-01152,2024-03-12,Spain,Taiwan,TW2066402326,P-CS-BS-003,底盤懸吊臂襯套軸套,73269098,39855,10840.8,11637.9,62876
INV-EU-2024-01171,WO-2024-M10-01171,2024-03-12,Spain,Taiwan,TW2066108379,P-M10-BN-002,電動車電池模組固定螺母 M10,73181699,22924,389.72,409.21,1364
INV-EU-2024-01210,WO-2024-M10-01210,2024-03-12,Italy,Taiwan,TW2066725258,P-M10-BN-002,電動車電池模組固定螺母 M10,73181699,33462,568.87,597.31,4260
INV-EU-2024-01213,WO-2024-M10-01213,2024-03-12,Netherlands,Taiwan,TW2066472276,P-M10-BN-002,電動車電池模組固定螺母 M10,73181699,41720,709.25,744.71,4042
INV-EU-2024-01216,WO-2024-CS-01216,2024-03-12,France,Taiwan,TW2066116499,P-CS-BS-003,底盤懸吊臂襯套軸套,73269098,30622,8329.39,8941.83,43479
INV-EU-2024-01219,WO-2024-M12-01219,2024-03-12,Spain,Taiwan,TW2066873623,P-M12-EH-001,高強度引擎汽缸頭螺栓 M12,73181595,28880,1841.14,1985.54,8101
INV-EU-2024-01222,WO-2024-M12-01222,2024-03-12,Spain,Taiwan,TW2066549012,P-M12-EH-001,高強度引擎汽缸頭螺栓 M12,73181595,17740,1130.95,1219.65,7170
INV-EU-2024-01226,WO-2024-M10-01226,2024-03-12,France,Taiwan,TW2066466003,P-M10-BN-002,電動車電池模組固定螺母 M10,73181699,49059,834.02,875.72,3486
INV-EU-2024-01236,WO-2024-M10-01236,2024-03-12,Spain,Taiwan,TW2066859836,P-M10-BN-002,電動車電池模組固定螺母 M10,73181699,26758,454.89,477.63,2124
INV-EU-2024-01237,WO-2024-CS-01237,2024-03-12,Spain,Taiwan,TW2066513647,P-CS-BS-003,底盤懸吊臂襯套軸套,73269098,36954,10051.62,10790.7,34376
INV-EU-2024-01245,WO-2024-CS-01245,2024-03-12,Germany,Taiwan,TW2066497964,P-CS-BS-003,底盤懸吊臂襯套軸套,73269098,21451,5834.82,6263.84,24447
INV-EU-2024-01254,WO-2024-M12-01254,2024-03-12,Netherlands,Taiwan,TW2066742052,P-M12-EH-001,高強度引擎汽缸頭螺栓 M12,73181595,47675,3039.33,3277.7,16959
INV-EU-2024-01144,WO-2024-M10-01144,2024-03-13,Netherlands,Taiwan,TW2066960405,P-M10-BN-002,電動車電池模組固定螺母 M10,73181699,12435,211.41,221.98,1033
INV-EU-2024-01168,WO-2024-M10-01168,2024-03-13,Netherlands,Taiwan,TW2066803488,P-M10-BN-002,電動車電池模組固定螺母 M10,73181699,44168,750.87,788.41,4993
INV-EU-2024-01172,WO-2024-CS-01172,2024-03-13,Germany,Taiwan,TW2066766378,P-CS-BS-003,底盤懸吊臂襯套軸套,73269098,49417,13441.51,14429.85,49733
INV-EU-2024-01173,WO-2024-CS-01173,2024-03-13,Germany,Taiwan,TW2066192595,P-CS-BS-003,底盤懸吊臂襯套軸套,73269098,35108,9549.43,10251.59,46123
INV-EU-2024-01180,WO-2024-M10-01180,2024-03-13,Germany,Taiwan,TW2066400521,P-M10-BN-002,電動車電池模組固定螺母 M10,73181699,27319,464.44,487.66,2531
INV-EU-2024-01187,WO-2024-M12-01187,2024-03-13,Spain,Taiwan,TW2066203858,P-M12-EH-001,高強度引擎汽缸頭螺栓 M12,73181595,47987,3059.2,3299.13,9514
INV-EU-2024-01188,WO-2024-M10-01188,2024-03-13,Spain,Taiwan,TW2066655791,P-M10-BN-002,電動車電池模組固定螺母 M10,73181699,26418,449.12,471.58,1899
INV-EU-2024-01194,WO-2024-M12-01194,2024-03-13,Germany,Taiwan,TW2066389513,P-M12-EH-001,高強度引擎汽缸頭螺栓 M12,73181595,27482,1752.04,1889.45,9093
INV-EU-2024-01197,WO-2024-M12-01197,2024-03-13,Germany,Taiwan,TW2066108176,P-M12-EH-001,高強度引擎汽缸頭螺栓 M12,73181595,21302,1358.06,1464.57,10212
INV-EU-2024-01199,WO-2024-CS-01199,2024-03-13,Italy,Taiwan,TW2066160456,P-CS-BS-003,底盤懸吊臂襯套軸套,73269098,42212,11481.86,12326.1,63379
INV-EU-2024-01200,WO-2024-M10-01200,2024-03-13,Germany,Taiwan,TW2066983807,P-M10-BN-002,電動車電池模組固定螺母 M10,73181699,34437,585.43,614.7,2499
INV-EU-2024-01203,WO-2024-M10-01203,2024-03-13,Italy,Taiwan,TW2066686530,P-M10-BN-002,電動車電池模組固定螺母 M10,73181699,42521,722.87,759.01,4366
INV-EU-2024-01205,WO-2024-CS-01205,2024-03-13,Germany,Taiwan,TW2066895229,P-CS-BS-003,底盤懸吊臂襯套軸套,73269098,12844,3493.66,3750.54,16105
INV-EU-2024-01208,WO-2024-CS-01208,2024-03-13,Italy,Taiwan,TW2066895638,P-CS-BS-003,底盤懸吊臂襯套軸套,73269098,30328,8249.46,8856.02,47929
INV-EU-2024-01209,WO-2024-CS-01209,2024-03-13,Italy,Taiwan,TW2066457552,P-CS-BS-003,底盤懸吊臂襯套軸套,73269098,42860,11657.99,12515.19,44999
INV-EU-2024-01235,WO-2024-M12-01235,2024-03-13,Netherlands,Taiwan,TW2066571901,P-M12-EH-001,高強度引擎汽缸頭螺栓 M12,73181595,28474,1815.22,1957.59,6589
INV-EU-2024-01243,WO-2024-CS-01243,2024-03-13,France,Taiwan,TW2066326740,P-CS-BS-003,底盤懸吊臂襯套軸套,73269098,29860,8121.95,8719.15,28914
INV-EU-2024-01247,WO-2024-CS-01247,2024-03-13,Netherlands,Taiwan,TW2066698239,P-CS-BS-003,底盤懸吊臂襯套軸套,73269098,20679,5624.91,6038.49,42186
INV-EU-2024-01250,WO-2024-M12-01250,2024-03-13,Germany,Taiwan,TW2066517314,P-M12-EH-001,高強度引擎汽缸頭螺栓 M12,73181595,40402,2575.65,2777.66,18338
INV-EU-2024-01251,WO-2024-M12-01251,2024-03-13,Spain,Taiwan,TW2066546153,P-M12-EH-001,高強度引擎汽缸頭螺栓 M12,73181595,26169,1668.32,1799.16,7991
INV-EU-2024-01253,WO-2024-M10-01253,2024-03-13,France,Taiwan,TW2066447778,P-M10-BN-002,電動車電池模組固定螺母 M10,73181699,44719,760.23,798.24,5891
INV-EU-2024-01270,WO-2024-M12-01270,2024-03-13,Netherlands,Taiwan,TW2066272777,P-M12-EH-001,高強度引擎汽缸頭螺栓 M12,73181595,18413,1173.88,1265.95,7806
INV-EU-2024-01148,WO-2024-CS-01148,2024-03-14,Italy,Taiwan,TW2066567750,P-CS-BS-003,底盤懸吊臂襯套軸套,73269098,18157,4938.74,5301.88,19112
INV-EU-2024-01149,WO-2024-M12-01149,2024-03-14,Italy,Taiwan,TW2066161566,P-M12-EH-001,高強度引擎汽缸頭螺栓 M12,73181595,30205,1925.61,2076.63,15039
INV-EU-2024-01153,WO-2024-CS-01153,2024-03-14,France,Taiwan,TW2066402961,P-CS-BS-003,底盤懸吊臂襯套軸套,73269098,33714,9170.41,9844.69,64926
INV-EU-2024-01164,WO-2024-CS-01164,2024-03-14,France,Taiwan,TW2066420890,P-CS-BS-003,底盤懸吊臂襯套軸套,73269098,11207,3048.42,3272.56,15546
INV-EU-2024-01176,WO-2024-CS-01176,2024-03-14,Germany,Taiwan,TW2066474062,P-CS-BS-003,底盤懸吊臂襯套軸套,73269098,10138,2757.73,2960.49,19221
INV-EU-2024-01182,WO-2024-M10-01182,2024-03-14,Italy,Taiwan,TW2066576839,P-M10-BN-002,電動車電池模組固定螺母 M10,73181699,49632,843.76,885.95,5484
INV-EU-2024-01189,WO-2024-M10-01189,2024-03-14,France,Taiwan,TW2066313950,P-M10-BN-002,電動車電池模組固定螺母 M10,73181699,32534,553.08,580.73,1858
INV-EU-2024-01191,WO-2024-CS-01191,2024-03-14,Germany,Taiwan,TW2066355727,P-CS-BS-003,底盤懸吊臂襯套軸套,73269098,14598,3970.69,4262.65,13738
INV-EU-2024-01207,WO-2024-M10-01207,2024-03-14,Netherlands,Taiwan,TW2066874520,P-M10-BN-002,電動車電池模組固定螺母 M10,73181699,17611,299.39,314.36,1871
INV-EU-2024-01211,WO-2024-M10-01211,2024-03-14,Germany,Taiwan,TW2066884514,P-M10-BN-002,電動車電池模組固定螺母 M10,73181699,11099,188.7,198.13,900
INV-EU-2024-01220,WO-2024-M10-01220,2024-03-14,France,Taiwan,TW2066784425,P-M10-BN-002,電動車電池模組固定螺母 M10,73181699,46778,795.23,834.99,4636
INV-EU-2024-01224,WO-2024-M12-01224,2024-03-14,France,Taiwan,TW2066239204,P-M12-EH-001,高強度引擎汽缸頭螺栓 M12,73181595,45420,2895.55,3122.65,18213
INV-EU-2024-01229,WO-2024-M12-01229,2024-03-14,France,Taiwan,TW2066256960,P-M12-EH-001,高強度引擎汽缸頭螺栓 M12,73181595,46260,2949.09,3180.39,17547
INV-EU-2024-01257,WO-2024-CS-01257,2024-03-14,Spain,Taiwan,TW2066390236,P-CS-BS-003,底盤懸吊臂襯套軸套,73269098,42526,11567.17,12417.69,48119
INV-EU-2024-01273,WO-2024-CS-01273,2024-03-14,Italy,Taiwan,TW2066560551,P-CS-BS-003,底盤懸吊臂襯套軸套,73269098,34053,9262.53,9943.59,47146
INV-EU-2024-01278,WO-2024-M10-01278,2024-03-14,Spain,Taiwan,TW2066981017,P-M10-BN-002,電動車電池模組固定螺母 M10,73181699,30197,513.35,539.02,2885
INV-EU-2024-01178,WO-2024-CS-01178,2024-03-15,Netherlands,Taiwan,TW2066226690,P-CS-BS-003,底盤懸吊臂襯套軸套,73269098,18019,4901.37,5261.75,36466
INV-EU-2024-01184,WO-2024-CS-01184,2024-03-15,Netherlands,Taiwan,TW2066712893,P-CS-BS-003,底盤懸吊臂襯套軸套,73269098,22268,6056.9,6502.26,24591
INV-EU-2024-01214,WO-2024-M12-01214,2024-03-15,Italy,Taiwan,TW2066947719,P-M12-EH-001,高強度引擎汽缸頭螺栓 M12,73181595,37163,2369.15,2554.97,10921
INV-EU-2024-01227,WO-2024-M12-01227,2024-03-15,France,Taiwan,TW2066167006,P-M12-EH-001,高強度引擎汽缸頭螺栓 M12,73181595,33800,2154.8,2323.8,10278
INV-EU-2024-01228,WO-2024-M10-01228,2024-03-15,Italy,Taiwan,TW2066870559,P-M10-BN-002,電動車電池模組固定螺母 M10,73181699,22612,384.42,403.64,1364
INV-EU-2024-01231,WO-2024-M10-01231,2024-03-15,Italy,Taiwan,TW2066539397,P-M10-BN-002,電動車電池模組固定螺母 M10,73181699,28672,487.43,511.8,1472
INV-EU-2024-01244,WO-2024-M12-01244,2024-03-15,France,Taiwan,TW2066835053,P-M12-EH-001,高強度引擎汽缸頭螺栓 M12,73181595,35789,2281.55,2460.5,8076
INV-EU-2024-01248,WO-2024-M12-01248,2024-03-15,Germany,Taiwan,TW2066500522,P-M12-EH-001,高強度引擎汽缸頭螺栓 M12,73181595,44582,2842.12,3065.03,10402
INV-EU-2024-01252,WO-2024-M10-01252,2024-03-15,Spain,Taiwan,TW2066834806,P-M10-BN-002,電動車電池模組固定螺母 M10,73181699,46511,790.69,830.22,5890
INV-EU-2024-01259,WO-2024-M12-01259,2024-03-15,Spain,Taiwan,TW2066161857,P-M12-EH-001,高強度引擎汽缸頭螺栓 M12,73181595,10666,680.02,733.35,2883
INV-EU-2024-01260,WO-2024-CS-01260,2024-03-15,Netherlands,Taiwan,TW2066205648,P-CS-BS-003,底盤懸吊臂襯套軸套,73269098,39090,10632.7,11414.5,53376
INV-EU-2024-01261,WO-2024-M12-01261,2024-03-15,Italy,Taiwan,TW2066977403,P-M12-EH-001,高強度引擎汽缸頭螺栓 M12,73181595,32272,2057.37,2218.73,11480
INV-EU-2024-01267,WO-2024-M12-01267,2024-03-15,France,Taiwan,TW2066477870,P-M12-EH-001,高強度引擎汽缸頭螺栓 M12,73181595,20834,1328.17,1432.34,9430
INV-EU-2024-01274,WO-2024-M12-01274,2024-03-15,Spain,Taiwan,TW2066564074,P-M12-EH-001,高強度引擎汽缸頭螺栓 M12,73181595,44105,2811.75,3032.28,13777
INV-EU-2024-01294,WO-2024-CS-01294,2024-03-15,Italy,Taiwan,TW2066281413,P-CS-BS-003,底盤懸吊臂襯套軸套,73269098,45457,12364.39,13273.53,55763
INV-EU-2024-01295,WO-2024-CS-01295,2024-03-15,Netherlands,Taiwan,TW2066507291,P-CS-BS-003,底盤懸吊臂襯套軸套,73269098,12032,3272.88,3513.52,25201
INV-EU-2024-01302,WO-2024-M10-01302,2024-03-15,Italy,Taiwan,TW2066468731,P-M10-BN-002,電動車電池模組固定螺母 M10,73181699,13627,231.66,243.24,824
INV-EU-2024-01307,WO-2024-CS-01307,2024-03-15,Germany,Taiwan,TW2066265552,P-CS-BS-003,底盤懸吊臂襯套軸套,73269098,33866,9211.74,9889.06,60521
INV-EU-2024-01181,WO-2024-M12-01181,2024-03-16,Netherlands,Taiwan,TW2066952070,P-M12-EH-001,高強度引擎汽缸頭螺栓 M12,73181595,33631,2144.03,2312.19,9369
INV-EU-2024-01185,WO-2024-M10-01185,2024-03-16,France,Taiwan,TW2066983580,P-M10-BN-002,電動車電池模組固定螺母 M10,73181699,18272,310.64,326.17,2370
INV-EU-2024-01193,WO-2024-CS-01193,2024-03-16,Spain,Taiwan,TW2066646231,P-CS-BS-003,底盤懸吊臂襯套軸套,73269098,15966,4343,4662.32,14722
INV-EU-2024-01195,WO-2024-M12-01195,2024-03-16,Germany,Taiwan,TW2066465626,P-M12-EH-001,高強度引擎汽缸頭螺栓 M12,73181595,12539,799.39,862.09,5060
INV-EU-2024-01201,WO-2024-CS-01201,2024-03-16,France,Taiwan,TW2066910039,P-CS-BS-003,底盤懸吊臂襯套軸套,73269098,21364,5811.26,6238.54,36204
INV-EU-2024-01225,WO-2024-M10-01225,2024-03-16,Italy,Taiwan,TW2066427113,P-M10-BN-002,電動車電池模組固定螺母 M10,73181699,45320,770.45,808.97,4052
INV-EU-2024-01241,WO-2024-CS-01241,2024-03-16,Netherlands,Taiwan,TW2066619629,P-CS-BS-003,底盤懸吊臂襯套軸套,73269098,27160,7387.64,7930.84,29772
INV-EU-2024-01275,WO-2024-M10-01275,2024-03-16,Italy,Taiwan,TW2066196506,P-M10-BN-002,電動車電池模組固定螺母 M10,73181699,46077,783.31,822.48,5718
INV-EU-2024-01289,WO-2024-M10-01289,2024-03-16,Italy,Taiwan,TW2066448163,P-M10-BN-002,電動車電池模組固定螺母 M10,73181699,17933,304.87,320.11,1143
INV-EU-2024-01291,WO-2024-M10-01291,2024-03-16,France,Taiwan,TW2066900956,P-M10-BN-002,電動車電池模組固定螺母 M10,73181699,13598,231.18,242.74,869
INV-EU-2024-01292,WO-2024-M10-01292,2024-03-16,Netherlands,Taiwan,TW2066518643,P-M10-BN-002,電動車電池模組固定螺母 M10,73181699,10165,172.82,181.46,1036
INV-EU-2024-01303,WO-2024-M10-01303,2024-03-16,Italy,Taiwan,TW2066933530,P-M10-BN-002,電動車電池模組固定螺母 M10,73181699,15167,257.85,270.74,1884
INV-EU-2024-01320,WO-2024-CS-01320,2024-03-16,Italy,Taiwan,TW2066298417,P-CS-BS-003,底盤懸吊臂襯套軸套,73269098,26150,7112.94,7635.94,52920
INV-EU-2024-01336,WO-2024-M10-01336,2024-03-16,Germany,Taiwan,TW2066742738,P-M10-BN-002,電動車電池模組固定螺母 M10,73181699,37497,637.46,669.33,4557
INV-EU-2024-01339,WO-2024-M12-01339,2024-03-16,Italy,Taiwan,TW2066618343,P-M12-EH-001,高強度引擎汽缸頭螺栓 M12,73181595,37824,2411.33,2600.45,19097
INV-EU-2024-01217,WO-2024-M12-01217,2024-03-17,Netherlands,Taiwan,TW2066296384,P-M12-EH-001,高強度引擎汽缸頭螺栓 M12,73181595,24785,1580.07,1703.99,11487
INV-EU-2024-01218,WO-2024-M12-01218,2024-03-17,Italy,Taiwan,TW2066568033,P-M12-EH-001,高強度引擎汽缸頭螺栓 M12,73181595,46994,2995.92,3230.89,16837
INV-EU-2024-01223,WO-2024-CS-01223,2024-03-17,Italy,Taiwan,TW2066701342,P-CS-BS-003,底盤懸吊臂襯套軸套,73269098,23127,6290.56,6753.1,40825
INV-EU-2024-01233,WO-2024-M12-01233,2024-03-17,Italy,Taiwan,TW2066697294,P-M12-EH-001,高強度引擎汽缸頭螺栓 M12,73181595,10900,694.88,749.38,5371
INV-EU-2024-01238,WO-2024-M10-01238,2024-03-17,Germany,Taiwan,TW2066587984,P-M10-BN-002,電動車電池模組固定螺母 M10,73181699,37263,633.48,665.15,3610
INV-EU-2024-01239,WO-2024-CS-01239,2024-03-17,France,Taiwan,TW2066745766,P-CS-BS-003,底盤懸吊臂襯套軸套,73269098,49264,13399.89,14385.17,50517
INV-EU-2024-01240,WO-2024-M10-01240,2024-03-17,France,Taiwan,TW2066722945,P-M10-BN-002,電動車電池模組固定螺母 M10,73181699,13337,226.73,238.07,1630
INV-EU-2024-01246,WO-2024-M10-01246,2024-03-17,Italy,Taiwan,TW2066786781,P-M10-BN-002,電動車電池模組固定螺母 M10,73181699,49104,834.78,876.52,4975
INV-EU-2024-01256,WO-2024-CS-01256,2024-03-17,Italy,Taiwan,TW2066375750,P-CS-BS-003,底盤懸吊臂襯套軸套,73269098,28815,7837.69,8413.99,30175
INV-EU-2024-01268,WO-2024-M10-01268,2024-03-17,Germany,Taiwan,TW2066680467,P-M10-BN-002,電動車電池模組固定螺母 M10,73181699,42811,727.79,764.18,5167
INV-EU-2024-01269,WO-2024-CS-01269,2024-03-17,France,Taiwan,TW2066111390,P-CS-BS-003,底盤懸吊臂襯套軸套,73269098,36979,10058.44,10798.02,49688
INV-EU-2024-01271,WO-2024-M10-01271,2024-03-17,Italy,Taiwan,TW2066140261,P-M10-BN-002,電動車電池模組固定螺母 M10,73181699,30897,525.26,551.52,3739
INV-EU-2024-01272,WO-2024-CS-01272,2024-03-17,France,Taiwan,TW2066171093,P-CS-BS-003,底盤懸吊臂襯套軸套,73269098,13997,3807.33,4087.27,24976
INV-EU-2024-01285,WO-2024-M12-01285,2024-03-17,Netherlands,Taiwan,TW2066181065,P-M12-EH-001,高強度引擎汽缸頭螺栓 M12,73181595,44841,2858.66,3082.86,18552
INV-EU-2024-01298,WO-2024-M10-01298,2024-03-17,Spain,Taiwan,TW2066620652,P-M10-BN-002,電動車電池模組固定螺母 M10,73181699,44691,759.75,797.74,5986
INV-EU-2024-01299,WO-2024-CS-01299,2024-03-17,Spain,Taiwan,TW2066856514,P-CS-BS-003,底盤懸吊臂襯套軸套,73269098,29412,8000.11,8588.35,28080
INV-EU-2024-01300,WO-2024-M12-01300,2024-03-17,France,Taiwan,TW2066339404,P-M12-EH-001,高強度引擎汽缸頭螺栓 M12,73181595,47701,3040.95,3279.45,23415
INV-EU-2024-01308,WO-2024-M12-01308,2024-03-17,Italy,Taiwan,TW2066742796,P-M12-EH-001,高強度引擎汽缸頭螺栓 M12,73181595,14995,955.96,1030.93,5611
INV-EU-2024-01309,WO-2024-M12-01309,2024-03-17,Germany,Taiwan,TW2066816982,P-M12-EH-001,高強度引擎汽缸頭螺栓 M12,73181595,9997,637.36,687.35,2715
INV-EU-2024-01311,WO-2024-M12-01311,2024-03-17,France,Taiwan,TW2066983117,P-M12-EH-001,高強度引擎汽缸頭螺栓 M12,73181595,46324,2953.16,3184.78,9391
INV-EU-2024-01323,WO-2024-M12-01323,2024-03-17,Spain,Taiwan,TW2066917104,P-M12-EH-001,高強度引擎汽缸頭螺栓 M12,73181595,21565,1374.8,1482.63,4316
INV-EU-2024-01328,WO-2024-M10-01328,2024-03-17,France,Taiwan,TW2066495552,P-M10-BN-002,電動車電池模組固定螺母 M10,73181699,14628,248.69,261.12,1255
INV-EU-2024-01329,WO-2024-M12-01329,2024-03-17,Spain,Taiwan,TW2066575119,P-M12-EH-001,高強度引擎汽缸頭螺栓 M12,73181595,17148,1093.2,1178.94,4853
INV-EU-2024-01343,WO-2024-CS-01343,2024-03-17,Italy,Taiwan,TW2066514987,P-CS-BS-003,底盤懸吊臂襯套軸套,73269098,26327,7160.99,7687.53,27569
INV-EU-2024-01351,WO-2024-CS-01351,2024-03-17,Germany,Taiwan,TW2066558009,P-CS-BS-003,底盤懸吊臂襯套軸套,73269098,34233,9311.44,9996.1,29982
INV-EU-2024-01353,WO-2024-M12-01353,2024-03-17,Germany,Taiwan,TW2066106453,P-M12-EH-001,高強度引擎汽缸頭螺栓 M12,73181595,23994,1529.63,1649.6,6791
INV-EU-2024-01360,WO-2024-M12-01360,2024-03-17,France,Taiwan,TW2066409393,P-M12-EH-001,高強度引擎汽缸頭螺栓 M12,73181595,12281,782.94,844.35,6114
INV-EU-2024-01221,WO-2024-CS-01221,2024-03-18,Spain,Taiwan,TW2066966524,P-CS-BS-003,底盤懸吊臂襯套軸套,73269098,45899,12484.62,13402.6,81649
INV-EU-2024-01232,WO-2024-CS-01232,2024-03-18,Spain,Taiwan,TW2066360829,P-CS-BS-003,底盤懸吊臂襯套軸套,73269098,44867,12203.96,13101.3,96167
INV-EU-2024-01242,WO-2024-M12-01242,2024-03-18,Italy,Taiwan,TW2066726866,P-M12-EH-001,高強度引擎汽缸頭螺栓 M12,73181595,24040,1532.58,1652.78,5823
INV-EU-2024-01255,WO-2024-M10-01255,2024-03-18,Germany,Taiwan,TW2066209756,P-M10-BN-002,電動車電池模組固定螺母 M10,73181699,25512,433.71,455.4,1396
INV-EU-2024-01258,WO-2024-CS-01258,2024-03-18,Spain,Taiwan,TW2066921374,P-CS-BS-003,底盤懸吊臂襯套軸套,73269098,27140,7382.24,7925.04,47320
INV-EU-2024-01264,WO-2024-M10-01264,2024-03-18,Germany,Taiwan,TW2066588339,P-M10-BN-002,電動車電池模組固定螺母 M10,73181699,13821,234.97,246.72,1395
INV-EU-2024-01265,WO-2024-CS-01265,2024-03-18,Netherlands,Taiwan,TW2066571155,P-CS-BS-003,底盤懸吊臂襯套軸套,73269098,28308,7699.98,8266.14,25871
INV-EU-2024-01276,WO-2024-M10-01276,2024-03-18,France,Taiwan,TW2066476490,P-M10-BN-002,電動車電池模組固定螺母 M10,73181699,26279,446.75,469.09,3498
INV-EU-2024-01277,WO-2024-M10-01277,2024-03-18,France,Taiwan,TW2066875571,P-M10-BN-002,電動車電池模組固定螺母 M10,73181699,26702,453.95,476.65,3345
INV-EU-2024-01282,WO-2024-M10-01282,2024-03-18,Netherlands,Taiwan,TW2066391474,P-M10-BN-002,電動車電池模組固定螺母 M10,73181699,47624,809.61,850.09,3295
INV-EU-2024-01287,WO-2024-CS-01287,2024-03-18,Spain,Taiwan,TW2066863073,P-CS-BS-003,底盤懸吊臂襯套軸套,73269098,22396,6091.72,6539.64,39413
INV-EU-2024-01290,WO-2024-M12-01290,2024-03-18,France,Taiwan,TW2066291374,P-M12-EH-001,高強度引擎汽缸頭螺栓 M12,73181595,48373,3083.79,3325.65,9313
INV-EU-2024-01296,WO-2024-M10-01296,2024-03-18,Germany,Taiwan,TW2066713289,P-M10-BN-002,電動車電池模組固定螺母 M10,73181699,41002,697.05,731.9,5067
INV-EU-2024-01315,WO-2024-CS-01315,2024-03-18,Italy,Taiwan,TW2066278248,P-CS-BS-003,底盤懸吊臂襯套軸套,73269098,24195,6581.23,7065.13,35538
INV-EU-2024-01318,WO-2024-M10-01318,2024-03-18,France,Taiwan,TW2066427972,P-M10-BN-002,電動車電池模組固定螺母 M10,73181699,47968,815.47,856.24,3482
INV-EU-2024-01327,WO-2024-M12-01327,2024-03-18,France,Taiwan,TW2066895970,P-M12-EH-001,高強度引擎汽缸頭螺栓 M12,73181595,34504,2199.64,2372.16,13461
INV-EU-2024-01332,WO-2024-M12-01332,2024-03-18,Italy,Taiwan,TW2066242371,P-M12-EH-001,高強度引擎汽缸頭螺栓 M12,73181595,41169,2624.55,2830.39,19132
INV-EU-2024-01333,WO-2024-M12-01333,2024-03-18,Netherlands,Taiwan,TW2066462866,P-M12-EH-001,高強度引擎汽缸頭螺栓 M12,73181595,11070,705.74,761.09,4389
INV-EU-2024-01337,WO-2024-M12-01337,2024-03-18,Italy,Taiwan,TW2066299316,P-M12-EH-001,高強度引擎汽缸頭螺栓 M12,73181595,28389,1809.82,1951.76,8976
INV-EU-2024-01338,WO-2024-M12-01338,2024-03-18,France,Taiwan,TW2066253949,P-M12-EH-001,高強度引擎汽缸頭螺栓 M12,73181595,29802,1899.88,2048.89,10810
INV-EU-2024-01345,WO-2024-CS-01345,2024-03-18,Italy,Taiwan,TW2066983654,P-CS-BS-003,底盤懸吊臂襯套軸套,73269098,39958,10868.61,11667.77,57386
INV-EU-2024-01249,WO-2024-CS-01249,2024-03-19,Netherlands,Taiwan,TW2066963183,P-CS-BS-003,底盤懸吊臂襯套軸套,73269098,10304,2802.86,3008.94,18639
INV-EU-2024-01286,WO-2024-M10-01286,2024-03-19,France,Taiwan,TW2066657589,P-M10-BN-002,電動車電池模組固定螺母 M10,73181699,40006,680.11,714.12,3196
INV-EU-2024-01314,WO-2024-CS-01314,2024-03-19,Spain,Taiwan,TW2066635730,P-CS-BS-003,底盤懸吊臂襯套軸套,73269098,18090,4920.57,5282.37,37248
INV-EU-2024-01322,WO-2024-M10-01322,2024-03-19,Spain,Taiwan,TW2066814966,P-M10-BN-002,電動車電池模組固定螺母 M10,73181699,18724,318.31,334.23,1104
INV-EU-2024-01325,WO-2024-M10-01325,2024-03-19,France,Taiwan,TW2066314900,P-M10-BN-002,電動車電池模組固定螺母 M10,73181699,46906,797.41,837.28,6235
INV-EU-2024-01368,WO-2024-M10-01368,2024-03-19,Germany,Taiwan,TW2066231211,P-M10-BN-002,電動車電池模組固定螺母 M10,73181699,31866,541.73,568.82,2898
INV-EU-2024-01371,WO-2024-M10-01371,2024-03-19,Spain,Taiwan,TW2066503519,P-M10-BN-002,電動車電池模組固定螺母 M10,73181699,11662,198.26,208.17,999
INV-EU-2024-01381,WO-2024-M12-01381,2024-03-19,Germany,Taiwan,TW2066165118,P-M12-EH-001,高強度引擎汽缸頭螺栓 M12,73181595,29916,1907.17,2056.75,8715
INV-EU-2024-01384,WO-2024-CS-01384,2024-03-19,Germany,Taiwan,TW2066301777,P-CS-BS-003,底盤懸吊臂襯套軸套,73269098,13317,3622.49,3888.83,13511
INV-EU-2024-01391,WO-2024-CS-01391,2024-03-19,Netherlands,Taiwan,TW2066982676,P-CS-BS-003,底盤懸吊臂襯套軸套,73269098,42152,11465.57,12308.61,56983
INV-EU-2024-01399,WO-2024-M12-01399,2024-03-19,Germany,Taiwan,TW2066650820,P-M12-EH-001,高強度引擎汽缸頭螺栓 M12,73181595,15162,966.63,1042.44,3421
INV-EU-2024-01262,WO-2024-CS-01262,2024-03-20,Netherlands,Taiwan,TW2066675705,P-CS-BS-003,底盤懸吊臂襯套軸套,73269098,47277,12859.4,13804.94,86157
INV-EU-2024-01263,WO-2024-M10-01263,2024-03-20,Spain,Taiwan,TW2066505918,P-M10-BN-002,電動車電池模組固定螺母 M10,73181699,24654,419.13,440.09,2104
INV-EU-2024-01266,WO-2024-M10-01266,2024-03-20,Spain,Taiwan,TW2066939617,P-M10-BN-002,電動車電池模組固定螺母 M10,73181699,49210,836.58,878.41,3898
INV-EU-2024-01281,WO-2024-M12-01281,2024-03-20,Germany,Taiwan,TW2066734103,P-M12-EH-001,高強度引擎汽缸頭螺栓 M12,73181595,43211,2754.71,2970.76,18098
INV-EU-2024-01293,WO-2024-M12-01293,2024-03-20,Netherlands,Taiwan,TW2066709644,P-M12-EH-001,高強度引擎汽缸頭螺栓 M12,73181595,29742,1896.09,2044.8,7432
INV-EU-2024-01304,WO-2024-M10-01304,2024-03-20,Spain,Taiwan,TW2066342516,P-M10-BN-002,電動車電池模組固定螺母 M10,73181699,15941,271.01,284.56,1303
INV-EU-2024-01306,WO-2024-M12-01306,2024-03-20,Germany,Taiwan,TW2066924464,P-M12-EH-001,高強度引擎汽缸頭螺栓 M12,73181595,31898,2033.53,2193.02,9943
INV-EU-2024-01316,WO-2024-CS-01316,2024-03-20,France,Taiwan,TW2066558986,P-CS-BS-003,底盤懸吊臂襯套軸套,73269098,25656,6978.61,7491.73,24774
INV-EU-2024-01317,WO-2024-CS-01317,2024-03-20,Netherlands,Taiwan,TW2066236556,P-CS-BS-003,底盤懸吊臂襯套軸套,73269098,18832,5122.44,5499.08,26175
INV-EU-2024-01321,WO-2024-M10-01321,2024-03-20,Spain,Taiwan,TW2066518094,P-M10-BN-002,電動車電池模組固定螺母 M10,73181699,21928,372.79,391.43,1781
INV-EU-2024-01324,WO-2024-M12-01324,2024-03-20,Netherlands,Taiwan,TW2066646660,P-M12-EH-001,高強度引擎汽缸頭螺栓 M12,73181595,35019,2232.47,2407.56,12256
INV-EU-2024-01335,WO-2024-M10-01335,2024-03-20,Spain,Taiwan,TW2066530699,P-M10-BN-002,電動車電池模組固定螺母 M10,73181699,22902,389.34,408.81,2935
INV-EU-2024-01342,WO-2024-M12-01342,2024-03-20,Italy,Taiwan,TW2066225854,P-M12-EH-001,高強度引擎汽缸頭螺栓 M12,73181595,48172,3071.02,3311.88,21681
INV-EU-2024-01348,WO-2024-M10-01348,2024-03-20,Germany,Taiwan,TW2066690518,P-M10-BN-002,電動車電池模組固定螺母 M10,73181699,47034,799.58,839.56,6028
INV-EU-2024-01356,WO-2024-CS-01356,2024-03-20,Netherlands,Taiwan,TW2066642965,P-CS-BS-003,底盤懸吊臂襯套軸套,73269098,39599,10771.09,11563.07,35221
INV-EU-2024-01364,WO-2024-M10-01364,2024-03-20,Spain,Taiwan,TW2066571255,P-M10-BN-002,電動車電池模組固定螺母 M10,73181699,33952,577.2,606.06,4305
INV-EU-2024-01365,WO-2024-M10-01365,2024-03-20,Italy,Taiwan,TW2066120999,P-M10-BN-002,電動車電池模組固定螺母 M10,73181699,29518,501.81,526.9,3256
INV-EU-2024-01367,WO-2024-M12-01367,2024-03-20,Netherlands,Taiwan,TW2066770698,P-M12-EH-001,高強度引擎汽缸頭螺栓 M12,73181595,46203,2945.5,3176.51,20736
INV-EU-2024-01386,WO-2024-M12-01386,2024-03-20,France,Taiwan,TW2066927818,P-M12-EH-001,高強度引擎汽缸頭螺栓 M12,73181595,47886,3052.76,3292.19,18469
INV-EU-2024-01394,WO-2024-M10-01394,2024-03-20,Germany,Taiwan,TW2066612306,P-M10-BN-002,電動車電池模組固定螺母 M10,73181699,24882,423.01,444.16,1941
INV-EU-2024-01413,WO-2024-CS-01413,2024-03-20,Germany,Taiwan,TW2066529516,P-CS-BS-003,底盤懸吊臂襯套軸套,73269098,13578,3693.25,3964.81,17616
INV-EU-2024-01279,WO-2024-M12-01279,2024-03-21,France,Taiwan,TW2066898970,P-M12-EH-001,高強度引擎汽缸頭螺栓 M12,73181595,45824,2921.29,3150.41,14022
INV-EU-2024-01280,WO-2024-M12-01280,2024-03-21,Netherlands,Taiwan,TW2066408645,P-M12-EH-001,高強度引擎汽缸頭螺栓 M12,73181595,13946,889.06,958.79,5485
INV-EU-2024-01283,WO-2024-CS-01283,2024-03-21,Spain,Taiwan,TW2066751637,P-CS-BS-003,底盤懸吊臂襯套軸套,73269098,10358,2817.43,3024.59,16200
INV-EU-2024-01284,WO-2024-M10-01284,2024-03-21,Netherlands,Taiwan,TW2066197131,P-M10-BN-002,電動車電池模組固定螺母 M10,73181699,33808,574.74,603.48,3000
INV-EU-2024-01288,WO-2024-M12-01288,2024-03-21,France,Taiwan,TW2066559846,P-M12-EH-001,高強度引擎汽缸頭螺栓 M12,73181595,37464,2388.36,2575.68,7690
INV-EU-2024-01297,WO-2024-M12-01297,2024-03-21,Italy,Taiwan,TW2066758285,P-M12-EH-001,高強度引擎汽缸頭螺栓 M12,73181595,37899,2416.07,2605.57,11911
INV-EU-2024-01312,WO-2024-CS-01312,2024-03-21,Italy,Taiwan,TW2066172854,P-CS-BS-003,底盤懸吊臂襯套軸套,73269098,34995,9518.88,10218.78,75484
INV-EU-2024-01319,WO-2024-M12-01319,2024-03-21,Germany,Taiwan,TW2066509445,P-M12-EH-001,高強度引擎汽缸頭螺栓 M12,73181595,32241,2055.39,2216.59,12291
INV-EU-2024-01330,WO-2024-M12-01330,2024-03-21,Spain,Taiwan,TW2066738912,P-M12-EH-001,高強度引擎汽缸頭螺栓 M12,73181595,30720,1958.44,2112.04,14355
INV-EU-2024-01352,WO-2024-M12-01352,2024-03-21,France,Taiwan,TW2066680027,P-M12-EH-001,高強度引擎汽缸頭螺栓 M12,73181595,32395,2065.22,2227.19,9644
INV-EU-2024-01363,WO-2024-M12-01363,2024-03-21,Spain,Taiwan,TW2066304259,P-M12-EH-001,高強度引擎汽缸頭螺栓 M12,73181595,13925,887.75,957.38,3133
INV-EU-2024-01366,WO-2024-M10-01366,2024-03-21,Netherlands,Taiwan,TW2066700773,P-M10-BN-002,電動車電池模組固定螺母 M10,73181699,14889,253.13,265.79,1007
INV-EU-2024-01372,WO-2024-M12-01372,2024-03-21,France,Taiwan,TW2066347855,P-M12-EH-001,高強度引擎汽缸頭螺栓 M12,73181595,48309,3079.72,3321.26,22697
INV-EU-2024-01374,WO-2024-M12-01374,2024-03-21,France,Taiwan,TW2066813366,P-M12-EH-001,高強度引擎汽缸頭螺栓 M12,73181595,31997,2039.87,2199.86,15176
INV-EU-2024-01390,WO-2024-M12-01390,2024-03-21,Italy,Taiwan,TW2066570383,P-M12-EH-001,高強度引擎汽缸頭螺栓 M12,73181595,31814,2028.15,2187.22,16184
INV-EU-2024-01398,WO-2024-CS-01398,2024-03-21,Netherlands,Taiwan,TW2066975471,P-CS-BS-003,底盤懸吊臂襯套軸套,73269098,32277,8779.46,9425,49955
INV-EU-2024-01400,WO-2024-M12-01400,2024-03-21,Netherlands,Taiwan,TW2066349359,P-M12-EH-001,高強度引擎汽缸頭螺栓 M12,73181595,16168,1030.77,1111.61,3154
INV-EU-2024-01404,WO-2024-CS-01404,2024-03-21,Italy,Taiwan,TW2066458806,P-CS-BS-003,底盤懸吊臂襯套軸套,73269098,27898,7588.36,8146.32,59037
INV-EU-2024-01408,WO-2024-CS-01408,2024-03-21,Germany,Taiwan,TW2066664616,P-CS-BS-003,底盤懸吊臂襯套軸套,73269098,12416,3377.22,3625.54,11820
INV-EU-2024-01419,WO-2024-M12-01419,2024-03-21,Spain,Taiwan,TW2066385325,P-M12-EH-001,高強度引擎汽缸頭螺栓 M12,73181595,34429,2194.91,2367.05,11962
INV-EU-2024-01428,WO-2024-CS-01428,2024-03-21,Germany,Taiwan,TW2066584792,P-CS-BS-003,底盤懸吊臂襯套軸套,73269098,27822,7567.83,8124.27,55547
INV-EU-2024-01430,WO-2024-M10-01430,2024-03-21,France,Taiwan,TW2066611488,P-M10-BN-002,電動車電池模組固定螺母 M10,73181699,41926,712.75,748.39,5124
INV-EU-2024-01301,WO-2024-CS-01301,2024-03-22,Spain,Taiwan,TW2066512415,P-CS-BS-003,底盤懸吊臂襯套軸套,73269098,15901,4325.23,4643.25,23529
INV-EU-2024-01305,WO-2024-CS-01305,2024-03-22,Italy,Taiwan,TW2066165501,P-CS-BS-003,底盤懸吊臂襯套軸套,73269098,45071,12259.58,13161,94398
INV-EU-2024-01310,WO-2024-M10-01310,2024-03-22,Germany,Taiwan,TW2066246458,P-M10-BN-002,電動車電池模組固定螺母 M10,73181699,42265,718.52,754.45,3204
INV-EU-2024-01313,WO-2024-CS-01313,2024-03-22,Netherlands,Taiwan,TW2066580338,P-CS-BS-003,底盤懸吊臂襯套軸套,73269098,28888,7857.75,8435.51,61997
INV-EU-2024-01326,WO-2024-M10-01326,2024-03-22,Italy,Taiwan,TW2066192266,P-M10-BN-002,電動車電池模組固定螺母 M10,73181699,18868,320.76,336.8,1597
INV-EU-2024-01331,WO-2024-M12-01331,2024-03-22,Spain,Taiwan,TW2066504868,P-M12-EH-001,高強度引擎汽缸頭螺栓 M12,73181595,22967,1464.19,1579.03,11523
INV-EU-2024-01334,WO-2024-CS-01334,2024-03-22,France,Taiwan,TW2066828724,P-CS-BS-003,底盤懸吊臂襯套軸套,73269098,15678,4264.68,4578.24,16461
INV-EU-2024-01346,WO-2024-CS-01346,2024-03-22,Germany,Taiwan,TW2066747697,P-CS-BS-003,底盤懸吊臂襯套軸套,73269098,21242,5778.05,6202.89,39059
INV-EU-2024-01350,WO-2024-M10-01350,2024-03-22,Spain,Taiwan,TW2066957795,P-M10-BN-002,電動車電池模組固定螺母 M10,73181699,22274,378.66,397.59,2578
INV-EU-2024-01359,WO-2024-CS-01359,2024-03-22,Netherlands,Taiwan,TW2066339791,P-CS-BS-003,底盤懸吊臂襯套軸套,73269098,24576,6684.73,7176.25,39239
INV-EU-2024-01369,WO-2024-M12-01369,2024-03-22,Germany,Taiwan,TW2066853185,P-M12-EH-001,高強度引擎汽缸頭螺栓 M12,73181595,28542,1819.57,1962.28,8861
INV-EU-2024-01383,WO-2024-CS-01383,2024-03-22,Spain,Taiwan,TW2066810188,P-CS-BS-003,底盤懸吊臂襯套軸套,73269098,34338,9340.01,10026.77,41189
INV-EU-2024-01385,WO-2024-M12-01385,2024-03-22,Germany,Taiwan,TW2066471053,P-M12-EH-001,高強度引擎汽缸頭螺栓 M12,73181595,17367,1107.2,1194.04,3908
INV-EU-2024-01388,WO-2024-M10-01388,2024-03-22,Spain,Taiwan,TW2066862580,P-M10-BN-002,電動車電池模組固定螺母 M10,73181699,10944,186.06,195.36,980
INV-EU-2024-01403,WO-2024-CS-01403,2024-03-22,France,Taiwan,TW2066526527,P-CS-BS-003,底盤懸吊臂襯套軸套,73269098,34576,9404.91,10096.43,40535
INV-EU-2024-01405,WO-2024-M12-01405,2024-03-22,Spain,Taiwan,TW2066266169,P-M12-EH-001,高強度引擎汽缸頭螺栓 M12,73181595,41209,2627.1,2833.14,18126
INV-EU-2024-01417,WO-2024-M10-01417,2024-03-22,Germany,Taiwan,TW2066599667,P-M10-BN-002,電動車電池模組固定螺母 M10,73181699,28744,488.66,513.09,3274
INV-EU-2024-01423,WO-2024-M10-01423,2024-03-22,Italy,Taiwan,TW2066508161,P-M10-BN-002,電動車電池模組固定螺母 M10,73181699,14901,253.32,265.99,1261
INV-EU-2024-01433,WO-2024-CS-01433,2024-03-22,Spain,Taiwan,TW2066755076,P-CS-BS-003,底盤懸吊臂襯套軸套,73269098,46077,12533.05,13454.59,64795
INV-EU-2024-01434,WO-2024-M10-01434,2024-03-22,France,Taiwan,TW2066565226,P-M10-BN-002,電動車電池模組固定螺母 M10,73181699,40507,688.63,723.06,5309
INV-EU-2024-01444,WO-2024-CS-01444,2024-03-22,Italy,Taiwan,TW2066793651,P-CS-BS-003,底盤懸吊臂襯套軸套,73269098,43347,11790.6,12657.54,93499
INV-EU-2024-01458,WO-2024-CS-01458,2024-03-22,Italy,Taiwan,TW2066542077,P-CS-BS-003,底盤懸吊臂襯套軸套,73269098,18499,5031.91,5401.89,30191
INV-EU-2024-01459,WO-2024-CS-01459,2024-03-22,Italy,Taiwan,TW2066597463,P-CS-BS-003,底盤懸吊臂襯套軸套,73269098,16929,4604.83,4943.41,18327
INV-EU-2024-01461,WO-2024-M10-01461,2024-03-22,Germany,Taiwan,TW2066599707,P-M10-BN-002,電動車電池模組固定螺母 M10,73181699,16470,279.99,293.99,965
INV-EU-2024-01340,WO-2024-M10-01340,2024-03-23,Italy,Taiwan,TW2066156494,P-M10-BN-002,電動車電池模組固定螺母 M10,73181699,17438,296.45,311.27,1099
INV-EU-2024-01341,WO-2024-M10-01341,2024-03-23,Italy,Taiwan,TW2066718049,P-M10-BN-002,電動車電池模組固定螺母 M10,73181699,43339,736.78,773.62,5481
INV-EU-2024-01347,WO-2024-M12-01347,2024-03-23,Spain,Taiwan,TW2066247261,P-M12-EH-001,高強度引擎汽缸頭螺栓 M12,73181595,26893,1714.48,1848.94,11504
INV-EU-2024-01349,WO-2024-M12-01349,2024-03-23,France,Taiwan,TW2066657845,P-M12-EH-001,高強度引擎汽缸頭螺栓 M12,73181595,23712,1511.67,1630.23,10868
INV-EU-2024-01354,WO-2024-M10-01354,2024-03-23,France,Taiwan,TW2066889245,P-M10-BN-002,電動車電池模組固定螺母 M10,73181699,15012,255.21,267.97,788
INV-EU-2024-01355,WO-2024-M10-01355,2024-03-23,Spain,Taiwan,TW2066905770,P-M10-BN-002,電動車電池模組固定螺母 M10,73181699,14622,248.59,261.02,780
INV-EU-2024-01361,WO-2024-M10-01361,2024-03-23,Spain,Taiwan,TW2066885254,P-M10-BN-002,電動車電池模組固定螺母 M10,73181699,28088,477.51,501.39,2358
INV-EU-2024-01373,WO-2024-M12-01373,2024-03-23,Netherlands,Taiwan,TW2066686610,P-M12-EH-001,高強度引擎汽缸頭螺栓 M12,73181595,16887,1076.55,1160.98,3423
INV-EU-2024-01375,WO-2024-M10-01375,2024-03-23,Spain,Taiwan,TW2066821346,P-M10-BN-002,電動車電池模組固定螺母 M10,73181699,34598,588.17,617.58,4134
INV-EU-2024-01379,WO-2024-M12-01379,2024-03-23,Netherlands,Taiwan,TW2066158581,P-M12-EH-001,高強度引擎汽缸頭螺栓 M12,73181595,20988,1338.01,1442.95,10302
INV-EU-2024-01387,WO-2024-CS-01387,2024-03-23,Germany,Taiwan,TW2066551751,P-CS-BS-003,底盤懸吊臂襯套軸套,73269098,41773,11362.48,12197.94,55789
INV-EU-2024-01392,WO-2024-M10-01392,2024-03-23,Netherlands,Taiwan,TW2066260099,P-M10-BN-002,電動車電池模組固定螺母 M10,73181699,42277,718.71,754.65,3471
INV-EU-2024-01406,WO-2024-CS-01406,2024-03-23,Netherlands,Taiwan,TW2066634868,P-CS-BS-003,底盤懸吊臂襯套軸套,73269098,41158,11195.24,12018.4,65939
INV-EU-2024-01422,WO-2024-M10-01422,2024-03-23,Germany,Taiwan,TW2066233630,P-M10-BN-002,電動車電池模組固定螺母 M10,73181699,26814,455.84,478.63,2602
INV-EU-2024-01435,WO-2024-M12-01435,2024-03-23,Italy,Taiwan,TW2066163298,P-M12-EH-001,高強度引擎汽缸頭螺栓 M12,73181595,11258,717.76,774.05,2720
INV-EU-2024-01436,WO-2024-CS-01436,2024-03-23,Italy,Taiwan,TW2066389050,P-CS-BS-003,底盤懸吊臂襯套軸套,73269098,29733,8087.61,8682.27,50790
INV-EU-2024-01443,WO-2024-CS-01443,2024-03-23,Germany,Taiwan,TW2066769207,P-CS-BS-003,底盤懸吊臂襯套軸套,73269098,48708,13248.64,14222.8,72072
INV-EU-2024-01453,WO-2024-M12-01453,2024-03-23,Netherlands,Taiwan,TW2066331752,P-M12-EH-001,高強度引擎汽缸頭螺栓 M12,73181595,27809,1772.84,1911.88,10973
INV-EU-2024-01454,WO-2024-M12-01454,2024-03-23,Italy,Taiwan,TW2066230798,P-M12-EH-001,高強度引擎汽缸頭螺栓 M12,73181595,47125,3004.24,3239.86,13999
INV-EU-2024-01456,WO-2024-CS-01456,2024-03-23,Netherlands,Taiwan,TW2066733587,P-CS-BS-003,底盤懸吊臂襯套軸套,73269098,20935,5694.34,6113.04,18563
INV-EU-2024-01460,WO-2024-M10-01460,2024-03-23,France,Taiwan,TW2066564420,P-M10-BN-002,電動車電池模組固定螺母 M10,73181699,37041,629.7,661.19,4962
INV-EU-2024-01471,WO-2024-M10-01471,2024-03-23,Spain,Taiwan,TW2066149528,P-M10-BN-002,電動車電池模組固定螺母 M10,73181699,37163,631.78,663.37,4624
INV-EU-2024-01344,WO-2024-M12-01344,2024-03-24,Spain,Taiwan,TW2066877688,P-M12-EH-001,高強度引擎汽缸頭螺栓 M12,73181595,15023,957.75,1032.87,6953
INV-EU-2024-01357,WO-2024-M12-01357,2024-03-24,France,Taiwan,TW2066350726,P-M12-EH-001,高強度引擎汽缸頭螺栓 M12,73181595,39114,2493.54,2689.11,18377
INV-EU-2024-01358,WO-2024-M10-01358,2024-03-24,Italy,Taiwan,TW2066997872,P-M10-BN-002,電動車電池模組固定螺母 M10,73181699,27987,475.79,499.58,1446
INV-EU-2024-01370,WO-2024-M10-01370,2024-03-24,France,Taiwan,TW2066953971,P-M10-BN-002,電動車電池模組固定螺母 M10,73181699,19168,325.87,342.16,2453
INV-EU-2024-01378,WO-2024-M10-01378,2024-03-24,Spain,Taiwan,TW2066941094,P-M10-BN-002,電動車電池模組固定螺母 M10,73181699,26725,454.33,477.05,3471
INV-EU-2024-01380,WO-2024-CS-01380,2024-03-24,France,Taiwan,TW2066687066,P-CS-BS-003,底盤懸吊臂襯套軸套,73269098,21705,5903.96,6338.06,45047
INV-EU-2024-01395,WO-2024-M10-01395,2024-03-24,Netherlands,Taiwan,TW2066871363,P-M10-BN-002,電動車電池模組固定螺母 M10,73181699,40758,692.89,727.53,2251
INV-EU-2024-01396,WO-2024-CS-01396,2024-03-24,Netherlands,Taiwan,TW2066419199,P-CS-BS-003,底盤懸吊臂襯套軸套,73269098,46664,12692.63,13625.91,98494
INV-EU-2024-01402,WO-2024-M10-01402,2024-03-24,France,Taiwan,TW2066136987,P-M10-BN-002,電動車電池模組固定螺母 M10,73181699,30591,520.06,546.06,3369
INV-EU-2024-01412,WO-2024-CS-01412,2024-03-24,Italy,Taiwan,TW2066174333,P-CS-BS-003,底盤懸吊臂襯套軸套,73269098,11237,3056.54,3281.28,21640
INV-EU-2024-01418,WO-2024-M10-01418,2024-03-24,Germany,Taiwan,TW2066961868,P-M10-BN-002,電動車電池模組固定螺母 M10,73181699,38426,653.25,685.91,3370
INV-EU-2024-01432,WO-2024-M10-01432,2024-03-24,Netherlands,Taiwan,TW2066253461,P-M10-BN-002,電動車電池模組固定螺母 M10,73181699,10260,174.43,183.15,526
INV-EU-2024-01437,WO-2024-M10-01437,2024-03-24,Netherlands,Taiwan,TW2066102312,P-M10-BN-002,電動車電池模組固定螺母 M10,73181699,24505,416.59,437.42,2345
INV-EU-2024-01446,WO-2024-M12-01446,2024-03-24,Italy,Taiwan,TW2066250209,P-M12-EH-001,高強度引擎汽缸頭螺栓 M12,73181595,25893,1650.71,1780.17,5562
INV-EU-2024-01468,WO-2024-M10-01468,2024-03-24,Germany,Taiwan,TW2066727627,P-M10-BN-002,電動車電池模組固定螺母 M10,73181699,15697,266.85,280.19,1537
INV-EU-2024-01480,WO-2024-CS-01480,2024-03-24,France,Taiwan,TW2066194070,P-CS-BS-003,底盤懸吊臂襯套軸套,73269098,38938,10591.38,11370.14,76575
INV-EU-2024-01362,WO-2024-CS-01362,2024-03-25,Netherlands,Taiwan,TW2066746152,P-CS-BS-003,底盤懸吊臂襯套軸套,73269098,22364,6083.12,6530.4,40026
INV-EU-2024-01376,WO-2024-M10-01376,2024-03-25,France,Taiwan,TW2066859066,P-M10-BN-002,電動車電池模組固定螺母 M10,73181699,13388,227.6,238.98,1213
INV-EU-2024-01377,WO-2024-CS-01377,2024-03-25,France,Taiwan,TW2066770885,P-CS-BS-003,底盤懸吊臂襯套軸套,73269098,20060,5456.54,5857.74,27937
INV-EU-2024-01382,WO-2024-CS-01382,2024-03-25,Netherlands,Taiwan,TW2066613878,P-CS-BS-003,底盤懸吊臂襯套軸套,73269098,40032,10888.85,11689.49,77201
INV-EU-2024-01389,WO-2024-M10-01389,2024-03-25,Netherlands,Taiwan,TW2066301517,P-M10-BN-002,電動車電池模組固定螺母 M10,73181699,34337,583.73,612.92,4191
INV-EU-2024-01393,WO-2024-M10-01393,2024-03-25,Italy,Taiwan,TW2066849008,P-M10-BN-002,電動車電池模組固定螺母 M10,73181699,43144,733.46,770.13,4862
INV-EU-2024-01401,WO-2024-CS-01401,2024-03-25,Germany,Taiwan,TW2066575736,P-CS-BS-003,底盤懸吊臂襯套軸套,73269098,38045,10348.26,11109.16,47912
INV-EU-2024-01409,WO-2024-M10-01409,2024-03-25,Netherlands,Taiwan,TW2066161552,P-M10-BN-002,電動車電池模組固定螺母 M10,73181699,12224,207.82,218.21,1103
INV-EU-2024-01411,WO-2024-M10-01411,2024-03-25,Germany,Taiwan,TW2066429467,P-M10-BN-002,電動車電池模組固定螺母 M10,73181699,18707,318.02,333.92,2312
INV-EU-2024-01414,WO-2024-M10-01414,2024-03-25,Germany,Taiwan,TW2066857284,P-M10-BN-002,電動車電池模組固定螺母 M10,73181699,20548,349.32,366.79,2214
INV-EU-2024-01415,WO-2024-M12-01415,2024-03-25,Netherlands,Taiwan,TW2066892844,P-M12-EH-001,高強度引擎汽缸頭螺栓 M12,73181595,14331,913.66,985.31,6505
INV-EU-2024-01424,WO-2024-M12-01424,2024-03-25,France,Taiwan,TW2066523657,P-M12-EH-001,高強度引擎汽缸頭螺栓 M12,73181595,14682,935.99,1009.4,3753
INV-EU-2024-01426,WO-2024-M10-01426,2024-03-25,France,Taiwan,TW2066435733,P-M10-BN-002,電動車電池模組固定螺母 M10,73181699,26074,443.26,465.42,1919
INV-EU-2024-01427,WO-2024-M12-01427,2024-03-25,France,Taiwan,TW2066984307,P-M12-EH-001,高強度引擎汽缸頭螺栓 M12,73181595,32722,2086.04,2249.65,13225
INV-EU-2024-01429,WO-2024-M10-01429,2024-03-25,Spain,Taiwan,TW2066654356,P-M10-BN-002,電動車電池模組固定螺母 M10,73181699,46188,785.2,824.46,3666
INV-EU-2024-01440,WO-2024-M12-01440,2024-03-25,France,Taiwan,TW2066595752,P-M12-EH-001,高強度引擎汽缸頭螺栓 M12,73181595,19001,1211.35,1306.36,6323
INV-EU-2024-01441,WO-2024-CS-01441,2024-03-25,Spain,Taiwan,TW2066208223,P-CS-BS-003,底盤懸吊臂襯套軸套,73269098,47047,12796.97,13737.91,89578
INV-EU-2024-01449,WO-2024-M10-01449,2024-03-25,France,Taiwan,TW2066489963,P-M10-BN-002,電動車電池模組固定螺母 M10,73181699,36218,615.71,646.5,2068
INV-EU-2024-01452,WO-2024-CS-01452,2024-03-25,Spain,Taiwan,TW2066899846,P-CS-BS-003,底盤懸吊臂襯套軸套,73269098,25634,6972.65,7485.33,26286
INV-EU-2024-01455,WO-2024-CS-01455,2024-03-25,Italy,Taiwan,TW2066978708,P-CS-BS-003,底盤懸吊臂襯套軸套,73269098,36424,9907.37,10635.85,58849
INV-EU-2024-01483,WO-2024-M12-01483,2024-03-25,Italy,Taiwan,TW2066448783,P-M12-EH-001,高強度引擎汽缸頭螺栓 M12,73181595,36695,2339.35,2522.82,14387
INV-EU-2024-01489,WO-2024-M12-01489,2024-03-25,Italy,Taiwan,TW2066188851,P-M12-EH-001,高強度引擎汽缸頭螺栓 M12,73181595,25061,1597.65,1722.96,5064
INV-EU-2024-01492,WO-2024-CS-01492,2024-03-25,Italy,Taiwan,TW2066565933,P-CS-BS-003,底盤懸吊臂襯套軸套,73269098,15260,4150.89,4456.09,28599
INV-EU-2024-01501,WO-2024-M10-01501,2024-03-25,Netherlands,Taiwan,TW2066861698,P-M10-BN-002,電動車電池模組固定螺母 M10,73181699,31755,539.84,566.83,3239
INV-EU-2024-01504,WO-2024-CS-01504,2024-03-25,France,Taiwan,TW2066929095,P-CS-BS-003,底盤懸吊臂襯套軸套,73269098,43772,11906,12781.44,66673
INV-EU-2024-01513,WO-2024-M10-01513,2024-03-25,France,Taiwan,TW2066697115,P-M10-BN-002,電動車電池模組固定螺母 M10,73181699,22173,376.95,395.8,2416
INV-EU-2024-01397,WO-2024-M10-01397,2024-03-26,Netherlands,Taiwan,TW2066325778,P-M10-BN-002,電動車電池模組固定螺母 M10,73181699,38376,652.4,685.02,2335
INV-EU-2024-01407,WO-2024-M12-01407,2024-03-26,France,Taiwan,TW2066101478,P-M12-EH-001,高強度引擎汽缸頭螺栓 M12,73181595,18639,1188.26,1281.45,4907
INV-EU-2024-01410,WO-2024-M10-01410,2024-03-26,France,Taiwan,TW2066460572,P-M10-BN-002,電動車電池模組固定螺母 M10,73181699,29679,504.55,529.78,3950
INV-EU-2024-01420,WO-2024-CS-01420,2024-03-26,Italy,Taiwan,TW2066680900,P-CS-BS-003,底盤懸吊臂襯套軸套,73269098,47479,12914.45,13864.03,74903
INV-EU-2024-01438,WO-2024-M10-01438,2024-03-26,Netherlands,Taiwan,TW2066401000,P-M10-BN-002,電動車電池模組固定螺母 M10,73181699,18128,308.18,323.59,2320
INV-EU-2024-01451,WO-2024-M12-01451,2024-03-26,France,Taiwan,TW2066930697,P-M12-EH-001,高強度引擎汽缸頭螺栓 M12,73181595,22228,1417.08,1528.22,6433
INV-EU-2024-01466,WO-2024-CS-01466,2024-03-26,Germany,Taiwan,TW2066766130,P-CS-BS-003,底盤懸吊臂襯套軸套,73269098,38192,10388.28,11152.12,59524
INV-EU-2024-01482,WO-2024-M10-01482,2024-03-26,Netherlands,Taiwan,TW2066684344,P-M10-BN-002,電動車電池模組固定螺母 M10,73181699,12391,210.66,221.19,1329
INV-EU-2024-01484,WO-2024-M12-01484,2024-03-26,Spain,Taiwan,TW2066534851,P-M12-EH-001,高強度引擎汽缸頭螺栓 M12,73181595,41460,2643.09,2850.39,11629
INV-EU-2024-01503,WO-2024-M10-01503,2024-03-26,France,Taiwan,TW2066680601,P-M10-BN-002,電動車電池模組固定螺母 M10,73181699,36307,617.22,648.08,4376
INV-EU-2024-01506,WO-2024-M12-01506,2024-03-26,Italy,Taiwan,TW2066860447,P-M12-EH-001,高強度引擎汽缸頭螺栓 M12,73181595,38372,2446.24,2638.1,14114
INV-EU-2024-01508,WO-2024-CS-01508,2024-03-26,Germany,Taiwan,TW2066724896,P-CS-BS-003,底盤懸吊臂襯套軸套,73269098,19853,5400.16,5797.22,27216
INV-EU-2024-01519,WO-2024-CS-01519,2024-03-26,France,Taiwan,TW2066953557,P-CS-BS-003,底盤懸吊臂襯套軸套,73269098,35410,9631.54,10339.74,47001
INV-EU-2024-01416,WO-2024-M12-01416,2024-03-27,Spain,Taiwan,TW2066681242,P-M12-EH-001,高強度引擎汽缸頭螺栓 M12,73181595,31266,1993.23,2149.56,15009
INV-EU-2024-01421,WO-2024-M10-01421,2024-03-27,Germany,Taiwan,TW2066553879,P-M10-BN-002,電動車電池模組固定螺母 M10,73181699,41887,712.09,747.69,3596
INV-EU-2024-01425,WO-2024-M10-01425,2024-03-27,France,Taiwan,TW2066666744,P-M10-BN-002,電動車電池模組固定螺母 M10,73181699,45604,775.27,814.03,5395
INV-EU-2024-01431,WO-2024-M10-01431,2024-03-27,Spain,Taiwan,TW2066980220,P-M10-BN-002,電動車電池模組固定螺母 M10,73181699,21928,372.79,391.43,1949
INV-EU-2024-01439,WO-2024-M10-01439,2024-03-27,Netherlands,Taiwan,TW2066650339,P-M10-BN-002,電動車電池模組固定螺母 M10,73181699,29334,498.68,523.61,2997
INV-EU-2024-01442,WO-2024-M12-01442,2024-03-27,Spain,Taiwan,TW2066838899,P-M12-EH-001,高強度引擎汽缸頭螺栓 M12,73181595,30462,1941.97,2094.28,12292
INV-EU-2024-01447,WO-2024-M10-01447,2024-03-27,Italy,Taiwan,TW2066941331,P-M10-BN-002,電動車電池模組固定螺母 M10,73181699,15702,266.94,280.29,1585
INV-EU-2024-01464,WO-2024-M10-01464,2024-03-27,Italy,Taiwan,TW2066970997,P-M10-BN-002,電動車電池模組固定螺母 M10,73181699,35188,598.2,628.11,3140
INV-EU-2024-01465,WO-2024-CS-01465,2024-03-27,Netherlands,Taiwan,TW2066254756,P-CS-BS-003,底盤懸吊臂襯套軸套,73269098,18139,4933.82,5296.6,17367
INV-EU-2024-01472,WO-2024-M12-01472,2024-03-27,Germany,Taiwan,TW2066976527,P-M12-EH-001,高強度引擎汽缸頭螺栓 M12,73181595,31910,2034.3,2193.85,6957
INV-EU-2024-01475,WO-2024-M10-01475,2024-03-27,France,Taiwan,TW2066395739,P-M10-BN-002,電動車電池模組固定螺母 M10,73181699,15006,255.11,267.87,1530
INV-EU-2024-01486,WO-2024-CS-01486,2024-03-27,Italy,Taiwan,TW2066695121,P-CS-BS-003,底盤懸吊臂襯套軸套,73269098,34981,9515.1,10214.72,53284
INV-EU-2024-01514,WO-2024-M10-01514,2024-03-27,Spain,Taiwan,TW2066163783,P-M10-BN-002,電動車電池模組固定螺母 M10,73181699,18378,312.44,328.06,1056
INV-EU-2024-01523,WO-2024-M12-01523,2024-03-27,Spain,Taiwan,TW2066269822,P-M12-EH-001,高強度引擎汽缸頭螺栓 M12,73181595,48828,3112.83,3356.97,21291
INV-EU-2024-01527,WO-2024-CS-01527,2024-03-27,Netherlands,Taiwan,TW2066144614,P-CS-BS-003,底盤懸吊臂襯套軸套,73269098,31524,8574.67,9205.15,67654
INV-EU-2024-01535,WO-2024-CS-01535,2024-03-27,Spain,Taiwan,TW2066732296,P-CS-BS-003,底盤懸吊臂襯套軸套,73269098,48665,13237,14210.3,71479
INV-EU-2024-01540,WO-2024-M10-01540,2024-03-27,Spain,Taiwan,TW2066386285,P-M10-BN-002,電動車電池模組固定螺母 M10,73181699,32511,552.7,580.34,3852
INV-EU-2024-01544,WO-2024-M10-01544,2024-03-27,Spain,Taiwan,TW2066459937,P-M10-BN-002,電動車電池模組固定螺母 M10,73181699,44074,749.26,786.72,3618
INV-EU-2024-01445,WO-2024-M12-01445,2024-03-28,Italy,Taiwan,TW2066416925,P-M12-EH-001,高強度引擎汽缸頭螺栓 M12,73181595,41703,2658.6,2867.11,16988
INV-EU-2024-01450,WO-2024-M12-01450,2024-03-28,Germany,Taiwan,TW2066309715,P-M12-EH-001,高強度引擎汽缸頭螺栓 M12,73181595,36964,2356.47,2541.29,7823
INV-EU-2024-01457,WO-2024-M12-01457,2024-03-28,Italy,Taiwan,TW2066220978,P-M12-EH-001,高強度引擎汽缸頭螺栓 M12,73181595,33683,2147.33,2315.74,9340
INV-EU-2024-01462,WO-2024-M10-01462,2024-03-28,France,Taiwan,TW2066443189,P-M10-BN-002,電動車電池模組固定螺母 M10,73181699,13042,221.73,232.82,984
INV-EU-2024-01469,WO-2024-CS-01469,2024-03-28,Netherlands,Taiwan,TW2066235771,P-CS-BS-003,底盤懸吊臂襯套軸套,73269098,41167,11197.6,12020.94,85661
INV-EU-2024-01473,WO-2024-CS-01473,2024-03-28,Netherlands,Taiwan,TW2066635218,P-CS-BS-003,底盤懸吊臂襯套軸套,73269098,41369,11252.47,12079.85,36570
INV-EU-2024-01474,WO-2024-M10-01474,2024-03-28,Spain,Taiwan,TW2066965391,P-M10-BN-002,電動車電池模組固定螺母 M10,73181699,30653,521.11,547.17,2037
INV-EU-2024-01478,WO-2024-M10-01478,2024-03-28,Italy,Taiwan,TW2066916362,P-M10-BN-002,電動車電池模組固定螺母 M10,73181699,38815,659.87,692.86,5001
INV-EU-2024-01481,WO-2024-M12-01481,2024-03-28,Germany,Taiwan,TW2066151156,P-M12-EH-001,高強度引擎汽缸頭螺栓 M12,73181595,39195,2498.73,2694.7,19240
INV-EU-2024-01488,WO-2024-M12-01488,2024-03-28,France,Taiwan,TW2066253319,P-M12-EH-001,高強度引擎汽缸頭螺栓 M12,73181595,29818,1900.92,2050.01,9504
INV-EU-2024-01490,WO-2024-M10-01490,2024-03-28,Italy,Taiwan,TW2066690408,P-M10-BN-002,電動車電池模組固定螺母 M10,73181699,18979,322.65,338.78,1490
INV-EU-2024-01493,WO-2024-CS-01493,2024-03-28,Germany,Taiwan,TW2066592159,P-CS-BS-003,底盤懸吊臂襯套軸套,73269098,11866,3227.57,3464.89,19139
INV-EU-2024-01498,WO-2024-M10-01498,2024-03-28,Spain,Taiwan,TW2066647973,P-M10-BN-002,電動車電池模組固定螺母 M10,73181699,26780,455.27,478.03,2745
INV-EU-2024-01499,WO-2024-M12-01499,2024-03-28,Germany,Taiwan,TW2066541660,P-M12-EH-001,高強度引擎汽缸頭螺栓 M12,73181595,11288,719.65,776.09,3742
INV-EU-2024-01512,WO-2024-M10-01512,2024-03-28,Germany,Taiwan,TW2066419333,P-M10-BN-002,電動車電池模組固定螺母 M10,73181699,20671,351.41,368.98,1440
INV-EU-2024-01526,WO-2024-M12-01526,2024-03-28,Spain,Taiwan,TW2066727749,P-M12-EH-001,高強度引擎汽缸頭螺栓 M12,73181595,27619,1760.73,1898.83,8257
INV-EU-2024-01528,WO-2024-CS-01528,2024-03-28,Netherlands,Taiwan,TW2066330572,P-CS-BS-003,底盤懸吊臂襯套軸套,73269098,20919,5689.99,6108.37,43528
INV-EU-2024-01537,WO-2024-M12-01537,2024-03-28,Spain,Taiwan,TW2066888612,P-M12-EH-001,高強度引擎汽缸頭螺栓 M12,73181595,24361,1553.02,1674.83,7237
INV-EU-2024-01548,WO-2024-M12-01548,2024-03-28,Italy,Taiwan,TW2066791880,P-M12-EH-001,高強度引擎汽缸頭螺栓 M12,73181595,46488,2963.66,3196.1,20686
INV-EU-2024-01573,WO-2024-M10-01573,2024-03-28,Spain,Taiwan,TW2066194404,P-M10-BN-002,電動車電池模組固定螺母 M10,73181699,34192,581.27,610.33,3051
INV-EU-2024-01586,WO-2024-M10-01586,2024-03-28,Spain,Taiwan,TW2066236143,P-M10-BN-002,電動車電池模組固定螺母 M10,73181699,12747,216.7,227.53,1328
INV-EU-2024-01589,WO-2024-CS-01589,2024-03-28,France,Taiwan,TW2066217259,P-CS-BS-003,底盤懸吊臂襯套軸套,73269098,12280,3340.22,3585.82,21577
INV-EU-2024-01448,WO-2024-CS-01448,2024-03-29,Germany,Taiwan,TW2066524060,P-CS-BS-003,底盤懸吊臂襯套軸套,73269098,10653,2897.63,3110.69,13995
INV-EU-2024-01476,WO-2024-M10-01476,2024-03-29,Germany,Taiwan,TW2066610615,P-M10-BN-002,電動車電池模組固定螺母 M10,73181699,15434,262.39,275.51,1248
INV-EU-2024-01479,WO-2024-CS-01479,2024-03-29,Germany,Taiwan,TW2066807346,P-CS-BS-003,底盤懸吊臂襯套軸套,73269098,48347,13150.56,14117.5,105204
INV-EU-2024-01495,WO-2024-M12-01495,2024-03-29,Italy,Taiwan,TW2066252643,P-M12-EH-001,高強度引擎汽缸頭螺栓 M12,73181595,14508,924.92,997.46,4633
INV-EU-2024-01500,WO-2024-M12-01500,2024-03-29,Italy,Taiwan,TW2066426182,P-M12-EH-001,高強度引擎汽缸頭螺栓 M12,73181595,39434,2513.97,2711.14,11061
INV-EU-2024-01510,WO-2024-M12-01510,2024-03-29,Italy,Taiwan,TW2066401954,P-M12-EH-001,高強度引擎汽缸頭螺栓 M12,73181595,24835,1583.28,1707.45,8723
INV-EU-2024-01516,WO-2024-M10-01516,2024-03-29,Germany,Taiwan,TW2066477531,P-M10-BN-002,電動車電池模組固定螺母 M10,73181699,42449,721.64,757.72,3940
INV-EU-2024-01531,WO-2024-M10-01531,2024-03-29,Italy,Taiwan,TW2066632192,P-M10-BN-002,電動車電池模組固定螺母 M10,73181699,48458,823.8,864.99,6153
INV-EU-2024-01533,WO-2024-M10-01533,2024-03-29,Spain,Taiwan,TW2066538774,P-M10-BN-002,電動車電池模組固定螺母 M10,73181699,20448,347.62,365,2499
INV-EU-2024-01542,WO-2024-CS-01542,2024-03-29,France,Taiwan,TW2066851570,P-CS-BS-003,底盤懸吊臂襯套軸套,73269098,46398,12620.26,13548.22,100457
INV-EU-2024-01554,WO-2024-M10-01554,2024-03-29,Spain,Taiwan,TW2066502404,P-M10-BN-002,電動車電池模組固定螺母 M10,73181699,43940,746.99,784.34,4556
INV-EU-2024-01567,WO-2024-M10-01567,2024-03-29,France,Taiwan,TW2066536831,P-M10-BN-002,電動車電池模組固定螺母 M10,73181699,23102,392.74,412.38,1896
INV-EU-2024-01570,WO-2024-CS-01570,2024-03-29,Germany,Taiwan,TW2066112079,P-CS-BS-003,底盤懸吊臂襯套軸套,73269098,31718,8627.35,9261.71,32697
INV-EU-2024-01574,WO-2024-M12-01574,2024-03-29,Italy,Taiwan,TW2066580657,P-M12-EH-001,高強度引擎汽缸頭螺栓 M12,73181595,29750,1896.57,2045.32,8325
INV-EU-2024-01575,WO-2024-CS-01575,2024-03-29,Spain,Taiwan,TW2066259434,P-CS-BS-003,底盤懸吊臂襯套軸套,73269098,39994,10878.55,11678.43,81697
INV-EU-2024-01588,WO-2024-M10-01588,2024-03-29,Spain,Taiwan,TW2066705780,P-M10-BN-002,電動車電池模組固定螺母 M10,73181699,33118,563.01,591.16,2083
INV-EU-2024-01599,WO-2024-M10-01599,2024-03-29,France,Taiwan,TW2066962413,P-M10-BN-002,電動車電池模組固定螺母 M10,73181699,31610,537.38,564.25,3020
INV-EU-2024-01600,WO-2024-CS-01600,2024-03-29,France,Taiwan,TW2066885315,P-CS-BS-003,底盤懸吊臂襯套軸套,73269098,35528,9663.7,10374.26,40104
INV-EU-2024-01463,WO-2024-CS-01463,2024-03-30,France,Taiwan,TW2066820427,P-CS-BS-003,底盤懸吊臂襯套軸套,73269098,40570,11035.29,11846.69,65880
INV-EU-2024-01467,WO-2024-CS-01467,2024-03-30,Italy,Taiwan,TW2066775940,P-CS-BS-003,底盤懸吊臂襯套軸套,73269098,24594,6689.83,7181.71,44487
INV-EU-2024-01470,WO-2024-CS-01470,2024-03-30,Italy,Taiwan,TW2066333097,P-CS-BS-003,底盤懸吊臂襯套軸套,73269098,35593,9681.3,10393.16,54699
INV-EU-2024-01491,WO-2024-M10-01491,2024-03-30,France,Taiwan,TW2066750918,P-M10-BN-002,電動車電池模組固定螺母 M10,73181699,36212,615.61,646.39,4814
INV-EU-2024-01505,WO-2024-M12-01505,2024-03-30,France,Taiwan,TW2066476628,P-M12-EH-001,高強度引擎汽缸頭螺栓 M12,73181595,20681,1318.42,1421.83,5603
INV-EU-2024-01507,WO-2024-M12-01507,2024-03-30,Netherlands,Taiwan,TW2066751642,P-M12-EH-001,高強度引擎汽缸頭螺栓 M12,73181595,46309,2952.21,3183.76,23411
INV-EU-2024-01511,WO-2024-M12-01511,2024-03-30,France,Taiwan,TW2066198266,P-M12-EH-001,高強度引擎汽缸頭螺栓 M12,73181595,37640,2399.61,2587.81,12094
INV-EU-2024-01520,WO-2024-CS-01520,2024-03-30,Germany,Taiwan,TW2066773675,P-CS-BS-003,底盤懸吊臂襯套軸套,73269098,40766,11088.54,11903.86,34152
INV-EU-2024-01521,WO-2024-M12-01521,2024-03-30,Spain,Taiwan,TW2066836102,P-M12-EH-001,高強度引擎汽缸頭螺栓 M12,73181595,26683,1701.05,1834.46,7977
INV-EU-2024-01524,WO-2024-CS-01524,2024-03-30,Germany,Taiwan,TW2066313501,P-CS-BS-003,底盤懸吊臂襯套軸套,73269098,10684,2906.06,3119.74,11420
INV-EU-2024-01529,WO-2024-M12-01529,2024-03-30,Spain,Taiwan,TW2066912903,P-M12-EH-001,高強度引擎汽缸頭螺栓 M12,73181595,30282,1930.53,2081.94,15096
INV-EU-2024-01536,WO-2024-M10-01536,2024-03-30,Germany,Taiwan,TW2066520819,P-M10-BN-002,電動車電池模組固定螺母 M10,73181699,45036,765.62,803.9,3897
INV-EU-2024-01539,WO-2024-M12-01539,2024-03-30,Spain,Taiwan,TW2066546149,P-M12-EH-001,高強度引擎汽缸頭螺栓 M12,73181595,16277,1037.68,1119.07,5873
INV-EU-2024-01564,WO-2024-M12-01564,2024-03-30,Spain,Taiwan,TW2066329141,P-M12-EH-001,高強度引擎汽缸頭螺栓 M12,73181595,35704,2276.17,2454.69,16684
INV-EU-2024-01565,WO-2024-M12-01565,2024-03-30,Germany,Taiwan,TW2066268224,P-M12-EH-001,高強度引擎汽缸頭螺栓 M12,73181595,35698,2275.78,2454.27,17773
INV-EU-2024-01566,WO-2024-M10-01566,2024-03-30,Italy,Taiwan,TW2066592313,P-M10-BN-002,電動車電池模組固定螺母 M10,73181699,46188,785.2,824.46,3541
INV-EU-2024-01579,WO-2024-M10-01579,2024-03-30,Netherlands,Taiwan,TW2066763332,P-M10-BN-002,電動車電池模組固定螺母 M10,73181699,28839,490.27,514.78,2980
INV-EU-2024-01584,WO-2024-CS-01584,2024-03-30,Germany,Taiwan,TW2066635847,P-CS-BS-003,底盤懸吊臂襯套軸套,73269098,10874,2957.9,3175.38,15026
INV-EU-2024-01591,WO-2024-M10-01591,2024-03-30,Italy,Taiwan,TW2066648459,P-M10-BN-002,電動車電池模組固定螺母 M10,73181699,11278,191.74,201.33,1422
INV-EU-2024-01594,WO-2024-M10-01594,2024-03-30,Italy,Taiwan,TW2066642583,P-M10-BN-002,電動車電池模組固定螺母 M10,73181699,38855,660.54,693.57,3315
INV-EU-2024-01595,WO-2024-CS-01595,2024-03-30,Netherlands,Taiwan,TW2066558138,P-CS-BS-003,底盤懸吊臂襯套軸套,73269098,13171,3582.77,3846.19,27157
INV-EU-2024-01602,WO-2024-CS-01602,2024-03-30,Italy,Taiwan,TW2066961233,P-CS-BS-003,底盤懸吊臂襯套軸套,73269098,49259,13398.57,14383.75,49172
INV-EU-2024-01606,WO-2024-CS-01606,2024-03-30,Italy,Taiwan,TW2066755039,P-CS-BS-003,底盤懸吊臂襯套軸套,73269098,40418,10993.94,11802.3,62335
INV-EU-2024-01617,WO-2024-CS-01617,2024-03-30,Netherlands,Taiwan,TW2066589306,P-CS-BS-003,底盤懸吊臂襯套軸套,73269098,12010,3266.73,3506.93,14177
INV-EU-2024-01477,WO-2024-CS-01477,2024-03-31,France,Taiwan,TW2066205576,P-CS-BS-003,底盤懸吊臂襯套軸套,73269098,19206,5224.22,5608.34,35681
INV-EU-2024-01485,WO-2024-M12-01485,2024-03-31,Germany,Taiwan,TW2066856212,P-M12-EH-001,高強度引擎汽缸頭螺栓 M12,73181595,36763,2343.7,2527.51,10359
INV-EU-2024-01487,WO-2024-M10-01487,2024-03-31,France,Taiwan,TW2066669000,P-M10-BN-002,電動車電池模組固定螺母 M10,73181699,26447,449.6,472.08,1429
INV-EU-2024-01494,WO-2024-CS-01494,2024-03-31,France,Taiwan,TW2066584214,P-CS-BS-003,底盤懸吊臂襯套軸套,73269098,36093,9817.42,10539.28,59886
INV-EU-2024-01496,WO-2024-M12-01496,2024-03-31,Germany,Taiwan,TW2066990537,P-M12-EH-001,高強度引擎汽缸頭螺栓 M12,73181595,40092,2555.88,2756.34,9942
INV-EU-2024-01497,WO-2024-CS-01497,2024-03-31,France,Taiwan,TW2066738446,P-CS-BS-003,底盤懸吊臂襯套軸套,73269098,17948,4881.98,5240.94,37591
INV-EU-2024-01509,WO-2024-CS-01509,2024-03-31,Netherlands,Taiwan,TW2066214884,P-CS-BS-003,底盤懸吊臂襯套軸套,73269098,36599,9954.96,10686.94,79241
INV-EU-2024-01517,WO-2024-M12-01517,2024-03-31,France,Taiwan,TW2066179488,P-M12-EH-001,高強度引擎汽缸頭螺栓 M12,73181595,17465,1113.43,1200.76,7927
INV-EU-2024-01518,WO-2024-M10-01518,2024-03-31,Italy,Taiwan,TW2066291523,P-M10-BN-002,電動車電池模組固定螺母 M10,73181699,21210,360.58,378.61,1792
INV-EU-2024-01538,WO-2024-M12-01538,2024-03-31,Netherlands,Taiwan,TW2066443209,P-M12-EH-001,高強度引擎汽缸頭螺栓 M12,73181595,37470,2388.73,2576.08,11752
INV-EU-2024-01549,WO-2024-M12-01549,2024-03-31,Spain,Taiwan,TW2066315649,P-M12-EH-001,高強度引擎汽缸頭螺栓 M12,73181595,20848,1329.11,1433.35,6034
INV-EU-2024-01553,WO-2024-M10-01553,2024-03-31,Germany,Taiwan,TW2066242340,P-M10-BN-002,電動車電池模組固定螺母 M10,73181699,28383,482.52,506.65,1905
INV-EU-2024-01558,WO-2024-CS-01558,2024-03-31,Germany,Taiwan,TW2066355701,P-CS-BS-003,底盤懸吊臂襯套軸套,73269098,49410,13439.62,14427.82,42469
INV-EU-2024-01560,WO-2024-M10-01560,2024-03-31,Germany,Taiwan,TW2066921896,P-M10-BN-002,電動車電池模組固定螺母 M10,73181699,47329,804.6,844.83,5752
INV-EU-2024-01563,WO-2024-M10-01563,2024-03-31,Netherlands,Taiwan,TW2066910754,P-M10-BN-002,電動車電池模組固定螺母 M10,73181699,28928,491.78,516.37,3137
INV-EU-2024-01568,WO-2024-M10-01568,2024-03-31,Germany,Taiwan,TW2066501989,P-M10-BN-002,電動車電池模組固定螺母 M10,73181699,24765,421.02,442.07,3039
INV-EU-2024-01571,WO-2024-M10-01571,2024-03-31,Spain,Taiwan,TW2066662647,P-M10-BN-002,電動車電池模組固定螺母 M10,73181699,15741,267.61,280.99,1000
INV-EU-2024-01576,WO-2024-M10-01576,2024-03-31,Germany,Taiwan,TW2066405329,P-M10-BN-002,電動車電池模組固定螺母 M10,73181699,24009,408.16,428.57,2453
INV-EU-2024-01592,WO-2024-CS-01592,2024-03-31,France,Taiwan,TW2066652784,P-CS-BS-003,底盤懸吊臂襯套軸套,73269098,29339,7980.35,8567.13,43093
INV-EU-2024-01609,WO-2024-M10-01609,2024-03-31,Spain,Taiwan,TW2066962765,P-M10-BN-002,電動車電池模組固定螺母 M10,73181699,39828,677.09,710.94,5362
INV-EU-2024-01618,WO-2024-CS-01618,2024-03-31,Italy,Taiwan,TW2066769699,P-CS-BS-003,底盤懸吊臂襯套軸套,73269098,33892,9218.73,9896.57,51532
INV-EU-2024-01625,WO-2024-M12-01625,2024-03-31,Netherlands,Taiwan,TW2066804691,P-M12-EH-001,高強度引擎汽缸頭螺栓 M12,73181595,37419,2385.51,2572.61,18583
INV-EU-2024-01629,WO-2024-CS-01629,2024-03-31,Italy,Taiwan,TW2066760285,P-CS-BS-003,底盤懸吊臂襯套軸套,73269098,14383,3912.42,4200.08,16040
INV-EU-2024-01631,WO-2024-CS-01631,2024-03-31,Spain,Taiwan,TW2066646652,P-CS-BS-003,底盤懸吊臂襯套軸套,73269098,39486,10740.26,11529.98,52090
INV-EU-2024-01502,WO-2024-M12-01502,2024-04-01,Germany,Taiwan,TW2066999088,P-M12-EH-001,高強度引擎汽缸頭螺栓 M12,73181595,34289,2185.93,2357.38,7104
INV-EU-2024-01515,WO-2024-M10-01515,2024-04-01,Netherlands,Taiwan,TW2066592646,P-M10-BN-002,電動車電池模組固定螺母 M10,73181699,30364,516.2,542.01,1708
INV-EU-2024-01577,WO-2024-M10-01577,2024-04-01,Spain,Taiwan,TW2066674810,P-M10-BN-002,電動車電池模組固定螺母 M10,73181699,36350,617.96,648.86,3306
INV-EU-2024-01580,WO-2024-M12-01580,2024-04-01,Spain,Taiwan,TW2066218433,P-M12-EH-001,高強度引擎汽缸頭螺栓 M12,73181595,45383,2893.19,3120.11,12209
INV-EU-2024-01598,WO-2024-M10-01598,2024-04-01,Italy,Taiwan,TW2066902704,P-M10-BN-002,電動車電池模組固定螺母 M10,73181699,11496,195.44,205.21,1477
INV-EU-2024-01603,WO-2024-CS-01603,2024-04-01,Italy,Taiwan,TW2066922185,P-CS-BS-003,底盤懸吊臂襯套軸套,73269098,42439,11543.42,12392.2,79649
INV-EU-2024-01607,WO-2024-CS-01607,2024-04-01,Netherlands,Taiwan,TW2066946292,P-CS-BS-003,底盤懸吊臂襯套軸套,73269098,17373,4725.53,5072.99,33504
INV-EU-2024-01610,WO-2024-M10-01610,2024-04-01,France,Taiwan,TW2066453146,P-M10-BN-002,電動車電池模組固定螺母 M10,73181699,21678,368.53,386.96,1319
INV-EU-2024-01619,WO-2024-M12-01619,2024-04-01,Germany,Taiwan,TW2066573060,P-M12-EH-001,高強度引擎汽缸頭螺栓 M12,73181595,34403,2193.21,2365.22,17523
INV-EU-2024-01630,WO-2024-M10-01630,2024-04-01,Germany,Taiwan,TW2066821773,P-M10-BN-002,電動車電池模組固定螺母 M10,73181699,16592,282.07,296.17,1317
INV-EU-2024-01522,WO-2024-M12-01522,2024-04-02,France,Taiwan,TW2066341554,P-M12-EH-001,高強度引擎汽缸頭螺栓 M12,73181595,19081,1216.46,1311.87,5510
INV-EU-2024-01525,WO-2024-CS-01525,2024-04-02,Netherlands,Taiwan,TW2066255725,P-CS-BS-003,底盤懸吊臂襯套軸套,73269098,21598,5874.83,6306.79,19915
INV-EU-2024-01530,WO-2024-M10-01530,2024-04-02,Netherlands,Taiwan,TW2066944441,P-M10-BN-002,電動車電池模組固定螺母 M10,73181699,17021,289.36,303.83,1918
INV-EU-2024-01532,WO-2024-M12-01532,2024-04-02,Netherlands,Taiwan,TW2066342840,P-M12-EH-001,高強度引擎汽缸頭螺栓 M12,73181595,26328,1678.45,1810.09,10137
INV-EU-2024-01534,WO-2024-M12-01534,2024-04-02,Netherlands,Taiwan,TW2066293457,P-M12-EH-001,高強度引擎汽缸頭螺栓 M12,73181595,16765,1068.8,1152.63,7438
INV-EU-2024-01541,WO-2024-CS-01541,2024-04-02,Germany,Taiwan,TW2066366198,P-CS-BS-003,底盤懸吊臂襯套軸套,73269098,17339,4716.35,5063.13,31316
INV-EU-2024-01545,WO-2024-M10-01545,2024-04-02,Italy,Taiwan,TW2066756532,P-M10-BN-002,電動車電池模組固定螺母 M10,73181699,43078,732.34,768.96,5624
INV-EU-2024-01546,WO-2024-M12-01546,2024-04-02,Spain,Taiwan,TW2066689350,P-M12-EH-001,高強度引擎汽缸頭螺栓 M12,73181595,17482,1114.49,1201.9,7500
INV-EU-2024-01547,WO-2024-CS-01547,2024-04-02,Spain,Taiwan,TW2066954725,P-CS-BS-003,底盤懸吊臂襯套軸套,73269098,20393,5547.07,5954.93,22521
INV-EU-2024-01555,WO-2024-M12-01555,2024-04-02,Italy,Taiwan,TW2066312807,P-M12-EH-001,高強度引擎汽缸頭螺栓 M12,73181595,39436,2514.06,2711.24,12243
INV-EU-2024-01561,WO-2024-M10-01561,2024-04-02,France,Taiwan,TW2066192021,P-M10-BN-002,電動車電池模組固定螺母 M10,73181699,27765,472.01,495.61,3294
INV-EU-2024-01572,WO-2024-M12-01572,2024-04-02,France,Taiwan,TW2066382447,P-M12-EH-001,高強度引擎汽缸頭螺栓 M12,73181595,17973,1145.79,1235.65,3826
INV-EU-2024-01578,WO-2024-M10-01578,2024-04-02,France,Taiwan,TW2066926302,P-M10-BN-002,電動車電池模組固定螺母 M10,73181699,26919,457.64,480.52,2983
INV-EU-2024-01583,WO-2024-M12-01583,2024-04-02,Netherlands,Taiwan,TW2066466481,P-M12-EH-001,高強度引擎汽缸頭螺栓 M12,73181595,14612,931.54,1004.6,6781
INV-EU-2024-01585,WO-2024-M12-01585,2024-04-02,Netherlands,Taiwan,TW2066898955,P-M12-EH-001,高強度引擎汽缸頭螺栓 M12,73181595,46696,2976.9,3210.38,20272
INV-EU-2024-01587,WO-2024-CS-01587,2024-04-02,France,Taiwan,TW2066600079,P-CS-BS-003,底盤懸吊臂襯套軸套,73269098,14257,3878.08,4163.22,25168
INV-EU-2024-01612,WO-2024-CS-01612,2024-04-02,Italy,Taiwan,TW2066945238,P-CS-BS-003,底盤懸吊臂襯套軸套,73269098,32264,8775.95,9421.23,59237
INV-EU-2024-01614,WO-2024-M12-01614,2024-04-02,France,Taiwan,TW2066569832,P-M12-EH-001,高強度引擎汽缸頭螺栓 M12,73181595,17391,1108.72,1195.67,5665
INV-EU-2024-01616,WO-2024-M10-01616,2024-04-02,Germany,Taiwan,TW2066807743,P-M10-BN-002,電動車電池模組固定螺母 M10,73181699,27102,460.75,483.79,1727
INV-EU-2024-01639,WO-2024-M10-01639,2024-04-02,Italy,Taiwan,TW2066315438,P-M10-BN-002,電動車電池模組固定螺母 M10,73181699,40435,687.4,721.77,4688
INV-EU-2024-01655,WO-2024-M12-01655,2024-04-02,Netherlands,Taiwan,TW2066791337,P-M12-EH-001,高強度引擎汽缸頭螺栓 M12,73181595,41923,2672.6,2882.22,18013
INV-EU-2024-01656,WO-2024-M10-01656,2024-04-02,Netherlands,Taiwan,TW2066654755,P-M10-BN-002,電動車電池模組固定螺母 M10,73181699,40157,682.67,716.8,3679
INV-EU-2024-01659,WO-2024-M12-01659,2024-04-02,Spain,Taiwan,TW2066718247,P-M12-EH-001,高強度引擎汽缸頭螺栓 M12,73181595,10984,700.26,755.18,3249
INV-EU-2024-01676,WO-2024-M10-01676,2024-04-02,Italy,Taiwan,TW2066911161,P-M10-BN-002,電動車電池模組固定螺母 M10,73181699,17582,298.91,313.86,2292
INV-EU-2024-01543,WO-2024-M10-01543,2024-04-03,Spain,Taiwan,TW2066108477,P-M10-BN-002,電動車電池模組固定螺母 M10,73181699,28811,489.8,514.29,3080
INV-EU-2024-01550,WO-2024-CS-01550,2024-04-03,Italy,Taiwan,TW2066410547,P-CS-BS-003,底盤懸吊臂襯套軸套,73269098,17682,4809.52,5163.16,37514
INV-EU-2024-01551,WO-2024-M12-01551,2024-04-03,France,Taiwan,TW2066985743,P-M12-EH-001,高強度引擎汽缸頭螺栓 M12,73181595,46232,2947.3,3178.46,10728
INV-EU-2024-01552,WO-2024-M10-01552,2024-04-03,Netherlands,Taiwan,TW2066392056,P-M10-BN-002,電動車電池模組固定螺母 M10,73181699,27932,474.85,498.59,2768
INV-EU-2024-01556,WO-2024-M12-01556,2024-04-03,Germany,Taiwan,TW2066723707,P-M12-EH-001,高強度引擎汽缸頭螺栓 M12,73181595,28468,1814.84,1957.18,7930
INV-EU-2024-01557,WO-2024-M12-01557,2024-04-03,France,Taiwan,TW2066168212,P-M12-EH-001,高強度引擎汽缸頭螺栓 M12,73181595,40365,2573.28,2775.11,8337
INV-EU-2024-01559,WO-2024-M12-01559,2024-04-03,Germany,Taiwan,TW2066578550,P-M12-EH-001,高強度引擎汽缸頭螺栓 M12,73181595,19865,1266.41,1365.74,9333
INV-EU-2024-01562,WO-2024-M10-01562,2024-04-03,Germany,Taiwan,TW2066122354,P-M10-BN-002,電動車電池模組固定螺母 M10,73181699,15440,262.49,275.61,2015
INV-EU-2024-01569,WO-2024-M12-01569,2024-04-03,Germany,Taiwan,TW2066662575,P-M12-EH-001,高強度引擎汽缸頭螺栓 M12,73181595,40770,2599.1,2802.95,9616
INV-EU-2024-01582,WO-2024-M12-01582,2024-04-03,Spain,Taiwan,TW2066975706,P-M12-EH-001,高強度引擎汽缸頭螺栓 M12,73181595,19336,1232.72,1329.4,8493
INV-EU-2024-01593,WO-2024-M12-01593,2024-04-03,Netherlands,Taiwan,TW2066925627,P-M12-EH-001,高強度引擎汽缸頭螺栓 M12,73181595,25966,1655.36,1785.19,10246
INV-EU-2024-01597,WO-2024-M10-01597,2024-04-03,Spain,Taiwan,TW2066232856,P-M10-BN-002,電動車電池模組固定螺母 M10,73181699,38654,657.13,689.99,4087
INV-EU-2024-01604,WO-2024-M12-01604,2024-04-03,Germany,Taiwan,TW2066425956,P-M12-EH-001,高強度引擎汽缸頭螺栓 M12,73181595,31140,1985.2,2140.9,6134
INV-EU-2024-01611,WO-2024-CS-01611,2024-04-03,France,Taiwan,TW2066547208,P-CS-BS-003,底盤懸吊臂襯套軸套,73269098,35859,9753.65,10470.83,33162
INV-EU-2024-01643,WO-2024-CS-01643,2024-04-03,Spain,Taiwan,TW2066266491,P-CS-BS-003,底盤懸吊臂襯套軸套,73269098,14516,3948.56,4238.88,29021
INV-EU-2024-01644,WO-2024-M12-01644,2024-04-03,France,Taiwan,TW2066788557,P-M12-EH-001,高強度引擎汽缸頭螺栓 M12,73181595,43837,2794.63,3013.82,14587
INV-EU-2024-01645,WO-2024-M10-01645,2024-04-03,France,Taiwan,TW2066159912,P-M10-BN-002,電動車電池模組固定螺母 M10,73181699,39300,668.1,701.5,3774
INV-EU-2024-01646,WO-2024-M12-01646,2024-04-03,Netherlands,Taiwan,TW2066319564,P-M12-EH-001,高強度引擎汽缸頭螺栓 M12,73181595,45289,2887.23,3113.68,21740
INV-EU-2024-01648,WO-2024-M10-01648,2024-04-03,Spain,Taiwan,TW2066369506,P-M10-BN-002,電動車電池模組固定螺母 M10,73181699,23948,407.13,427.49,2939
INV-EU-2024-01650,WO-2024-CS-01650,2024-04-03,Spain,Taiwan,TW2066308530,P-CS-BS-003,底盤懸吊臂襯套軸套,73269098,43534,11841.4,12712.08,47957
INV-EU-2024-01652,WO-2024-M12-01652,2024-04-03,Netherlands,Taiwan,TW2066203262,P-M12-EH-001,高強度引擎汽缸頭螺栓 M12,73181595,42573,2714.03,2926.9,18129
INV-EU-2024-01662,WO-2024-M10-01662,2024-04-03,Germany,Taiwan,TW2066708841,P-M10-BN-002,電動車電池模組固定螺母 M10,73181699,43083,732.42,769.04,2343
INV-EU-2024-01663,WO-2024-CS-01663,2024-04-03,Germany,Taiwan,TW2066428587,P-CS-BS-003,底盤懸吊臂襯套軸套,73269098,17026,4631.23,4971.75,17181
INV-EU-2024-01664,WO-2024-M10-01664,2024-04-03,France,Taiwan,TW2066782867,P-M10-BN-002,電動車電池模組固定螺母 M10,73181699,40580,689.86,724.35,5070
INV-EU-2024-01666,WO-2024-M12-01666,2024-04-03,Netherlands,Taiwan,TW2066171892,P-M12-EH-001,高強度引擎汽缸頭螺栓 M12,73181595,19299,1230.37,1326.86,8514
INV-EU-2024-01669,WO-2024-M12-01669,2024-04-03,Netherlands,Taiwan,TW2066499327,P-M12-EH-001,高強度引擎汽缸頭螺栓 M12,73181595,27392,1746.26,1883.22,12380
INV-EU-2024-01670,WO-2024-CS-01670,2024-04-03,Netherlands,Taiwan,TW2066430229,P-CS-BS-003,底盤懸吊臂襯套軸套,73269098,21421,5826.67,6255.09,40029
INV-EU-2024-01675,WO-2024-CS-01675,2024-04-03,Italy,Taiwan,TW2066187462,P-CS-BS-003,底盤懸吊臂襯套軸套,73269098,14979,4074.45,4374.03,30925
INV-EU-2024-01682,WO-2024-M10-01682,2024-04-03,Spain,Taiwan,TW2066368521,P-M10-BN-002,電動車電池模組固定螺母 M10,73181699,32745,556.68,584.51,3217
INV-EU-2024-01694,WO-2024-M12-01694,2024-04-03,Italy,Taiwan,TW2066632320,P-M12-EH-001,高強度引擎汽缸頭螺栓 M12,73181595,48543,3094.67,3337.39,16773
INV-EU-2024-01695,WO-2024-CS-01695,2024-04-03,Spain,Taiwan,TW2066220748,P-CS-BS-003,底盤懸吊臂襯套軸套,73269098,22805,6203.06,6659.16,33930
INV-EU-2024-01581,WO-2024-M10-01581,2024-04-04,Spain,Taiwan,TW2066488907,P-M10-BN-002,電動車電池模組固定螺母 M10,73181699,18461,313.85,329.54,1920
INV-EU-2024-01590,WO-2024-CS-01590,2024-04-04,Germany,Taiwan,TW2066947646,P-CS-BS-003,底盤懸吊臂襯套軸套,73269098,22376,6086.34,6533.86,46134
INV-EU-2024-01596,WO-2024-CS-01596,2024-04-04,France,Taiwan,TW2066100571,P-CS-BS-003,底盤懸吊臂襯套軸套,73269098,35758,9726.41,10441.57,72461
INV-EU-2024-01608,WO-2024-CS-01608,2024-04-04,Germany,Taiwan,TW2066933651,P-CS-BS-003,底盤懸吊臂襯套軸套,73269098,24920,6778.46,7276.86,49686
INV-EU-2024-01613,WO-2024-M10-01613,2024-04-04,Spain,Taiwan,TW2066690872,P-M10-BN-002,電動車電池模組固定螺母 M10,73181699,41787,710.39,745.91,2408
INV-EU-2024-01633,WO-2024-M12-01633,2024-04-04,Netherlands,Taiwan,TW2066552226,P-M12-EH-001,高強度引擎汽缸頭螺栓 M12,73181595,10027,639.25,689.38,2531
INV-EU-2024-01638,WO-2024-M12-01638,2024-04-04,Netherlands,Taiwan,TW2066101920,P-M12-EH-001,高強度引擎汽缸頭螺栓 M12,73181595,17507,1116.09,1203.63,7645
INV-EU-2024-01657,WO-2024-M12-01657,2024-04-04,France,Taiwan,TW2066440788,P-M12-EH-001,高強度引擎汽缸頭螺栓 M12,73181595,19967,1272.92,1372.76,7446
INV-EU-2024-01660,WO-2024-M12-01660,2024-04-04,Spain,Taiwan,TW2066982002,P-M12-EH-001,高強度引擎汽缸頭螺栓 M12,73181595,49586,3161.16,3409.09,25036
INV-EU-2024-01697,WO-2024-CS-01697,2024-04-04,Italy,Taiwan,TW2066814253,P-CS-BS-003,底盤懸吊臂襯套軸套,73269098,12128,3298.89,3541.45,25929
INV-EU-2024-01698,WO-2024-M10-01698,2024-04-04,France,Taiwan,TW2066837879,P-M10-BN-002,電動車電池模組固定螺母 M10,73181699,46678,793.53,833.21,5284
INV-EU-2024-01709,WO-2024-CS-01709,2024-04-04,Spain,Taiwan,TW2066695511,P-CS-BS-003,底盤懸吊臂襯套軸套,73269098,22713,6178.17,6632.43,28110
INV-EU-2024-01715,WO-2024-CS-01715,2024-04-04,Italy,Taiwan,TW2066470883,P-CS-BS-003,底盤懸吊臂襯套軸套,73269098,18462,5021.87,5391.11,23351
INV-EU-2024-01601,WO-2024-M12-01601,2024-04-05,Germany,Taiwan,TW2066895625,P-M12-EH-001,高強度引擎汽缸頭螺栓 M12,73181595,13406,854.65,921.68,6426
INV-EU-2024-01615,WO-2024-M12-01615,2024-04-05,Spain,Taiwan,TW2066394818,P-M12-EH-001,高強度引擎汽缸頭螺栓 M12,73181595,29907,1906.6,2056.13,7092
INV-EU-2024-01620,WO-2024-M12-01620,2024-04-05,Spain,Taiwan,TW2066161845,P-M12-EH-001,高強度引擎汽缸頭螺栓 M12,73181595,39020,2487.58,2682.68,13457
INV-EU-2024-01622,WO-2024-M10-01622,2024-04-05,Netherlands,Taiwan,TW2066640370,P-M10-BN-002,電動車電池模組固定螺母 M10,73181699,26246,446.19,468.5,3449
INV-EU-2024-01626,WO-2024-M12-01626,2024-04-05,Netherlands,Taiwan,TW2066200644,P-M12-EH-001,高強度引擎汽缸頭螺栓 M12,73181595,13673,871.67,940.03,4262
INV-EU-2024-01632,WO-2024-CS-01632,2024-04-05,France,Taiwan,TW2066130382,P-CS-BS-003,底盤懸吊臂襯套軸套,73269098,14290,3886.97,4172.77,25537
INV-EU-2024-01635,WO-2024-M12-01635,2024-04-05,Germany,Taiwan,TW2066948335,P-M12-EH-001,高強度引擎汽缸頭螺栓 M12,73181595,23629,1506.38,1624.53,5844
INV-EU-2024-01636,WO-2024-M12-01636,2024-04-05,Germany,Taiwan,TW2066846131,P-M12-EH-001,高強度引擎汽缸頭螺栓 M12,73181595,39244,2501.86,2698.08,15436
INV-EU-2024-01637,WO-2024-M10-01637,2024-04-05,Netherlands,Taiwan,TW2066138907,P-M10-BN-002,電動車電池模組固定螺母 M10,73181699,18395,312.73,328.37,1732
INV-EU-2024-01640,WO-2024-CS-01640,2024-04-05,Spain,Taiwan,TW2066873532,P-CS-BS-003,底盤懸吊臂襯套軸套,73269098,38555,10487.13,11258.23,71627
INV-EU-2024-01642,WO-2024-M12-01642,2024-04-05,France,Taiwan,TW2066973416,P-M12-EH-001,高強度引擎汽缸頭螺栓 M12,73181595,18028,1149.29,1239.43,7068
INV-EU-2024-01651,WO-2024-CS-01651,2024-04-05,Germany,Taiwan,TW2066843734,P-CS-BS-003,底盤懸吊臂襯套軸套,73269098,42854,11656.38,12513.46,64576
INV-EU-2024-01653,WO-2024-M12-01653,2024-04-05,France,Taiwan,TW2066129243,P-M12-EH-001,高強度引擎汽缸頭螺栓 M12,73181595,29609,1887.58,2035.63,8210
INV-EU-2024-01658,WO-2024-M12-01658,2024-04-05,Netherlands,Taiwan,TW2066693353,P-M12-EH-001,高強度引擎汽缸頭螺栓 M12,73181595,36574,2331.6,2514.47,14502
INV-EU-2024-01668,WO-2024-CS-01668,2024-04-05,Germany,Taiwan,TW2066730545,P-CS-BS-003,底盤懸吊臂襯套軸套,73269098,41910,11399.74,12237.94,87094
INV-EU-2024-01673,WO-2024-M10-01673,2024-04-05,France,Taiwan,TW2066908362,P-M10-BN-002,電動車電池模組固定螺母 M10,73181699,13916,236.58,248.41,1708
INV-EU-2024-01678,WO-2024-M12-01678,2024-04-05,France,Taiwan,TW2066794603,P-M12-EH-001,高強度引擎汽缸頭螺栓 M12,73181595,28310,1804.81,1946.36,6840
INV-EU-2024-01679,WO-2024-M12-01679,2024-04-05,Netherlands,Taiwan,TW2066198469,P-M12-EH-001,高強度引擎汽缸頭螺栓 M12,73181595,48103,3066.57,3307.09,10886
INV-EU-2024-01681,WO-2024-M10-01681,2024-04-05,Netherlands,Taiwan,TW2066511753,P-M10-BN-002,電動車電池模組固定螺母 M10,73181699,48481,824.18,865.39,5035
INV-EU-2024-01687,WO-2024-M10-01687,2024-04-05,Netherlands,Taiwan,TW2066278942,P-M10-BN-002,電動車電池模組固定螺母 M10,73181699,11840,201.29,211.35,1372
INV-EU-2024-01706,WO-2024-M10-01706,2024-04-05,Italy,Taiwan,TW2066992864,P-M10-BN-002,電動車電池模組固定螺母 M10,73181699,34815,591.86,621.45,2432
INV-EU-2024-01708,WO-2024-CS-01708,2024-04-05,Germany,Taiwan,TW2066796598,P-CS-BS-003,底盤懸吊臂襯套軸套,73269098,34615,9415.4,10107.7,38697
INV-EU-2024-01711,WO-2024-M12-01711,2024-04-05,Netherlands,Taiwan,TW2066477850,P-M12-EH-001,高強度引擎汽缸頭螺栓 M12,73181595,18510,1180.03,1272.58,8354
INV-EU-2024-01712,WO-2024-M12-01712,2024-04-05,Spain,Taiwan,TW2066202872,P-M12-EH-001,高強度引擎汽缸頭螺栓 M12,73181595,47913,3054.47,3294.03,14478
INV-EU-2024-01716,WO-2024-CS-01716,2024-04-05,Italy,Taiwan,TW2066651251,P-CS-BS-003,底盤懸吊臂襯套軸套,73269098,42357,11521.29,12368.43,42283
INV-EU-2024-01718,WO-2024-M12-01718,2024-04-05,Netherlands,Taiwan,TW2066300223,P-M12-EH-001,高強度引擎汽缸頭螺栓 M12,73181595,15861,1011.2,1090.51,7988
INV-EU-2024-01719,WO-2024-M10-01719,2024-04-05,Spain,Taiwan,TW2066176547,P-M10-BN-002,電動車電池模組固定螺母 M10,73181699,45860,779.63,818.61,3063
INV-EU-2024-01727,WO-2024-M10-01727,2024-04-05,Spain,Taiwan,TW2066757791,P-M10-BN-002,電動車電池模組固定螺母 M10,73181699,37430,636.32,668.14,4027
INV-EU-2024-01605,WO-2024-M12-01605,2024-04-06,France,Taiwan,TW2066956748,P-M12-EH-001,高強度引擎汽缸頭螺栓 M12,73181595,41295,2632.58,2839.05,12188
INV-EU-2024-01624,WO-2024-M10-01624,2024-04-06,Germany,Taiwan,TW2066554149,P-M10-BN-002,電動車電池模組固定螺母 M10,73181699,48414,823.04,864.19,5144
INV-EU-2024-01647,WO-2024-CS-01647,2024-04-06,France,Taiwan,TW2066148859,P-CS-BS-003,底盤懸吊臂襯套軸套,73269098,16019,4357.28,4677.66,17167
INV-EU-2024-01649,WO-2024-M12-01649,2024-04-06,France,Taiwan,TW2066436851,P-M12-EH-001,高強度引擎汽缸頭螺栓 M12,73181595,31512,2008.94,2166.5,13058
INV-EU-2024-01661,WO-2024-M12-01661,2024-04-06,Italy,Taiwan,TW2066208151,P-M12-EH-001,高強度引擎汽缸頭螺栓 M12,73181595,34898,2224.81,2399.3,16330
INV-EU-2024-01671,WO-2024-CS-01671,2024-04-06,Italy,Taiwan,TW2066144117,P-CS-BS-003,底盤懸吊臂襯套軸套,73269098,20645,5615.45,6028.35,36781
INV-EU-2024-01677,WO-2024-M10-01677,2024-04-06,Spain,Taiwan,TW2066132513,P-M10-BN-002,電動車電池模組固定螺母 M10,73181699,45504,773.57,812.25,3720
INV-EU-2024-01699,WO-2024-CS-01699,2024-04-06,France,Taiwan,TW2066626841,P-CS-BS-003,底盤懸吊臂襯套軸套,73269098,35283,9597.2,10302.86,75050
INV-EU-2024-01721,WO-2024-CS-01721,2024-04-06,Italy,Taiwan,TW2066875605,P-CS-BS-003,底盤懸吊臂襯套軸套,73269098,30991,8429.65,9049.47,49734
INV-EU-2024-01722,WO-2024-CS-01722,2024-04-06,Spain,Taiwan,TW2066275996,P-CS-BS-003,底盤懸吊臂襯套軸套,73269098,37988,10332.85,11092.61,54040
INV-EU-2024-01732,WO-2024-M12-01732,2024-04-06,France,Taiwan,TW2066310827,P-M12-EH-001,高強度引擎汽缸頭螺栓 M12,73181595,42989,2740.61,2955.56,18992
INV-EU-2024-01736,WO-2024-M12-01736,2024-04-06,France,Taiwan,TW2066183350,P-M12-EH-001,高強度引擎汽缸頭螺栓 M12,73181595,13383,853.22,920.13,4197
INV-EU-2024-01741,WO-2024-M10-01741,2024-04-06,Italy,Taiwan,TW2066868876,P-M10-BN-002,電動車電池模組固定螺母 M10,73181699,42571,723.71,759.9,3466
INV-EU-2024-01744,WO-2024-M10-01744,2024-04-06,Netherlands,Taiwan,TW2066502960,P-M10-BN-002,電動車電池模組固定螺母 M10,73181699,29852,507.49,532.86,3126
INV-EU-2024-01749,WO-2024-CS-01749,2024-04-06,France,Taiwan,TW2066750324,P-CS-BS-003,底盤懸吊臂襯套軸套,73269098,22631,6155.76,6608.38,38658
INV-EU-2024-01751,WO-2024-M10-01751,2024-04-06,Italy,Taiwan,TW2066744539,P-M10-BN-002,電動車電池模組固定螺母 M10,73181699,23519,399.84,419.83,1531
INV-EU-2024-01752,WO-2024-M10-01752,2024-04-06,Netherlands,Taiwan,TW2066544675,P-M10-BN-002,電動車電池模組固定螺母 M10,73181699,17632,299.76,314.75,905
INV-EU-2024-01621,WO-2024-M12-01621,2024-04-07,France,Taiwan,TW2066811721,P-M12-EH-001,高強度引擎汽缸頭螺栓 M12,73181595,43006,2741.65,2956.68,9815
INV-EU-2024-01623,WO-2024-M10-01623,2024-04-07,Netherlands,Taiwan,TW2066325514,P-M10-BN-002,電動車電池模組固定螺母 M10,73181699,20031,340.54,357.57,2101
INV-EU-2024-01627,WO-2024-CS-01627,2024-04-07,Italy,Taiwan,TW2066207488,P-CS-BS-003,底盤懸吊臂襯套軸套,73269098,32555,8855.12,9506.22,61100
INV-EU-2024-01628,WO-2024-CS-01628,2024-04-07,Germany,Taiwan,TW2066806874,P-CS-BS-003,底盤懸吊臂襯套軸套,73269098,21573,5868,6299.46,38552
INV-EU-2024-01634,WO-2024-CS-01634,2024-04-07,Netherlands,Taiwan,TW2066780877,P-CS-BS-003,底盤懸吊臂襯套軸套,73269098,18902,5141.54,5519.58,21131
INV-EU-2024-01641,WO-2024-M10-01641,2024-04-07,Netherlands,Taiwan,TW2066880532,P-M10-BN-002,電動車電池模組固定螺母 M10,73181699,20276,344.7,361.94,2581
INV-EU-2024-01665,WO-2024-M10-01665,2024-04-07,Germany,Taiwan,TW2066456540,P-M10-BN-002,電動車電池模組固定螺母 M10,73181699,20182,343.1,360.25,2257
INV-EU-2024-01672,WO-2024-M12-01672,2024-04-07,Spain,Taiwan,TW2066633496,P-M12-EH-001,高強度引擎汽缸頭螺栓 M12,73181595,17660,1125.84,1214.14,6991
INV-EU-2024-01680,WO-2024-M12-01680,2024-04-07,Germany,Taiwan,TW2066513555,P-M12-EH-001,高強度引擎汽缸頭螺栓 M12,73181595,19060,1215.13,1310.43,3876
INV-EU-2024-01684,WO-2024-CS-01684,2024-04-07,France,Taiwan,TW2066889656,P-CS-BS-003,底盤懸吊臂襯套軸套,73269098,31878,8670.87,9308.43,28700
INV-EU-2024-01690,WO-2024-M10-01690,2024-04-07,France,Taiwan,TW2066736572,P-M10-BN-002,電動車電池模組固定螺母 M10,73181699,35009,595.17,624.93,3142
INV-EU-2024-01691,WO-2024-M10-01691,2024-04-07,Italy,Taiwan,TW2066816929,P-M10-BN-002,電動車電池模組固定螺母 M10,73181699,37391,635.66,667.44,3496
INV-EU-2024-01693,WO-2024-CS-01693,2024-04-07,France,Taiwan,TW2066935088,P-CS-BS-003,底盤懸吊臂襯套軸套,73269098,17094,4649.66,4991.54,31199
INV-EU-2024-01717,WO-2024-CS-01717,2024-04-07,Italy,Taiwan,TW2066297517,P-CS-BS-003,底盤懸吊臂襯套軸套,73269098,12843,3493.37,3750.23,22776
INV-EU-2024-01757,WO-2024-CS-01757,2024-04-07,Italy,Taiwan,TW2066160260,P-CS-BS-003,底盤懸吊臂襯套軸套,73269098,33096,9002.31,9664.23,50052
INV-EU-2024-01767,WO-2024-M10-01767,2024-04-07,Italy,Taiwan,TW2066524431,P-M10-BN-002,電動車電池模組固定螺母 M10,73181699,11507,195.62,205.4,688
INV-EU-2024-01768,WO-2024-CS-01768,2024-04-07,Netherlands,Taiwan,TW2066227882,P-CS-BS-003,底盤懸吊臂襯套軸套,73269098,48342,13149.23,14116.07,93359
INV-EU-2024-01654,WO-2024-M10-01654,2024-04-08,Germany,Taiwan,TW2066299274,P-M10-BN-002,電動車電池模組固定螺母 M10,73181699,16770,285.1,299.36,1488
INV-EU-2024-01700,WO-2024-CS-01700,2024-04-08,Netherlands,Taiwan,TW2066800113,P-CS-BS-003,底盤懸吊臂襯套軸套,73269098,39418,10721.91,11510.27,43852
INV-EU-2024-01701,WO-2024-M12-01701,2024-04-08,Germany,Taiwan,TW2066439734,P-M12-EH-001,高強度引擎汽缸頭螺栓 M12,73181595,43269,2758.4,2974.74,20881
INV-EU-2024-01702,WO-2024-M12-01702,2024-04-08,Italy,Taiwan,TW2066926373,P-M12-EH-001,高強度引擎汽缸頭螺栓 M12,73181595,31735,2023.13,2181.81,14829
INV-EU-2024-01707,WO-2024-M10-01707,2024-04-08,France,Taiwan,TW2066945818,P-M10-BN-002,電動車電池模組固定螺母 M10,73181699,37708,641.05,673.1,5109
INV-EU-2024-01710,WO-2024-M10-01710,2024-04-08,Netherlands,Taiwan,TW2066670290,P-M10-BN-002,電動車電池模組固定螺母 M10,73181699,28989,492.82,517.46,2454
INV-EU-2024-01734,WO-2024-M12-01734,2024-04-08,Netherlands,Taiwan,TW2066961854,P-M12-EH-001,高強度引擎汽缸頭螺栓 M12,73181595,12444,793.34,855.56,4561
INV-EU-2024-01742,WO-2024-M12-01742,2024-04-08,Italy,Taiwan,TW2066820861,P-M12-EH-001,高強度引擎汽缸頭螺栓 M12,73181595,13771,877.91,946.76,3704
INV-EU-2024-01746,WO-2024-CS-01746,2024-04-08,France,Taiwan,TW2066781276,P-CS-BS-003,底盤懸吊臂襯套軸套,73269098,26738,7272.8,7807.56,44800
INV-EU-2024-01750,WO-2024-M10-01750,2024-04-08,Spain,Taiwan,TW2066650175,P-M10-BN-002,電動車電池模組固定螺母 M10,73181699,45965,781.42,820.49,5063
INV-EU-2024-01760,WO-2024-CS-01760,2024-04-08,Italy,Taiwan,TW2066146536,P-CS-BS-003,底盤懸吊臂襯套軸套,73269098,14964,4070.39,4369.67,14653
INV-EU-2024-01774,WO-2024-M12-01774,2024-04-08,France,Taiwan,TW2066577772,P-M12-EH-001,高強度引擎汽缸頭螺栓 M12,73181595,39084,2491.65,2687.07,11586
INV-EU-2024-01667,WO-2024-CS-01667,2024-04-09,Germany,Taiwan,TW2066307055,P-CS-BS-003,底盤懸吊臂襯套軸套,73269098,49362,13426.67,14413.91,55183
INV-EU-2024-01674,WO-2024-M10-01674,2024-04-09,Spain,Taiwan,TW2066202684,P-M10-BN-002,電動車電池模組固定螺母 M10,73181699,13086,222.47,233.59,918
INV-EU-2024-01683,WO-2024-M12-01683,2024-04-09,Italy,Taiwan,TW2066629105,P-M12-EH-001,高強度引擎汽缸頭螺栓 M12,73181595,37784,2408.79,2597.71,12790
INV-EU-2024-01685,WO-2024-M12-01685,2024-04-09,Germany,Taiwan,TW2066209300,P-M12-EH-001,高強度引擎汽缸頭螺栓 M12,73181595,36783,2344.94,2528.86,17141
INV-EU-2024-01688,WO-2024-M10-01688,2024-04-09,Spain,Taiwan,TW2066712341,P-M10-BN-002,電動車電池模組固定螺母 M10,73181699,12380,210.47,220.99,1166
INV-EU-2024-01689,WO-2024-M12-01689,2024-04-09,Italy,Taiwan,TW2066956307,P-M12-EH-001,高強度引擎汽缸頭螺栓 M12,73181595,11110,708.3,763.85,5028
INV-EU-2024-01703,WO-2024-M10-01703,2024-04-09,Spain,Taiwan,TW2066996430,P-M10-BN-002,電動車電池模組固定螺母 M10,73181699,18729,318.4,334.32,2241
INV-EU-2024-01735,WO-2024-CS-01735,2024-04-09,Netherlands,Taiwan,TW2066913106,P-CS-BS-003,底盤懸吊臂襯套軸套,73269098,36835,10019.17,10755.87,38173
INV-EU-2024-01738,WO-2024-M10-01738,2024-04-09,Spain,Taiwan,TW2066286387,P-M10-BN-002,電動車電池模組固定螺母 M10,73181699,33657,572.18,600.79,4102
INV-EU-2024-01743,WO-2024-CS-01743,2024-04-09,France,Taiwan,TW2066189118,P-CS-BS-003,底盤懸吊臂襯套軸套,73269098,21789,5926.66,6362.44,26966
INV-EU-2024-01753,WO-2024-CS-01753,2024-04-09,Italy,Taiwan,TW2066921113,P-CS-BS-003,底盤懸吊臂襯套軸套,73269098,20004,5441.22,5841.3,25845
INV-EU-2024-01756,WO-2024-M10-01756,2024-04-09,Netherlands,Taiwan,TW2066761877,P-M10-BN-002,電動車電池模組固定螺母 M10,73181699,29418,500.11,525.12,3965
INV-EU-2024-01761,WO-2024-M10-01761,2024-04-09,Germany,Taiwan,TW2066517683,P-M10-BN-002,電動車電池模組固定螺母 M10,73181699,40001,680.02,714.02,3672
INV-EU-2024-01764,WO-2024-CS-01764,2024-04-09,Italy,Taiwan,TW2066680083,P-CS-BS-003,底盤懸吊臂襯套軸套,73269098,21943,5968.57,6407.43,47330
INV-EU-2024-01777,WO-2024-CS-01777,2024-04-09,Italy,Taiwan,TW2066633715,P-CS-BS-003,底盤懸吊臂襯套軸套,73269098,11593,3153.5,3385.36,17596
INV-EU-2024-01796,WO-2024-CS-01796,2024-04-09,Italy,Taiwan,TW2066653870,P-CS-BS-003,底盤懸吊臂襯套軸套,73269098,32411,8815.97,9464.19,60742
INV-EU-2024-01686,WO-2024-CS-01686,2024-04-10,Netherlands,Taiwan,TW2066707189,P-CS-BS-003,底盤懸吊臂襯套軸套,73269098,26217,7131.28,7655.62,37581
INV-EU-2024-01692,WO-2024-M12-01692,2024-04-10,Italy,Taiwan,TW2066842723,P-M12-EH-001,高強度引擎汽缸頭螺栓 M12,73181595,32282,2058.04,2219.45,7326
INV-EU-2024-01696,WO-2024-CS-01696,2024-04-10,France,Taiwan,TW2066894632,P-CS-BS-003,底盤懸吊臂襯套軸套,73269098,42558,11575.87,12427.03,35885
INV-EU-2024-01713,WO-2024-M10-01713,2024-04-10,Spain,Taiwan,TW2066802511,P-M10-BN-002,電動車電池模組固定螺母 M10,73181699,31359,533.12,559.78,1876
INV-EU-2024-01714,WO-2024-CS-01714,2024-04-10,Netherlands,Taiwan,TW2066945958,P-CS-BS-003,底盤懸吊臂襯套軸套,73269098,42933,11677.94,12536.6,84081
INV-EU-2024-01720,WO-2024-M12-01720,2024-04-10,France,Taiwan,TW2066681155,P-M12-EH-001,高強度引擎汽缸頭螺栓 M12,73181595,20997,1338.56,1443.54,5006
INV-EU-2024-01725,WO-2024-M10-01725,2024-04-10,Italy,Taiwan,TW2066298523,P-M10-BN-002,電動車電池模組固定螺母 M10,73181699,40562,689.57,724.05,2841
INV-EU-2024-01740,WO-2024-CS-01740,2024-04-10,Spain,Taiwan,TW2066482165,P-CS-BS-003,底盤懸吊臂襯套軸套,73269098,23436,6374.84,6843.56,24096
INV-EU-2024-01783,WO-2024-M12-01783,2024-04-10,Spain,Taiwan,TW2066128414,P-M12-EH-001,高強度引擎汽缸頭螺栓 M12,73181595,49205,3136.87,3382.89,25063
INV-EU-2024-01814,WO-2024-CS-01814,2024-04-10,France,Taiwan,TW2066767082,P-CS-BS-003,底盤懸吊臂襯套軸套,73269098,16020,4357.56,4677.96,18998
INV-EU-2024-01704,WO-2024-CS-01704,2024-04-11,Netherlands,Taiwan,TW2066536881,P-CS-BS-003,底盤懸吊臂襯套軸套,73269098,13782,3748.96,4024.6,14620
INV-EU-2024-01705,WO-2024-M12-01705,2024-04-11,Spain,Taiwan,TW2066394188,P-M12-EH-001,高強度引擎汽缸頭螺栓 M12,73181595,28720,1830.92,1974.52,14574
INV-EU-2024-01723,WO-2024-CS-01723,2024-04-11,Germany,Taiwan,TW2066927810,P-CS-BS-003,底盤懸吊臂襯套軸套,73269098,29972,8152.5,8751.94,50871
INV-EU-2024-01724,WO-2024-CS-01724,2024-04-11,Italy,Taiwan,TW2066894075,P-CS-BS-003,底盤懸吊臂襯套軸套,73269098,22680,6169,6622.6,31523
INV-EU-2024-01726,WO-2024-M10-01726,2024-04-11,Spain,Taiwan,TW2066801916,P-M10-BN-002,電動車電池模組固定螺母 M10,73181699,12919,219.64,230.62,1247
INV-EU-2024-01730,WO-2024-CS-01730,2024-04-11,Netherlands,Taiwan,TW2066478679,P-CS-BS-003,底盤懸吊臂襯套軸套,73269098,28950,7874.5,8453.5,36616
INV-EU-2024-01731,WO-2024-CS-01731,2024-04-11,Netherlands,Taiwan,TW2066769415,P-CS-BS-003,底盤懸吊臂襯套軸套,73269098,35685,9706.35,10420.05,77068
INV-EU-2024-01737,WO-2024-M10-01737,2024-04-11,Italy,Taiwan,TW2066121586,P-M10-BN-002,電動車電池模組固定螺母 M10,73181699,23892,406.17,426.48,1994
INV-EU-2024-01748,WO-2024-M12-01748,2024-04-11,Spain,Taiwan,TW2066944172,P-M12-EH-001,高強度引擎汽缸頭螺栓 M12,73181595,40719,2595.89,2799.48,16431
INV-EU-2024-01763,WO-2024-CS-01763,2024-04-11,Germany,Taiwan,TW2066960430,P-CS-BS-003,底盤懸吊臂襯套軸套,73269098,37223,10124.84,10869.3,61356
INV-EU-2024-01776,WO-2024-M10-01776,2024-04-11,Italy,Taiwan,TW2066245220,P-M10-BN-002,電動車電池模組固定螺母 M10,73181699,43428,738.29,775.2,5706
INV-EU-2024-01782,WO-2024-CS-01782,2024-04-11,Germany,Taiwan,TW2066297717,P-CS-BS-003,底盤懸吊臂襯套軸套,73269098,14952,4067.17,4366.21,16838
INV-EU-2024-01791,WO-2024-M10-01791,2024-04-11,Netherlands,Taiwan,TW2066955323,P-M10-BN-002,電動車電池模組固定螺母 M10,73181699,39828,677.09,710.94,3791
INV-EU-2024-01795,WO-2024-M10-01795,2024-04-11,Germany,Taiwan,TW2066988822,P-M10-BN-002,電動車電池模組固定螺母 M10,73181699,37731,641.43,673.5,3784
INV-EU-2024-01797,WO-2024-M12-01797,2024-04-11,Spain,Taiwan,TW2066497536,P-M12-EH-001,高強度引擎汽缸頭螺栓 M12,73181595,38412,2448.79,2640.85,10309
INV-EU-2024-01798,WO-2024-M12-01798,2024-04-11,Netherlands,Taiwan,TW2066954067,P-M12-EH-001,高強度引擎汽缸頭螺栓 M12,73181595,16504,1052.15,1134.67,7649
INV-EU-2024-01805,WO-2024-M12-01805,2024-04-11,France,Taiwan,TW2066708706,P-M12-EH-001,高強度引擎汽缸頭螺栓 M12,73181595,24390,1554.91,1676.86,8023
INV-EU-2024-01811,WO-2024-M12-01811,2024-04-11,Germany,Taiwan,TW2066744591,P-M12-EH-001,高強度引擎汽缸頭螺栓 M12,73181595,44960,2866.24,3091.04,12926
INV-EU-2024-01812,WO-2024-CS-01812,2024-04-11,Italy,Taiwan,TW2066462790,P-CS-BS-003,底盤懸吊臂襯套軸套,73269098,12182,3313.74,3557.38,14944
INV-EU-2024-01819,WO-2024-M12-01819,2024-04-11,Netherlands,Taiwan,TW2066668796,P-M12-EH-001,高強度引擎汽缸頭螺栓 M12,73181595,31916,2034.68,2194.26,15992
INV-EU-2024-01821,WO-2024-CS-01821,2024-04-11,Spain,Taiwan,TW2066150866,P-CS-BS-003,底盤懸吊臂襯套軸套,73269098,13352,3631.95,3898.99,26476
INV-EU-2024-01822,WO-2024-M12-01822,2024-04-11,Netherlands,Taiwan,TW2066942098,P-M12-EH-001,高強度引擎汽缸頭螺栓 M12,73181595,40463,2579.53,2781.85,18211
INV-EU-2024-01728,WO-2024-CS-01728,2024-04-12,Germany,Taiwan,TW2066577658,P-CS-BS-003,底盤懸吊臂襯套軸套,73269098,22054,5998.74,6439.82,18896
INV-EU-2024-01729,WO-2024-M12-01729,2024-04-12,France,Taiwan,TW2066925038,P-M12-EH-001,高強度引擎汽缸頭螺栓 M12,73181595,36076,2299.9,2480.28,12304
INV-EU-2024-01747,WO-2024-M12-01747,2024-04-12,Germany,Taiwan,TW2066750573,P-M12-EH-001,高強度引擎汽缸頭螺栓 M12,73181595,22021,1403.84,1513.94,10233
INV-EU-2024-01754,WO-2024-CS-01754,2024-04-12,Netherlands,Taiwan,TW2066478502,P-CS-BS-003,底盤懸吊臂襯套軸套,73269098,28650,7792.86,8365.86,32262
INV-EU-2024-01765,WO-2024-CS-01765,2024-04-12,France,Taiwan,TW2066199418,P-CS-BS-003,底盤懸吊臂襯套軸套,73269098,17517,4764.69,5115.03,15294
INV-EU-2024-01780,WO-2024-M12-01780,2024-04-12,Italy,Taiwan,TW2066952163,P-M12-EH-001,高強度引擎汽缸頭螺栓 M12,73181595,42031,2679.51,2889.67,20819
INV-EU-2024-01800,WO-2024-CS-01800,2024-04-12,Spain,Taiwan,TW2066848195,P-CS-BS-003,底盤懸吊臂襯套軸套,73269098,37870,10300.68,11058.08,48104
INV-EU-2024-01813,WO-2024-CS-01813,2024-04-12,Italy,Taiwan,TW2066250662,P-CS-BS-003,底盤懸吊臂襯套軸套,73269098,23400,6364.81,6832.81,31760
INV-EU-2024-01823,WO-2024-CS-01823,2024-04-12,Netherlands,Taiwan,TW2066580031,P-CS-BS-003,底盤懸吊臂襯套軸套,73269098,34244,9314.37,9999.25,53837
INV-EU-2024-01836,WO-2024-M10-01836,2024-04-12,Germany,Taiwan,TW2066967554,P-M10-BN-002,電動車電池模組固定螺母 M10,73181699,40991,696.86,731.7,3909
INV-EU-2024-01840,WO-2024-M12-01840,2024-04-12,Spain,Taiwan,TW2066539432,P-M12-EH-001,高強度引擎汽缸頭螺栓 M12,73181595,26398,1682.88,1814.87,12975
INV-EU-2024-01849,WO-2024-M12-01849,2024-04-12,Germany,Taiwan,TW2066375683,P-M12-EH-001,高強度引擎汽缸頭螺栓 M12,73181595,10529,671.23,723.88,3779
INV-EU-2024-01733,WO-2024-M12-01733,2024-04-13,Netherlands,Taiwan,TW2066551580,P-M12-EH-001,高強度引擎汽缸頭螺栓 M12,73181595,42786,2727.65,2941.58,16229
INV-EU-2024-01739,WO-2024-M10-01739,2024-04-13,Germany,Taiwan,TW2066679483,P-M10-BN-002,電動車電池模組固定螺母 M10,73181699,23192,394.27,413.98,2424
INV-EU-2024-01745,WO-2024-CS-01745,2024-04-13,Germany,Taiwan,TW2066392070,P-CS-BS-003,底盤懸吊臂襯套軸套,73269098,17392,4730.64,5078.48,36993
INV-EU-2024-01755,WO-2024-M12-01755,2024-04-13,Spain,Taiwan,TW2066608898,P-M12-EH-001,高強度引擎汽缸頭螺栓 M12,73181595,38807,2473.96,2667.99,19346
INV-EU-2024-01766,WO-2024-M12-01766,2024-04-13,Spain,Taiwan,TW2066310257,P-M12-EH-001,高強度引擎汽缸頭螺栓 M12,73181595,27612,1760.27,1898.33,8942
INV-EU-2024-01770,WO-2024-CS-01770,2024-04-13,Spain,Taiwan,TW2066790885,P-CS-BS-003,底盤懸吊臂襯套軸套,73269098,42286,11501.81,12347.53,58084
INV-EU-2024-01772,WO-2024-CS-01772,2024-04-13,Italy,Taiwan,TW2066699276,P-CS-BS-003,底盤懸吊臂襯套軸套,73269098,45649,12416.8,13329.78,58110
INV-EU-2024-01775,WO-2024-CS-01775,2024-04-13,Italy,Taiwan,TW2066659342,P-CS-BS-003,底盤懸吊臂襯套軸套,73269098,18873,5133.49,5510.95,38655
INV-EU-2024-01779,WO-2024-CS-01779,2024-04-13,France,Taiwan,TW2066513078,P-CS-BS-003,底盤懸吊臂襯套軸套,73269098,18292,4975.45,5341.29,26021
INV-EU-2024-01794,WO-2024-M10-01794,2024-04-13,Germany,Taiwan,TW2066907746,P-M10-BN-002,電動車電池模組固定螺母 M10,73181699,43138,733.36,770.03,5280
INV-EU-2024-01829,WO-2024-M12-01829,2024-04-13,Germany,Taiwan,TW2066731481,P-M12-EH-001,高強度引擎汽缸頭螺栓 M12,73181595,38399,2447.95,2639.94,18726
INV-EU-2024-01843,WO-2024-M12-01843,2024-04-13,Italy,Taiwan,TW2066571505,P-M12-EH-001,高強度引擎汽缸頭螺栓 M12,73181595,11023,702.73,757.85,2628
INV-EU-2024-01859,WO-2024-M12-01859,2024-04-13,Spain,Taiwan,TW2066796867,P-M12-EH-001,高強度引擎汽缸頭螺栓 M12,73181595,13793,879.33,948.3,4774
INV-EU-2024-01864,WO-2024-CS-01864,2024-04-13,France,Taiwan,TW2066901616,P-CS-BS-003,底盤懸吊臂襯套軸套,73269098,33666,9157.17,9830.49,67579
INV-EU-2024-01865,WO-2024-CS-01865,2024-04-13,Netherlands,Taiwan,TW2066645257,P-CS-BS-003,底盤懸吊臂襯套軸套,73269098,15974,4345.17,4664.65,26462
INV-EU-2024-01758,WO-2024-M12-01758,2024-04-14,Netherlands,Taiwan,TW2066792328,P-M12-EH-001,高強度引擎汽缸頭螺栓 M12,73181595,23218,1480.18,1596.27,5994
INV-EU-2024-01759,WO-2024-CS-01759,2024-04-14,Germany,Taiwan,TW2066573079,P-CS-BS-003,底盤懸吊臂襯套軸套,73269098,28664,7796.64,8369.92,33057
INV-EU-2024-01762,WO-2024-M10-01762,2024-04-14,Spain,Taiwan,TW2066520828,P-M10-BN-002,電動車電池模組固定螺母 M10,73181699,46717,794.19,833.9,6083
INV-EU-2024-01773,WO-2024-M12-01773,2024-04-14,France,Taiwan,TW2066145273,P-M12-EH-001,高強度引擎汽缸頭螺栓 M12,73181595,43280,2759.16,2975.56,17934
INV-EU-2024-01778,WO-2024-M12-01778,2024-04-14,Italy,Taiwan,TW2066558175,P-M12-EH-001,高強度引擎汽缸頭螺栓 M12,73181595,20123,1282.85,1383.46,7992
INV-EU-2024-01781,WO-2024-CS-01781,2024-04-14,France,Taiwan,TW2066951062,P-CS-BS-003,底盤懸吊臂襯套軸套,73269098,22638,6157.65,6610.41,23645
INV-EU-2024-01784,WO-2024-CS-01784,2024-04-14,Italy,Taiwan,TW2066376585,P-CS-BS-003,底盤懸吊臂襯套軸套,73269098,36743,9994.11,10728.97,52668
INV-EU-2024-01787,WO-2024-M12-01787,2024-04-14,Italy,Taiwan,TW2066996823,P-M12-EH-001,高強度引擎汽缸頭螺栓 M12,73181595,24378,1554.15,1676.04,7242
INV-EU-2024-01799,WO-2024-CS-01799,2024-04-14,Spain,Taiwan,TW2066256420,P-CS-BS-003,底盤懸吊臂襯套軸套,73269098,46789,12726.68,13662.46,51161
INV-EU-2024-01802,WO-2024-M12-01802,2024-04-14,Germany,Taiwan,TW2066805870,P-M12-EH-001,高強度引擎汽缸頭螺栓 M12,73181595,47293,3014.93,3251.39,11969
INV-EU-2024-01808,WO-2024-M12-01808,2024-04-14,Germany,Taiwan,TW2066102186,P-M12-EH-001,高強度引擎汽缸頭螺栓 M12,73181595,26372,1681.27,1813.13,13282
INV-EU-2024-01824,WO-2024-M10-01824,2024-04-14,France,Taiwan,TW2066304231,P-M10-BN-002,電動車電池模組固定螺母 M10,73181699,41804,710.67,746.2,3432
INV-EU-2024-01827,WO-2024-M10-01827,2024-04-14,France,Taiwan,TW2066440347,P-M10-BN-002,電動車電池模組固定螺母 M10,73181699,28900,491.31,515.88,2431
INV-EU-2024-01830,WO-2024-M10-01830,2024-04-14,Netherlands,Taiwan,TW2066842180,P-M10-BN-002,電動車電池模組固定螺母 M10,73181699,32094,545.61,572.89,4108
INV-EU-2024-01841,WO-2024-CS-01841,2024-04-14,Germany,Taiwan,TW2066618478,P-CS-BS-003,底盤懸吊臂襯套軸套,73269098,34296,9328.75,10014.67,33396
INV-EU-2024-01848,WO-2024-M12-01848,2024-04-14,Italy,Taiwan,TW2066340303,P-M12-EH-001,高強度引擎汽缸頭螺栓 M12,73181595,25914,1652.05,1781.62,5187
INV-EU-2024-01854,WO-2024-CS-01854,2024-04-14,Italy,Taiwan,TW2066176890,P-CS-BS-003,底盤懸吊臂襯套軸套,73269098,21230,5774.83,6199.43,20558
INV-EU-2024-01862,WO-2024-M10-01862,2024-04-14,Italy,Taiwan,TW2066678296,P-M10-BN-002,電動車電池模組固定螺母 M10,73181699,44702,759.95,797.95,4194
INV-EU-2024-01866,WO-2024-CS-01866,2024-04-14,Spain,Taiwan,TW2066849129,P-CS-BS-003,底盤懸吊臂襯套軸套,73269098,26742,7273.93,7808.77,51572
INV-EU-2024-01769,WO-2024-CS-01769,2024-04-15,Germany,Taiwan,TW2066301221,P-CS-BS-003,底盤懸吊臂襯套軸套,73269098,41409,11263.25,12091.43,86389
INV-EU-2024-01771,WO-2024-M12-01771,2024-04-15,Germany,Taiwan,TW2066951647,P-M12-EH-001,高強度引擎汽缸頭螺栓 M12,73181595,47410,3022.39,3259.44,12875
INV-EU-2024-01785,WO-2024-CS-01785,2024-04-15,Netherlands,Taiwan,TW2066739891,P-CS-BS-003,底盤懸吊臂襯套軸套,73269098,12003,3264.84,3504.9,25465
INV-EU-2024-01786,WO-2024-M10-01786,2024-04-15,Italy,Taiwan,TW2066732976,P-M10-BN-002,電動車電池模組固定螺母 M10,73181699,37820,642.95,675.1,2584
INV-EU-2024-01790,WO-2024-CS-01790,2024-04-15,Germany,Taiwan,TW2066200111,P-CS-BS-003,底盤懸吊臂襯套軸套,73269098,32600,8867.24,9519.24,53026
INV-EU-2024-01792,WO-2024-M12-01792,2024-04-15,Italy,Taiwan,TW2066524914,P-M12-EH-001,高強度引擎汽缸頭螺栓 M12,73181595,37612,2397.82,2585.88,18607
INV-EU-2024-01793,WO-2024-M10-01793,2024-04-15,France,Taiwan,TW2066623742,P-M10-BN-002,電動車電池模組固定螺母 M10,73181699,35794,608.51,638.94,2464
INV-EU-2024-01803,WO-2024-M12-01803,2024-04-15,Germany,Taiwan,TW2066933605,P-M12-EH-001,高強度引擎汽缸頭螺栓 M12,73181595,11258,717.76,774.05,3588
INV-EU-2024-01825,WO-2024-M10-01825,2024-04-15,Germany,Taiwan,TW2066531591,P-M10-BN-002,電動車電池模組固定螺母 M10,73181699,36934,627.89,659.28,3798
INV-EU-2024-01828,WO-2024-CS-01828,2024-04-15,Italy,Taiwan,TW2066949211,P-CS-BS-003,底盤懸吊臂襯套軸套,73269098,17899,4868.73,5226.71,18355
INV-EU-2024-01839,WO-2024-M12-01839,2024-04-15,France,Taiwan,TW2066440878,P-M12-EH-001,高強度引擎汽缸頭螺栓 M12,73181595,49040,3126.35,3371.55,12005
INV-EU-2024-01845,WO-2024-M12-01845,2024-04-15,France,Taiwan,TW2066654712,P-M12-EH-001,高強度引擎汽缸頭螺栓 M12,73181595,43616,2780.53,2998.61,9064
INV-EU-2024-01861,WO-2024-M12-01861,2024-04-15,Italy,Taiwan,TW2066522063,P-M12-EH-001,高強度引擎汽缸頭螺栓 M12,73181595,20339,1296.67,1398.37,7468
INV-EU-2024-01873,WO-2024-M12-01873,2024-04-15,France,Taiwan,TW2066483804,P-M12-EH-001,高強度引擎汽缸頭螺栓 M12,73181595,22598,1440.63,1553.62,6842
INV-EU-2024-01874,WO-2024-M10-01874,2024-04-15,Spain,Taiwan,TW2066348759,P-M10-BN-002,電動車電池模組固定螺母 M10,73181699,22195,377.33,396.2,2807
INV-EU-2024-01877,WO-2024-CS-01877,2024-04-15,Spain,Taiwan,TW2066838988,P-CS-BS-003,底盤懸吊臂襯套軸套,73269098,41369,11252.47,12079.85,33982
INV-EU-2024-01882,WO-2024-M12-01882,2024-04-15,Italy,Taiwan,TW2066132275,P-M12-EH-001,高強度引擎汽缸頭螺栓 M12,73181595,16145,1029.26,1109.98,3571
INV-EU-2024-01893,WO-2024-M12-01893,2024-04-15,France,Taiwan,TW2066603745,P-M12-EH-001,高強度引擎汽缸頭螺栓 M12,73181595,36505,2327.25,2509.78,8750
INV-EU-2024-01897,WO-2024-M12-01897,2024-04-15,Netherlands,Taiwan,TW2066748821,P-M12-EH-001,高強度引擎汽缸頭螺栓 M12,73181595,10790,687.87,741.82,5427
INV-EU-2024-01902,WO-2024-CS-01902,2024-04-15,France,Taiwan,TW2066515413,P-CS-BS-003,底盤懸吊臂襯套軸套,73269098,37809,10284.22,11040.4,57488
INV-EU-2024-01788,WO-2024-M10-01788,2024-04-16,Spain,Taiwan,TW2066522108,P-M10-BN-002,電動車電池模組固定螺母 M10,73181699,41965,713.41,749.08,4729
INV-EU-2024-01789,WO-2024-CS-01789,2024-04-16,France,Taiwan,TW2066587966,P-CS-BS-003,底盤懸吊臂襯套軸套,73269098,32777,8915.38,9570.92,32273
INV-EU-2024-01806,WO-2024-M12-01806,2024-04-16,Germany,Taiwan,TW2066222348,P-M12-EH-001,高強度引擎汽缸頭螺栓 M12,73181595,12938,824.85,889.54,3233
INV-EU-2024-01807,WO-2024-M10-01807,2024-04-16,France,Taiwan,TW2066182616,P-M10-BN-002,電動車電池模組固定螺母 M10,73181699,21973,373.55,392.23,1535
INV-EU-2024-01810,WO-2024-CS-01810,2024-04-16,Germany,Taiwan,TW2066932245,P-CS-BS-003,底盤懸吊臂襯套軸套,73269098,23866,6491.56,6968.88,30510
INV-EU-2024-01831,WO-2024-CS-01831,2024-04-16,Italy,Taiwan,TW2066433291,P-CS-BS-003,底盤懸吊臂襯套軸套,73269098,20121,5473.09,5875.51,31470
INV-EU-2024-01833,WO-2024-CS-01833,2024-04-16,Netherlands,Taiwan,TW2066811390,P-CS-BS-003,底盤懸吊臂襯套軸套,73269098,31524,8574.67,9205.15,35499
INV-EU-2024-01838,WO-2024-M10-01838,2024-04-16,France,Taiwan,TW2066526595,P-M10-BN-002,電動車電池模組固定螺母 M10,73181699,26947,458.11,481.02,1869
INV-EU-2024-01846,WO-2024-M10-01846,2024-04-16,Germany,Taiwan,TW2066868717,P-M10-BN-002,電動車電池模組固定螺母 M10,73181699,42705,725.99,762.29,4617
INV-EU-2024-01856,WO-2024-CS-01856,2024-04-16,Spain,Taiwan,TW2066126558,P-CS-BS-003,底盤懸吊臂襯套軸套,73269098,49366,13427.79,14415.11,84595
INV-EU-2024-01860,WO-2024-CS-01860,2024-04-16,Germany,Taiwan,TW2066512174,P-CS-BS-003,底盤懸吊臂襯套軸套,73269098,41052,11166.3,11987.34,69677
INV-EU-2024-01880,WO-2024-M10-01880,2024-04-16,France,Taiwan,TW2066634328,P-M10-BN-002,電動車電池模組固定螺母 M10,73181699,14995,254.93,267.68,1835
INV-EU-2024-01883,WO-2024-M12-01883,2024-04-16,France,Taiwan,TW2066866955,P-M12-EH-001,高強度引擎汽缸頭螺栓 M12,73181595,15413,982.63,1059.69,6691
INV-EU-2024-01888,WO-2024-M10-01888,2024-04-16,Spain,Taiwan,TW2066316806,P-M10-BN-002,電動車電池模組固定螺母 M10,73181699,16152,274.6,288.33,1021
INV-EU-2024-01899,WO-2024-CS-01899,2024-04-16,Spain,Taiwan,TW2066563251,P-CS-BS-003,底盤懸吊臂襯套軸套,73269098,35900,9765,10483,62886
INV-EU-2024-01904,WO-2024-M12-01904,2024-04-16,Germany,Taiwan,TW2066685486,P-M12-EH-001,高強度引擎汽缸頭螺栓 M12,73181595,21117,1346.23,1451.82,5600
INV-EU-2024-01918,WO-2024-CS-01918,2024-04-16,Germany,Taiwan,TW2066548075,P-CS-BS-003,底盤懸吊臂襯套軸套,73269098,27140,7382.24,7925.04,44588
INV-EU-2024-01801,WO-2024-M10-01801,2024-04-17,Germany,Taiwan,TW2066600269,P-M10-BN-002,電動車電池模組固定螺母 M10,73181699,35026,595.45,625.22,4317
INV-EU-2024-01804,WO-2024-M12-01804,2024-04-17,Germany,Taiwan,TW2066427519,P-M12-EH-001,高強度引擎汽缸頭螺栓 M12,73181595,44740,2852.23,3075.93,22561
INV-EU-2024-01809,WO-2024-CS-01809,2024-04-17,Spain,Taiwan,TW2066592429,P-CS-BS-003,底盤懸吊臂襯套軸套,73269098,38013,10339.66,11099.92,62348
INV-EU-2024-01816,WO-2024-CS-01816,2024-04-17,Italy,Taiwan,TW2066680640,P-CS-BS-003,底盤懸吊臂襯套軸套,73269098,15624,4249.82,4562.3,14576
INV-EU-2024-01818,WO-2024-M10-01818,2024-04-17,Germany,Taiwan,TW2066646443,P-M10-BN-002,電動車電池模組固定螺母 M10,73181699,39694,674.81,708.55,3380
INV-EU-2024-01826,WO-2024-CS-01826,2024-04-17,Italy,Taiwan,TW2066222431,P-CS-BS-003,底盤懸吊臂襯套軸套,73269098,20430,5557.09,5965.69,31286
INV-EU-2024-01832,WO-2024-M12-01832,2024-04-17,Spain,Taiwan,TW2066973434,P-M12-EH-001,高強度引擎汽缸頭螺栓 M12,73181595,33625,2143.65,2311.78,9067
INV-EU-2024-01847,WO-2024-M10-01847,2024-04-17,Italy,Taiwan,TW2066908887,P-M10-BN-002,電動車電池模組固定螺母 M10,73181699,24394,414.7,435.44,2687
INV-EU-2024-01867,WO-2024-M10-01867,2024-04-17,France,Taiwan,TW2066489386,P-M10-BN-002,電動車電池模組固定螺母 M10,73181699,44919,763.63,801.81,5108
INV-EU-2024-01884,WO-2024-CS-01884,2024-04-17,Germany,Taiwan,TW2066255921,P-CS-BS-003,底盤懸吊臂襯套軸套,73269098,47078,12805.28,13746.84,83874
INV-EU-2024-01895,WO-2024-M10-01895,2024-04-17,Netherlands,Taiwan,TW2066399736,P-M10-BN-002,電動車電池模組固定螺母 M10,73181699,29841,507.3,532.66,1552
INV-EU-2024-01905,WO-2024-M12-01905,2024-04-17,Netherlands,Taiwan,TW2066401638,P-M12-EH-001,高強度引擎汽缸頭螺栓 M12,73181595,14253,908.65,979.91,6433
INV-EU-2024-01926,WO-2024-M10-01926,2024-04-17,Spain,Taiwan,TW2066964979,P-M10-BN-002,電動車電池模組固定螺母 M10,73181699,29379,499.45,524.42,2232
INV-EU-2024-01932,WO-2024-CS-01932,2024-04-17,Netherlands,Taiwan,TW2066828718,P-CS-BS-003,底盤懸吊臂襯套軸套,73269098,47735,12984.16,13938.86,62194
INV-EU-2024-01934,WO-2024-M12-01934,2024-04-17,France,Taiwan,TW2066584216,P-M12-EH-001,高強度引擎汽缸頭螺栓 M12,73181595,45506,2901.05,3128.58,18682
INV-EU-2024-01815,WO-2024-M12-01815,2024-04-18,Netherlands,Taiwan,TW2066850679,P-M12-EH-001,高強度引擎汽缸頭螺栓 M12,73181595,19038,1213.7,1308.89,7282
INV-EU-2024-01817,WO-2024-M12-01817,2024-04-18,Italy,Taiwan,TW2066187747,P-M12-EH-001,高強度引擎汽缸頭螺栓 M12,73181595,42682,2721.04,2934.45,20815
INV-EU-2024-01820,WO-2024-M12-01820,2024-04-18,France,Taiwan,TW2066769593,P-M12-EH-001,高強度引擎汽缸頭螺栓 M12,73181595,37499,2390.62,2578.11,7697
INV-EU-2024-01835,WO-2024-M12-01835,2024-04-18,Netherlands,Taiwan,TW2066541786,P-M12-EH-001,高強度引擎汽缸頭螺栓 M12,73181595,36709,2340.21,2523.76,13690
INV-EU-2024-01837,WO-2024-CS-01837,2024-04-18,France,Taiwan,TW2066443366,P-CS-BS-003,底盤懸吊臂襯套軸套,73269098,19430,5285.03,5673.63,17810
INV-EU-2024-01842,WO-2024-M10-01842,2024-04-18,France,Taiwan,TW2066583139,P-M10-BN-002,電動車電池模組固定螺母 M10,73181699,25127,427.17,448.53,3032
INV-EU-2024-01844,WO-2024-CS-01844,2024-04-18,Italy,Taiwan,TW2066957539,P-CS-BS-003,底盤懸吊臂襯套軸套,73269098,17267,4696.67,5042.01,21745
INV-EU-2024-01851,WO-2024-CS-01851,2024-04-18,France,Taiwan,TW2066258348,P-CS-BS-003,底盤懸吊臂襯套軸套,73269098,19422,5282.87,5671.31,28369
INV-EU-2024-01855,WO-2024-M10-01855,2024-04-18,Italy,Taiwan,TW2066709985,P-M10-BN-002,電動車電池模組固定螺母 M10,73181699,31504,535.58,562.36,2940
INV-EU-2024-01869,WO-2024-M10-01869,2024-04-18,Germany,Taiwan,TW2066210562,P-M10-BN-002,電動車電池模組固定螺母 M10,73181699,27626,469.65,493.13,3033
INV-EU-2024-01871,WO-2024-M12-01871,2024-04-18,Spain,Taiwan,TW2066702698,P-M12-EH-001,高強度引擎汽缸頭螺栓 M12,73181595,45558,2904.35,3132.14,18297
INV-EU-2024-01872,WO-2024-M10-01872,2024-04-18,Italy,Taiwan,TW2066111392,P-M10-BN-002,電動車電池模組固定螺母 M10,73181699,13248,225.23,236.49,1193
INV-EU-2024-01887,WO-2024-M12-01887,2024-04-18,France,Taiwan,TW2066980563,P-M12-EH-001,高強度引擎汽缸頭螺栓 M12,73181595,27183,1732.93,1868.85,10449
INV-EU-2024-01894,WO-2024-M12-01894,2024-04-18,Spain,Taiwan,TW2066129767,P-M12-EH-001,高強度引擎汽缸頭螺栓 M12,73181595,41835,2667.02,2876.2,20989
INV-EU-2024-01900,WO-2024-M10-01900,2024-04-18,Italy,Taiwan,TW2066169080,P-M10-BN-002,電動車電池模組固定螺母 M10,73181699,19597,333.15,349.81,2495
INV-EU-2024-01907,WO-2024-M12-01907,2024-04-18,Netherlands,Taiwan,TW2066204196,P-M12-EH-001,高強度引擎汽缸頭螺栓 M12,73181595,18370,1171.14,1262.99,5305
INV-EU-2024-01909,WO-2024-M12-01909,2024-04-18,Italy,Taiwan,TW2066548202,P-M12-EH-001,高強度引擎汽缸頭螺栓 M12,73181595,20035,1277.28,1377.45,6015
INV-EU-2024-01936,WO-2024-M10-01936,2024-04-18,Germany,Taiwan,TW2066241409,P-M10-BN-002,電動車電池模組固定螺母 M10,73181699,45804,778.68,817.61,4625
INV-EU-2024-01952,WO-2024-M12-01952,2024-04-18,Italy,Taiwan,TW2066843386,P-M12-EH-001,高強度引擎汽缸頭螺栓 M12,73181595,43820,2793.58,3012.68,14666
INV-EU-2024-01834,WO-2024-CS-01834,2024-04-19,Italy,Taiwan,TW2066787143,P-CS-BS-003,底盤懸吊臂襯套軸套,73269098,25028,6807.87,7308.43,24984
INV-EU-2024-01850,WO-2024-CS-01850,2024-04-19,Germany,Taiwan,TW2066790178,P-CS-BS-003,底盤懸吊臂襯套軸套,73269098,36915,10041.12,10779.42,68279
INV-EU-2024-01852,WO-2024-CS-01852,2024-04-19,Italy,Taiwan,TW2066811515,P-CS-BS-003,底盤懸吊臂襯套軸套,73269098,16979,4618.55,4958.13,16442
INV-EU-2024-01853,WO-2024-M10-01853,2024-04-19,Germany,Taiwan,TW2066558765,P-M10-BN-002,電動車電池模組固定螺母 M10,73181699,34420,585.15,614.41,2814
INV-EU-2024-01863,WO-2024-CS-01863,2024-04-19,Spain,Taiwan,TW2066686685,P-CS-BS-003,底盤懸吊臂襯套軸套,73269098,49484,13459.86,14449.54,80759
INV-EU-2024-01879,WO-2024-M10-01879,2024-04-19,Italy,Taiwan,TW2066666875,P-M10-BN-002,電動車電池模組固定螺母 M10,73181699,11473,195.05,204.8,748
INV-EU-2024-01885,WO-2024-M10-01885,2024-04-19,Spain,Taiwan,TW2066746211,P-M10-BN-002,電動車電池模組固定螺母 M10,73181699,46717,794.19,833.9,5829
INV-EU-2024-01889,WO-2024-CS-01889,2024-04-19,Germany,Taiwan,TW2066642085,P-CS-BS-003,底盤懸吊臂襯套軸套,73269098,38639,10509.83,11282.61,48450
INV-EU-2024-01890,WO-2024-CS-01890,2024-04-19,Germany,Taiwan,TW2066569721,P-CS-BS-003,底盤懸吊臂襯套軸套,73269098,32875,8942.15,9599.65,50433
INV-EU-2024-01898,WO-2024-CS-01898,2024-04-19,Italy,Taiwan,TW2066516652,P-CS-BS-003,底盤懸吊臂襯套軸套,73269098,13677,3720.3,3993.84,25149
INV-EU-2024-01911,WO-2024-CS-01911,2024-04-19,Italy,Taiwan,TW2066485150,P-CS-BS-003,底盤懸吊臂襯套軸套,73269098,27365,7443.36,7990.66,41757
INV-EU-2024-01928,WO-2024-M10-01928,2024-04-19,Netherlands,Taiwan,TW2066282044,P-M10-BN-002,電動車電池模組固定螺母 M10,73181699,18050,306.86,322.2,1592
INV-EU-2024-01931,WO-2024-M12-01931,2024-04-19,Germany,Taiwan,TW2066821876,P-M12-EH-001,高強度引擎汽缸頭螺栓 M12,73181595,22055,1406.02,1516.3,9448
INV-EU-2024-01935,WO-2024-CS-01935,2024-04-19,France,Taiwan,TW2066422384,P-CS-BS-003,底盤懸吊臂襯套軸套,73269098,33202,9030.98,9695.02,39194
INV-EU-2024-01944,WO-2024-M12-01944,2024-04-19,Germany,Taiwan,TW2066400520,P-M12-EH-001,高強度引擎汽缸頭螺栓 M12,73181595,19977,1273.58,1373.46,5208
INV-EU-2024-01957,WO-2024-M10-01957,2024-04-19,Germany,Taiwan,TW2066385766,P-M10-BN-002,電動車電池模組固定螺母 M10,73181699,20994,356.9,374.75,1152
INV-EU-2024-01976,WO-2024-M12-01976,2024-04-19,Germany,Taiwan,TW2066222668,P-M12-EH-001,高強度引擎汽缸頭螺栓 M12,73181595,26493,1688.93,1821.39,8461
INV-EU-2024-01978,WO-2024-M12-01978,2024-04-19,France,Taiwan,TW2066857975,P-M12-EH-001,高強度引擎汽缸頭螺栓 M12,73181595,36011,2295.75,2475.8,7966
INV-EU-2024-01857,WO-2024-M12-01857,2024-04-20,Germany,Taiwan,TW2066853084,P-M12-EH-001,高強度引擎汽缸頭螺栓 M12,73181595,26052,1660.84,1791.1,11094
INV-EU-2024-01858,WO-2024-M10-01858,2024-04-20,Spain,Taiwan,TW2066658341,P-M10-BN-002,電動車電池模組固定螺母 M10,73181699,33391,567.65,596.03,3576
INV-EU-2024-01868,WO-2024-CS-01868,2024-04-20,Netherlands,Taiwan,TW2066179953,P-CS-BS-003,底盤懸吊臂襯套軸套,73269098,49382,13432.05,14419.69,96173
INV-EU-2024-01870,WO-2024-M12-01870,2024-04-20,Netherlands,Taiwan,TW2066261417,P-M12-EH-001,高強度引擎汽缸頭螺栓 M12,73181595,22811,1454.25,1568.31,5918
INV-EU-2024-01875,WO-2024-M12-01875,2024-04-20,Italy,Taiwan,TW2066565835,P-M12-EH-001,高強度引擎汽缸頭螺栓 M12,73181595,43985,2804.09,3024.02,18254
INV-EU-2024-01876,WO-2024-M12-01876,2024-04-20,Netherlands,Taiwan,TW2066817521,P-M12-EH-001,高強度引擎汽缸頭螺栓 M12,73181595,29405,1874.62,2021.64,7592
INV-EU-2024-01878,WO-2024-M12-01878,2024-04-20,France,Taiwan,TW2066499631,P-M12-EH-001,高強度引擎汽缸頭螺栓 M12,73181595,10983,700.17,755.08,4789
INV-EU-2024-01892,WO-2024-CS-01892,2024-04-20,Netherlands,Taiwan,TW2066605410,P-CS-BS-003,底盤懸吊臂襯套軸套,73269098,21047,5724.79,6145.73,25532
INV-EU-2024-01896,WO-2024-M12-01896,2024-04-20,Spain,Taiwan,TW2066798864,P-M12-EH-001,高強度引擎汽缸頭螺栓 M12,73181595,43421,2768.14,2985.24,13204
INV-EU-2024-01901,WO-2024-CS-01901,2024-04-20,Spain,Taiwan,TW2066447359,P-CS-BS-003,底盤懸吊臂襯套軸套,73269098,26470,7199.86,7729.26,23975
INV-EU-2024-01910,WO-2024-M12-01910,2024-04-20,Italy,Taiwan,TW2066594235,P-M12-EH-001,高強度引擎汽缸頭螺栓 M12,73181595,19204,1224.3,1320.32,6917
INV-EU-2024-01915,WO-2024-CS-01915,2024-04-20,Netherlands,Taiwan,TW2066793965,P-CS-BS-003,底盤懸吊臂襯套軸套,73269098,17114,4655.06,4997.34,32073
INV-EU-2024-01919,WO-2024-M12-01919,2024-04-20,Spain,Taiwan,TW2066717123,P-M12-EH-001,高強度引擎汽缸頭螺栓 M12,73181595,25700,1638.43,1766.93,9093
INV-EU-2024-01929,WO-2024-CS-01929,2024-04-20,Netherlands,Taiwan,TW2066134911,P-CS-BS-003,底盤懸吊臂襯套軸套,73269098,37665,10245.07,10998.37,40058
INV-EU-2024-01930,WO-2024-M12-01930,2024-04-20,France,Taiwan,TW2066491725,P-M12-EH-001,高強度引擎汽缸頭螺栓 M12,73181595,40096,2556.16,2756.64,19835
INV-EU-2024-01938,WO-2024-M12-01938,2024-04-20,France,Taiwan,TW2066706503,P-M12-EH-001,高強度引擎汽缸頭螺栓 M12,73181595,48256,3076.32,3317.6,24118
INV-EU-2024-01939,WO-2024-CS-01939,2024-04-20,Spain,Taiwan,TW2066796300,P-CS-BS-003,底盤懸吊臂襯套軸套,73269098,39207,10664.39,11448.53,66759
INV-EU-2024-01940,WO-2024-M10-01940,2024-04-20,Spain,Taiwan,TW2066774999,P-M10-BN-002,電動車電池模組固定螺母 M10,73181699,41208,700.55,735.58,3972
INV-EU-2024-01941,WO-2024-M10-01941,2024-04-20,Italy,Taiwan,TW2066191808,P-M10-BN-002,電動車電池模組固定螺母 M10,73181699,45476,773.1,811.75,5303
INV-EU-2024-01947,WO-2024-M12-01947,2024-04-20,France,Taiwan,TW2066792498,P-M12-EH-001,高強度引擎汽缸頭螺栓 M12,73181595,19011,1212.01,1307.07,7199
INV-EU-2024-01967,WO-2024-M10-01967,2024-04-20,Spain,Taiwan,TW2066729234,P-M10-BN-002,電動車電池模組固定螺母 M10,73181699,42588,724.01,760.21,4076
INV-EU-2024-01985,WO-2024-M10-01985,2024-04-20,Germany,Taiwan,TW2066501627,P-M10-BN-002,電動車電池模組固定螺母 M10,73181699,34109,579.86,608.85,2684
INV-EU-2024-01881,WO-2024-M10-01881,2024-04-21,Netherlands,Taiwan,TW2066186605,P-M10-BN-002,電動車電池模組固定螺母 M10,73181699,25584,434.93,456.68,3009
INV-EU-2024-01886,WO-2024-M12-01886,2024-04-21,Spain,Taiwan,TW2066343788,P-M12-EH-001,高強度引擎汽缸頭螺栓 M12,73181595,30880,1968.65,2123.05,11615
INV-EU-2024-01903,WO-2024-M12-01903,2024-04-21,Italy,Taiwan,TW2066961875,P-M12-EH-001,高強度引擎汽缸頭螺栓 M12,73181595,13413,855.11,922.17,5814
INV-EU-2024-01906,WO-2024-M12-01906,2024-04-21,Italy,Taiwan,TW2066146671,P-M12-EH-001,高強度引擎汽缸頭螺栓 M12,73181595,20212,1288.53,1389.59,4445
INV-EU-2024-01908,WO-2024-M12-01908,2024-04-21,Spain,Taiwan,TW2066914782,P-M12-EH-001,高強度引擎汽缸頭螺栓 M12,73181595,25740,1640.98,1769.68,12274
INV-EU-2024-01913,WO-2024-M10-01913,2024-04-21,Netherlands,Taiwan,TW2066997535,P-M10-BN-002,電動車電池模組固定螺母 M10,73181699,16981,288.69,303.12,1991
INV-EU-2024-01920,WO-2024-CS-01920,2024-04-21,Spain,Taiwan,TW2066989589,P-CS-BS-003,底盤懸吊臂襯套軸套,73269098,48228,13118.2,14082.76,55096
INV-EU-2024-01925,WO-2024-M10-01925,2024-04-21,France,Taiwan,TW2066771720,P-M10-BN-002,電動車電池模組固定螺母 M10,73181699,19007,323.13,339.29,1777
INV-EU-2024-01942,WO-2024-CS-01942,2024-04-21,Spain,Taiwan,TW2066567774,P-CS-BS-003,底盤懸吊臂襯套軸套,73269098,39686,10794.83,11588.55,46957
INV-EU-2024-01945,WO-2024-M10-01945,2024-04-21,Italy,Taiwan,TW2066189098,P-M10-BN-002,電動車電池模組固定螺母 M10,73181699,20777,353.21,370.87,1532
INV-EU-2024-01948,WO-2024-CS-01948,2024-04-21,Germany,Taiwan,TW2066708099,P-CS-BS-003,底盤懸吊臂襯套軸套,73269098,35580,9677.99,10389.59,74520
INV-EU-2024-01968,WO-2024-M10-01968,2024-04-21,Germany,Taiwan,TW2066745165,P-M10-BN-002,電動車電池模組固定螺母 M10,73181699,40379,686.45,720.77,3459
INV-EU-2024-01984,WO-2024-M10-01984,2024-04-21,Germany,Taiwan,TW2066378583,P-M10-BN-002,電動車電池模組固定螺母 M10,73181699,26497,450.45,472.97,2234
INV-EU-2024-01988,WO-2024-M10-01988,2024-04-21,Germany,Taiwan,TW2066285025,P-M10-BN-002,電動車電池模組固定螺母 M10,73181699,47952,815.19,855.95,3089
INV-EU-2024-01992,WO-2024-M12-01992,2024-04-21,Netherlands,Taiwan,TW2066505387,P-M12-EH-001,高強度引擎汽缸頭螺栓 M12,73181595,27058,1724.97,1860.26,12971
INV-EU-2024-01993,WO-2024-M12-01993,2024-04-21,Italy,Taiwan,TW2066285815,P-M12-EH-001,高強度引擎汽缸頭螺栓 M12,73181595,31520,2009.41,2167.01,8660
INV-EU-2024-01996,WO-2024-M12-01996,2024-04-21,Spain,Taiwan,TW2066339491,P-M12-EH-001,高強度引擎汽缸頭螺栓 M12,73181595,39620,2525.8,2723.9,8890
INV-EU-2024-01998,WO-2024-M10-01998,2024-04-21,Netherlands,Taiwan,TW2066574083,P-M10-BN-002,電動車電池模組固定螺母 M10,73181699,11501,195.52,205.3,1448
INV-EU-2024-02002,WO-2024-M12-02002,2024-04-21,France,Taiwan,TW2066482908,P-M12-EH-001,高強度引擎汽缸頭螺栓 M12,73181595,20390,1299.89,1401.84,8592
INV-EU-2024-02004,WO-2024-M12-02004,2024-04-21,France,Taiwan,TW2066550397,P-M12-EH-001,高強度引擎汽缸頭螺栓 M12,73181595,16068,1024.34,1104.68,5562
INV-EU-2024-01891,WO-2024-M10-01891,2024-04-22,France,Taiwan,TW2066670581,P-M10-BN-002,電動車電池模組固定螺母 M10,73181699,34187,581.18,610.24,2725
INV-EU-2024-01914,WO-2024-M10-01914,2024-04-22,Italy,Taiwan,TW2066361902,P-M10-BN-002,電動車電池模組固定螺母 M10,73181699,19619,333.53,350.21,2021
INV-EU-2024-01916,WO-2024-CS-01916,2024-04-22,Germany,Taiwan,TW2066476617,P-CS-BS-003,底盤懸吊臂襯套軸套,73269098,45328,12329.3,13235.86,82976
INV-EU-2024-01917,WO-2024-M10-01917,2024-04-22,Italy,Taiwan,TW2066274623,P-M10-BN-002,電動車電池模組固定螺母 M10,73181699,40268,684.56,718.79,4976
INV-EU-2024-01921,WO-2024-M12-01921,2024-04-22,Netherlands,Taiwan,TW2066570489,P-M12-EH-001,高強度引擎汽缸頭螺栓 M12,73181595,13517,861.73,929.32,3774
INV-EU-2024-01923,WO-2024-CS-01923,2024-04-22,Spain,Taiwan,TW2066350890,P-CS-BS-003,底盤懸吊臂襯套軸套,73269098,18015,4900.34,5260.64,17935
INV-EU-2024-01924,WO-2024-M10-01924,2024-04-22,France,Taiwan,TW2066571187,P-M10-BN-002,電動車電池模組固定螺母 M10,73181699,21054,357.93,375.83,2709
INV-EU-2024-01943,WO-2024-CS-01943,2024-04-22,Germany,Taiwan,TW2066363812,P-CS-BS-003,底盤懸吊臂襯套軸套,73269098,33503,9112.89,9782.95,40734
INV-EU-2024-01950,WO-2024-M10-01950,2024-04-22,Italy,Taiwan,TW2066145794,P-M10-BN-002,電動車電池模組固定螺母 M10,73181699,15879,269.96,283.46,809
INV-EU-2024-01962,WO-2024-M10-01962,2024-04-22,Italy,Taiwan,TW2066678948,P-M10-BN-002,電動車電池模組固定螺母 M10,73181699,33714,573.14,601.8,3410
INV-EU-2024-01980,WO-2024-M12-01980,2024-04-22,Italy,Taiwan,TW2066310506,P-M12-EH-001,高強度引擎汽缸頭螺栓 M12,73181595,31081,1981.42,2136.83,13453
INV-EU-2024-01995,WO-2024-CS-01995,2024-04-22,Germany,Taiwan,TW2066119597,P-CS-BS-003,底盤懸吊臂襯套軸套,73269098,25957,7060.54,7579.68,34949
INV-EU-2024-02015,WO-2024-M10-02015,2024-04-22,France,Taiwan,TW2066895236,P-M10-BN-002,電動車電池模組固定螺母 M10,73181699,44113,749.93,787.43,4349
INV-EU-2024-02021,WO-2024-M12-02021,2024-04-22,Spain,Taiwan,TW2066816705,P-M12-EH-001,高強度引擎汽缸頭螺栓 M12,73181595,43672,2784.12,3002.48,22078
INV-EU-2024-02024,WO-2024-M12-02024,2024-04-22,Germany,Taiwan,TW2066444633,P-M12-EH-001,高強度引擎汽缸頭螺栓 M12,73181595,42674,2720.47,2933.84,17846
INV-EU-2024-02029,WO-2024-CS-02029,2024-04-22,Germany,Taiwan,TW2066526605,P-CS-BS-003,底盤懸吊臂襯套軸套,73269098,14808,4028.01,4324.17,15830
INV-EU-2024-02031,WO-2024-CS-02031,2024-04-22,Netherlands,Taiwan,TW2066428695,P-CS-BS-003,底盤懸吊臂襯套軸套,73269098,19705,5359.87,5753.97,26799
INV-EU-2024-02034,WO-2024-M12-02034,2024-04-22,Netherlands,Taiwan,TW2066260963,P-M12-EH-001,高強度引擎汽缸頭螺栓 M12,73181595,47647,3037.53,3275.77,13304
INV-EU-2024-02036,WO-2024-M10-02036,2024-04-22,France,Taiwan,TW2066697030,P-M10-BN-002,電動車電池模組固定螺母 M10,73181699,29145,495.47,520.24,2348
INV-EU-2024-02041,WO-2024-M12-02041,2024-04-22,Netherlands,Taiwan,TW2066535784,P-M12-EH-001,高強度引擎汽缸頭螺栓 M12,73181595,39066,2490.51,2685.84,11829
INV-EU-2024-01912,WO-2024-M12-01912,2024-04-23,Netherlands,Taiwan,TW2066520945,P-M12-EH-001,高強度引擎汽缸頭螺栓 M12,73181595,22439,1430.51,1542.7,11029
INV-EU-2024-01922,WO-2024-CS-01922,2024-04-23,Germany,Taiwan,TW2066341150,P-CS-BS-003,底盤懸吊臂襯套軸套,73269098,31179,8480.73,9104.31,30785
INV-EU-2024-01927,WO-2024-CS-01927,2024-04-23,Netherlands,Taiwan,TW2066333014,P-CS-BS-003,底盤懸吊臂襯套軸套,73269098,48262,13127.37,14092.61,84015
INV-EU-2024-01933,WO-2024-CS-01933,2024-04-23,France,Taiwan,TW2066643144,P-CS-BS-003,底盤懸吊臂襯套軸套,73269098,36394,9899.24,10627.12,49397
INV-EU-2024-01946,WO-2024-M12-01946,2024-04-23,Italy,Taiwan,TW2066659096,P-M12-EH-001,高強度引擎汽缸頭螺栓 M12,73181595,38333,2443.78,2635.45,19354
INV-EU-2024-01949,WO-2024-CS-01949,2024-04-23,France,Taiwan,TW2066466500,P-CS-BS-003,底盤懸吊臂襯套軸套,73269098,20754,5645.15,6060.23,32459
INV-EU-2024-01953,WO-2024-M12-01953,2024-04-23,Germany,Taiwan,TW2066155488,P-M12-EH-001,高強度引擎汽缸頭螺栓 M12,73181595,35844,2285.06,2464.28,11768
INV-EU-2024-01954,WO-2024-M10-01954,2024-04-23,Italy,Taiwan,TW2066145009,P-M10-BN-002,電動車電池模組固定螺母 M10,73181699,40151,682.57,716.7,4115
INV-EU-2024-01955,WO-2024-M12-01955,2024-04-23,Netherlands,Taiwan,TW2066925231,P-M12-EH-001,高強度引擎汽缸頭螺栓 M12,73181595,34553,2202.76,2375.53,17335
INV-EU-2024-01958,WO-2024-M10-01958,2024-04-23,Netherlands,Taiwan,TW2066384146,P-M10-BN-002,電動車電池模組固定螺母 M10,73181699,30258,514.39,540.11,2494
INV-EU-2024-01961,WO-2024-CS-01961,2024-04-23,Italy,Taiwan,TW2066341297,P-CS-BS-003,底盤懸吊臂襯套軸套,73269098,45656,12418.51,13331.63,47935
INV-EU-2024-01963,WO-2024-CS-01963,2024-04-23,Germany,Taiwan,TW2066817363,P-CS-BS-003,底盤懸吊臂襯套軸套,73269098,21059,5728.11,6149.29,41356
INV-EU-2024-01964,WO-2024-M10-01964,2024-04-23,Spain,Taiwan,TW2066273951,P-M10-BN-002,電動車電池模組固定螺母 M10,73181699,22407,380.93,399.98,1714
INV-EU-2024-01965,WO-2024-CS-01965,2024-04-23,Italy,Taiwan,TW2066487634,P-CS-BS-003,底盤懸吊臂襯套軸套,73269098,26144,7111.24,7634.12,28160
INV-EU-2024-01970,WO-2024-M10-01970,2024-04-23,Netherlands,Taiwan,TW2066281656,P-M10-BN-002,電動車電池模組固定螺母 M10,73181699,21066,358.13,376.04,1862
INV-EU-2024-01974,WO-2024-M10-01974,2024-04-23,Italy,Taiwan,TW2066916243,P-M10-BN-002,電動車電池模組固定螺母 M10,73181699,22051,374.88,393.62,1724
INV-EU-2024-01975,WO-2024-M12-01975,2024-04-23,Netherlands,Taiwan,TW2066900091,P-M12-EH-001,高強度引擎汽缸頭螺栓 M12,73181595,34838,2220.93,2395.12,12637
INV-EU-2024-01986,WO-2024-M12-01986,2024-04-23,Italy,Taiwan,TW2066226718,P-M12-EH-001,高強度引擎汽缸頭螺栓 M12,73181595,45417,2895.37,3122.45,9757
INV-EU-2024-02017,WO-2024-CS-02017,2024-04-23,Netherlands,Taiwan,TW2066148315,P-CS-BS-003,底盤懸吊臂襯套軸套,73269098,33668,9157.73,9831.09,34982
INV-EU-2024-02032,WO-2024-M10-02032,2024-04-23,Netherlands,Taiwan,TW2066729663,P-M10-BN-002,電動車電池模組固定螺母 M10,73181699,14422,245.18,257.44,1804
INV-EU-2024-02033,WO-2024-M12-02033,2024-04-23,France,Taiwan,TW2066802431,P-M12-EH-001,高強度引擎汽缸頭螺栓 M12,73181595,46297,2951.46,3182.95,22342
INV-EU-2024-02047,WO-2024-M10-02047,2024-04-23,France,Taiwan,TW2066851013,P-M10-BN-002,電動車電池模組固定螺母 M10,73181699,43223,734.8,771.54,2395
INV-EU-2024-01951,WO-2024-M12-01951,2024-04-24,Netherlands,Taiwan,TW2066256922,P-M12-EH-001,高強度引擎汽缸頭螺栓 M12,73181595,34437,2195.39,2367.57,6608
INV-EU-2024-01956,WO-2024-M12-01956,2024-04-24,Spain,Taiwan,TW2066917571,P-M12-EH-001,高強度引擎汽缸頭螺栓 M12,73181595,12983,827.67,892.58,4610
INV-EU-2024-01971,WO-2024-M12-01971,2024-04-24,Germany,Taiwan,TW2066824891,P-M12-EH-001,高強度引擎汽缸頭螺栓 M12,73181595,39477,2516.71,2714.1,9865
INV-EU-2024-01972,WO-2024-M10-01972,2024-04-24,France,Taiwan,TW2066164771,P-M10-BN-002,電動車電池模組固定螺母 M10,73181699,19135,325.31,341.58,2351
INV-EU-2024-01973,WO-2024-M12-01973,2024-04-24,Netherlands,Taiwan,TW2066822626,P-M12-EH-001,高強度引擎汽缸頭螺栓 M12,73181595,15333,977.52,1054.18,7194
INV-EU-2024-01982,WO-2024-M10-01982,2024-04-24,Germany,Taiwan,TW2066775301,P-M10-BN-002,電動車電池模組固定螺母 M10,73181699,11590,197.04,206.89,654
INV-EU-2024-01994,WO-2024-M12-01994,2024-04-24,Italy,Taiwan,TW2066409346,P-M12-EH-001,高強度引擎汽缸頭螺栓 M12,73181595,37805,2410.11,2599.14,16051
INV-EU-2024-02007,WO-2024-M12-02007,2024-04-24,Netherlands,Taiwan,TW2066442165,P-M12-EH-001,高強度引擎汽缸頭螺栓 M12,73181595,20967,1336.67,1441.51,10345
INV-EU-2024-02014,WO-2024-CS-02014,2024-04-24,Germany,Taiwan,TW2066832122,P-CS-BS-003,底盤懸吊臂襯套軸套,73269098,39057,10623.54,11404.68,36757
INV-EU-2024-02022,WO-2024-M12-02022,2024-04-24,Germany,Taiwan,TW2066922612,P-M12-EH-001,高強度引擎汽缸頭螺栓 M12,73181595,18713,1193,1286.57,8816
INV-EU-2024-02026,WO-2024-M10-02026,2024-04-24,France,Taiwan,TW2066209356,P-M10-BN-002,電動車電池模組固定螺母 M10,73181699,43178,734.03,770.73,3009
INV-EU-2024-02028,WO-2024-M10-02028,2024-04-24,Netherlands,Taiwan,TW2066913466,P-M10-BN-002,電動車電池模組固定螺母 M10,73181699,38509,654.67,687.4,3600
INV-EU-2024-02030,WO-2024-CS-02030,2024-04-24,Italy,Taiwan,TW2066905266,P-CS-BS-003,底盤懸吊臂襯套軸套,73269098,35385,9624.82,10332.52,47450
INV-EU-2024-02039,WO-2024-M12-02039,2024-04-24,Italy,Taiwan,TW2066102693,P-M12-EH-001,高強度引擎汽缸頭螺栓 M12,73181595,23110,1473.27,1588.82,9016
INV-EU-2024-02063,WO-2024-M10-02063,2024-04-24,Netherlands,Taiwan,TW2066682811,P-M10-BN-002,電動車電池模組固定螺母 M10,73181699,41720,709.25,744.71,5291
INV-EU-2024-01937,WO-2024-M10-01937,2024-04-25,France,Taiwan,TW2066827689,P-M10-BN-002,電動車電池模組固定螺母 M10,73181699,27404,465.87,489.16,1714
INV-EU-2024-01959,WO-2024-M12-01959,2024-04-25,Germany,Taiwan,TW2066158457,P-M12-EH-001,高強度引擎汽缸頭螺栓 M12,73181595,45234,2883.73,3109.9,9487
INV-EU-2024-01960,WO-2024-CS-01960,2024-04-25,Spain,Taiwan,TW2066503448,P-CS-BS-003,底盤懸吊臂襯套軸套,73269098,41530,11296.26,12126.86,67551
INV-EU-2024-01969,WO-2024-M12-01969,2024-04-25,Netherlands,Taiwan,TW2066640679,P-M12-EH-001,高強度引擎汽缸頭螺栓 M12,73181595,14088,898.15,968.59,6502
INV-EU-2024-01981,WO-2024-M12-01981,2024-04-25,Germany,Taiwan,TW2066558499,P-M12-EH-001,高強度引擎汽缸頭螺栓 M12,73181595,14661,934.66,1007.96,2962
INV-EU-2024-01983,WO-2024-M10-01983,2024-04-25,France,Taiwan,TW2066572803,P-M10-BN-002,電動車電池模組固定螺母 M10,73181699,32166,546.83,574.17,3204
INV-EU-2024-01989,WO-2024-CS-01989,2024-04-25,France,Taiwan,TW2066556939,P-CS-BS-003,底盤懸吊臂襯套軸套,73269098,36517,9932.83,10663.17,36751
INV-EU-2024-02003,WO-2024-M10-02003,2024-04-25,France,Taiwan,TW2066799991,P-M10-BN-002,電動車電池模組固定螺母 M10,73181699,14644,248.96,261.41,1426
INV-EU-2024-02027,WO-2024-CS-02027,2024-04-25,Netherlands,Taiwan,TW2066819580,P-CS-BS-003,底盤懸吊臂襯套軸套,73269098,33011,8979.14,9639.36,66894
INV-EU-2024-02044,WO-2024-M12-02044,2024-04-25,Germany,Taiwan,TW2066885591,P-M12-EH-001,高強度引擎汽缸頭螺栓 M12,73181595,18317,1167.74,1259.33,3725
INV-EU-2024-02069,WO-2024-CS-02069,2024-04-25,Italy,Taiwan,TW2066197184,P-CS-BS-003,底盤懸吊臂襯套軸套,73269098,11794,3208.08,3443.96,13794
INV-EU-2024-02071,WO-2024-M10-02071,2024-04-25,Italy,Taiwan,TW2066122930,P-M10-BN-002,電動車電池模組固定螺母 M10,73181699,34971,594.51,624.24,2455
INV-EU-2024-02080,WO-2024-M10-02080,2024-04-25,France,Taiwan,TW2066102050,P-M10-BN-002,電動車電池模組固定螺母 M10,73181699,42199,717.39,753.26,3673
INV-EU-2024-02084,WO-2024-M12-02084,2024-04-25,Italy,Taiwan,TW2066189502,P-M12-EH-001,高強度引擎汽缸頭螺栓 M12,73181595,36453,2323.93,2506.19,18126
INV-EU-2024-02089,WO-2024-CS-02089,2024-04-25,Germany,Taiwan,TW2066779575,P-CS-BS-003,底盤懸吊臂襯套軸套,73269098,10073,2739.95,2941.41,17042
INV-EU-2024-02091,WO-2024-M10-02091,2024-04-25,Italy,Taiwan,TW2066719020,P-M10-BN-002,電動車電池模組固定螺母 M10,73181699,41025,697.43,732.3,5251
INV-EU-2024-02093,WO-2024-M10-02093,2024-04-25,France,Taiwan,TW2066169807,P-M10-BN-002,電動車電池模組固定螺母 M10,73181699,26814,455.84,478.63,1422
INV-EU-2024-01966,WO-2024-M10-01966,2024-04-26,Italy,Taiwan,TW2066626240,P-M10-BN-002,電動車電池模組固定螺母 M10,73181699,48731,828.44,869.86,6312
INV-EU-2024-01977,WO-2024-M10-01977,2024-04-26,France,Taiwan,TW2066730355,P-M10-BN-002,電動車電池模組固定螺母 M10,73181699,34204,581.47,610.54,3163
INV-EU-2024-01979,WO-2024-CS-01979,2024-04-26,Netherlands,Taiwan,TW2066128344,P-CS-BS-003,底盤懸吊臂襯套軸套,73269098,36039,9802.85,10523.63,52641
INV-EU-2024-01987,WO-2024-CS-01987,2024-04-26,Germany,Taiwan,TW2066442166,P-CS-BS-003,底盤懸吊臂襯套軸套,73269098,30086,8183.53,8785.25,35598
INV-EU-2024-01997,WO-2024-CS-01997,2024-04-26,France,Taiwan,TW2066516072,P-CS-BS-003,底盤懸吊臂襯套軸套,73269098,15938,4335.16,4653.92,22065
INV-EU-2024-01999,WO-2024-M12-01999,2024-04-26,Italy,Taiwan,TW2066748767,P-M12-EH-001,高強度引擎汽缸頭螺栓 M12,73181595,35732,2277.96,2456.62,8382
INV-EU-2024-02008,WO-2024-CS-02008,2024-04-26,Spain,Taiwan,TW2066857588,P-CS-BS-003,底盤懸吊臂襯套軸套,73269098,23652,6433.48,6906.52,22388
INV-EU-2024-02012,WO-2024-M10-02012,2024-04-26,Spain,Taiwan,TW2066787280,P-M10-BN-002,電動車電池模組固定螺母 M10,73181699,38515,654.77,687.51,2226
INV-EU-2024-02016,WO-2024-CS-02016,2024-04-26,France,Taiwan,TW2066860123,P-CS-BS-003,底盤懸吊臂襯套軸套,73269098,40292,10959.62,11765.46,84060
INV-EU-2024-02019,WO-2024-M12-02019,2024-04-26,Spain,Taiwan,TW2066917851,P-M12-EH-001,高強度引擎汽缸頭螺栓 M12,73181595,30036,1914.83,2065.01,6318
INV-EU-2024-02023,WO-2024-M10-02023,2024-04-26,Spain,Taiwan,TW2066404222,P-M10-BN-002,電動車電池模組固定螺母 M10,73181699,15735,267.51,280.89,936
INV-EU-2024-02025,WO-2024-M12-02025,2024-04-26,Germany,Taiwan,TW2066800238,P-M12-EH-001,高強度引擎汽缸頭螺栓 M12,73181595,26236,1672.58,1803.76,11055
INV-EU-2024-02037,WO-2024-CS-02037,2024-04-26,Spain,Taiwan,TW2066347661,P-CS-BS-003,底盤懸吊臂襯套軸套,73269098,13749,3739.98,4014.96,28386
INV-EU-2024-02040,WO-2024-M12-02040,2024-04-26,Spain,Taiwan,TW2066122926,P-M12-EH-001,高強度引擎汽缸頭螺栓 M12,73181595,25810,1645.42,1774.47,12686
INV-EU-2024-02042,WO-2024-M12-02042,2024-04-26,France,Taiwan,TW2066609170,P-M12-EH-001,高強度引擎汽缸頭螺栓 M12,73181595,37642,2399.71,2587.92,15838
INV-EU-2024-02046,WO-2024-M12-02046,2024-04-26,Italy,Taiwan,TW2066347296,P-M12-EH-001,高強度引擎汽缸頭螺栓 M12,73181595,41333,2635.04,2841.7,13833
INV-EU-2024-02052,WO-2024-CS-02052,2024-04-26,Germany,Taiwan,TW2066167848,P-CS-BS-003,底盤懸吊臂襯套軸套,73269098,24306,6611.5,7097.62,33718
INV-EU-2024-02058,WO-2024-M10-02058,2024-04-26,Spain,Taiwan,TW2066491837,P-M10-BN-002,電動車電池模組固定螺母 M10,73181699,25773,438.15,460.06,2269
INV-EU-2024-02066,WO-2024-CS-02066,2024-04-26,Germany,Taiwan,TW2066315293,P-CS-BS-003,底盤懸吊臂襯套軸套,73269098,20640,5614.12,6026.92,18526
INV-EU-2024-02076,WO-2024-CS-02076,2024-04-26,Spain,Taiwan,TW2066233869,P-CS-BS-003,底盤懸吊臂襯套軸套,73269098,13107,3565.26,3827.4,27630
INV-EU-2024-02078,WO-2024-M12-02078,2024-04-26,Germany,Taiwan,TW2066152691,P-M12-EH-001,高強度引擎汽缸頭螺栓 M12,73181595,48490,3091.27,3333.72,17898
INV-EU-2024-02090,WO-2024-M10-02090,2024-04-26,Italy,Taiwan,TW2066103046,P-M10-BN-002,電動車電池模組固定螺母 M10,73181699,40981,696.68,731.51,4375
INV-EU-2024-01990,WO-2024-CS-01990,2024-04-27,Netherlands,Taiwan,TW2066748404,P-CS-BS-003,底盤懸吊臂襯套軸套,73269098,36078,9813.35,10534.91,46122
INV-EU-2024-01991,WO-2024-M12-01991,2024-04-27,France,Taiwan,TW2066117082,P-M12-EH-001,高強度引擎汽缸頭螺栓 M12,73181595,13922,887.56,957.17,3283
INV-EU-2024-02000,WO-2024-M10-02000,2024-04-27,France,Taiwan,TW2066468402,P-M10-BN-002,電動車電池模組固定螺母 M10,73181699,10004,170.08,178.58,756
INV-EU-2024-02001,WO-2024-M10-02001,2024-04-27,Spain,Taiwan,TW2066247659,P-M10-BN-002,電動車電池模組固定螺母 M10,73181699,19697,334.86,351.6,1989
INV-EU-2024-02009,WO-2024-CS-02009,2024-04-27,France,Taiwan,TW2066991074,P-CS-BS-003,底盤懸吊臂襯套軸套,73269098,16380,4455.37,4782.97,33727
INV-EU-2024-02018,WO-2024-M10-02018,2024-04-27,Italy,Taiwan,TW2066879944,P-M10-BN-002,電動車電池模組固定螺母 M10,73181699,28199,479.4,503.37,1989
INV-EU-2024-02050,WO-2024-M10-02050,2024-04-27,Spain,Taiwan,TW2066915477,P-M10-BN-002,電動車電池模組固定螺母 M10,73181699,34130,580.22,609.23,3533
INV-EU-2024-02095,WO-2024-CS-02095,2024-04-27,Italy,Taiwan,TW2066838035,P-CS-BS-003,底盤懸吊臂襯套軸套,73269098,27992,7614.08,8173.92,25583
INV-EU-2024-02103,WO-2024-M10-02103,2024-04-27,Italy,Taiwan,TW2066258735,P-M10-BN-002,電動車電池模組固定螺母 M10,73181699,16715,284.16,298.37,2128
INV-EU-2024-02121,WO-2024-M12-02121,2024-04-27,Italy,Taiwan,TW2066274082,P-M12-EH-001,高強度引擎汽缸頭螺栓 M12,73181595,15213,969.85,1045.91,6449
INV-EU-2024-02123,WO-2024-CS-02123,2024-04-27,Spain,Taiwan,TW2066998591,P-CS-BS-003,底盤懸吊臂襯套軸套,73269098,41551,11301.94,12132.96,80130
INV-EU-2024-02005,WO-2024-M12-02005,2024-04-28,Italy,Taiwan,TW2066379115,P-M12-EH-001,高強度引擎汽缸頭螺栓 M12,73181595,32919,2098.62,2263.21,10744
INV-EU-2024-02006,WO-2024-M12-02006,2024-04-28,Netherlands,Taiwan,TW2066454284,P-M12-EH-001,高強度引擎汽缸頭螺栓 M12,73181595,30960,1973.76,2128.56,10658
INV-EU-2024-02010,WO-2024-M10-02010,2024-04-28,Netherlands,Taiwan,TW2066258320,P-M10-BN-002,電動車電池模組固定螺母 M10,73181699,13682,232.6,244.23,783
INV-EU-2024-02011,WO-2024-M12-02011,2024-04-28,Spain,Taiwan,TW2066988815,P-M12-EH-001,高強度引擎汽缸頭螺栓 M12,73181595,27727,1767.65,1906.29,10234
INV-EU-2024-02013,WO-2024-M10-02013,2024-04-28,France,Taiwan,TW2066481179,P-M10-BN-002,電動車電池模組固定螺母 M10,73181699,27575,468.79,492.23,2995
INV-EU-2024-02043,WO-2024-M12-02043,2024-04-28,Netherlands,Taiwan,TW2066497662,P-M12-EH-001,高強度引擎汽缸頭螺栓 M12,73181595,24424,1557.08,1679.2,7115
INV-EU-2024-02049,WO-2024-M10-02049,2024-04-28,Italy,Taiwan,TW2066693641,P-M10-BN-002,電動車電池模組固定螺母 M10,73181699,39834,677.19,711.05,4821
INV-EU-2024-02055,WO-2024-M10-02055,2024-04-28,Italy,Taiwan,TW2066421490,P-M10-BN-002,電動車電池模組固定螺母 M10,73181699,25578,434.83,456.57,2000
INV-EU-2024-02059,WO-2024-CS-02059,2024-04-28,Germany,Taiwan,TW2066556924,P-CS-BS-003,底盤懸吊臂襯套軸套,73269098,42328,11513.44,12360,89344
INV-EU-2024-02061,WO-2024-M10-02061,2024-04-28,Spain,Taiwan,TW2066766374,P-M10-BN-002,電動車電池模組固定螺母 M10,73181699,47424,806.21,846.52,4160
INV-EU-2024-02070,WO-2024-CS-02070,2024-04-28,Spain,Taiwan,TW2066572213,P-CS-BS-003,底盤懸吊臂襯套軸套,73269098,23921,6506.7,6985.12,23749
INV-EU-2024-02072,WO-2024-CS-02072,2024-04-28,Spain,Taiwan,TW2066583793,P-CS-BS-003,底盤懸吊臂襯套軸套,73269098,47193,12836.69,13780.55,40050
INV-EU-2024-02077,WO-2024-M12-02077,2024-04-28,Spain,Taiwan,TW2066613947,P-M12-EH-001,高強度引擎汽缸頭螺栓 M12,73181595,15615,995.49,1073.57,5106
INV-EU-2024-02087,WO-2024-CS-02087,2024-04-28,France,Taiwan,TW2066781410,P-CS-BS-003,底盤懸吊臂襯套軸套,73269098,32910,8951.61,9609.81,55052
INV-EU-2024-02092,WO-2024-M10-02092,2024-04-28,Spain,Taiwan,TW2066918488,P-M10-BN-002,電動車電池模組固定螺母 M10,73181699,21973,373.55,392.23,1591
INV-EU-2024-02094,WO-2024-CS-02094,2024-04-28,Italy,Taiwan,TW2066805309,P-CS-BS-003,底盤懸吊臂襯套軸套,73269098,27395,7451.67,7999.57,47616
INV-EU-2024-02097,WO-2024-M10-02097,2024-04-28,France,Taiwan,TW2066183718,P-M10-BN-002,電動車電池模組固定螺母 M10,73181699,41286,701.87,736.96,4976
INV-EU-2024-02101,WO-2024-CS-02101,2024-04-28,Germany,Taiwan,TW2066198120,P-CS-BS-003,底盤懸吊臂襯套軸套,73269098,20495,5574.87,5984.77,23916
INV-EU-2024-02107,WO-2024-M10-02107,2024-04-28,France,Taiwan,TW2066356252,P-M10-BN-002,電動車電池模組固定螺母 M10,73181699,28171,478.91,502.86,3610
INV-EU-2024-02113,WO-2024-CS-02113,2024-04-28,Spain,Taiwan,TW2066450605,P-CS-BS-003,底盤懸吊臂襯套軸套,73269098,20867,5675.99,6093.33,24122
INV-EU-2024-02117,WO-2024-M10-02117,2024-04-28,France,Taiwan,TW2066611992,P-M10-BN-002,電動車電池模組固定螺母 M10,73181699,22195,377.33,396.2,1192
INV-EU-2024-02120,WO-2024-CS-02120,2024-04-28,Spain,Taiwan,TW2066557860,P-CS-BS-003,底盤懸吊臂襯套軸套,73269098,40132,10915.92,11718.56,34712
INV-EU-2024-02128,WO-2024-M10-02128,2024-04-28,Spain,Taiwan,TW2066500528,P-M10-BN-002,電動車電池模組固定螺母 M10,73181699,35060,596.02,625.82,2211
INV-EU-2024-02130,WO-2024-M10-02130,2024-04-28,Spain,Taiwan,TW2066723216,P-M10-BN-002,電動車電池模組固定螺母 M10,73181699,28366,482.23,506.34,1880
INV-EU-2024-02020,WO-2024-CS-02020,2024-04-29,Germany,Taiwan,TW2066121574,P-CS-BS-003,底盤懸吊臂襯套軸套,73269098,43537,11842.24,12712.98,85619
INV-EU-2024-02035,WO-2024-M10-02035,2024-04-29,Spain,Taiwan,TW2066217881,P-M10-BN-002,電動車電池模組固定螺母 M10,73181699,26107,443.82,466.01,3093
INV-EU-2024-02038,WO-2024-CS-02038,2024-04-29,Italy,Taiwan,TW2066324938,P-CS-BS-003,底盤懸吊臂襯套軸套,73269098,10377,2822.81,3030.35,21481
INV-EU-2024-02045,WO-2024-M10-02045,2024-04-29,Spain,Taiwan,TW2066294826,P-M10-BN-002,電動車電池模組固定螺母 M10,73181699,18233,309.97,325.47,1277
INV-EU-2024-02048,WO-2024-M10-02048,2024-04-29,France,Taiwan,TW2066643451,P-M10-BN-002,電動車電池模組固定螺母 M10,73181699,17916,304.58,319.81,2086
INV-EU-2024-02051,WO-2024-M10-02051,2024-04-29,Spain,Taiwan,TW2066694333,P-M10-BN-002,電動車電池模組固定螺母 M10,73181699,12942,220.02,231.02,1463
INV-EU-2024-02053,WO-2024-M10-02053,2024-04-29,Italy,Taiwan,TW2066599835,P-M10-BN-002,電動車電池模組固定螺母 M10,73181699,23252,395.29,415.05,1790
INV-EU-2024-02054,WO-2024-CS-02054,2024-04-29,Italy,Taiwan,TW2066176257,P-CS-BS-003,底盤懸吊臂襯套軸套,73269098,11931,3245.35,3483.97,24794
INV-EU-2024-02057,WO-2024-CS-02057,2024-04-29,Spain,Taiwan,TW2066641349,P-CS-BS-003,底盤懸吊臂襯套軸套,73269098,14338,3899.94,4186.7,30731
INV-EU-2024-02060,WO-2024-CS-02060,2024-04-29,Germany,Taiwan,TW2066290601,P-CS-BS-003,底盤懸吊臂襯套軸套,73269098,42157,11466.72,12309.86,44720
INV-EU-2024-02062,WO-2024-CS-02062,2024-04-29,France,Taiwan,TW2066484748,P-CS-BS-003,底盤懸吊臂襯套軸套,73269098,22567,6138.45,6589.79,31183
INV-EU-2024-02064,WO-2024-CS-02064,2024-04-29,Spain,Taiwan,TW2066485659,P-CS-BS-003,底盤懸吊臂襯套軸套,73269098,14127,3842.71,4125.25,13564
INV-EU-2024-02065,WO-2024-CS-02065,2024-04-29,Italy,Taiwan,TW2066479104,P-CS-BS-003,底盤懸吊臂襯套軸套,73269098,41861,11386.21,12223.43,38257
INV-EU-2024-02068,WO-2024-CS-02068,2024-04-29,Netherlands,Taiwan,TW2066844335,P-CS-BS-003,底盤懸吊臂襯套軸套,73269098,44125,12002.21,12884.71,57490
INV-EU-2024-02088,WO-2024-CS-02088,2024-04-29,France,Taiwan,TW2066639147,P-CS-BS-003,底盤懸吊臂襯套軸套,73269098,32475,8833.28,9482.78,39219
INV-EU-2024-02100,WO-2024-M12-02100,2024-04-29,Netherlands,Taiwan,TW2066645746,P-M12-EH-001,高強度引擎汽缸頭螺栓 M12,73181595,14642,933.44,1006.65,5983
INV-EU-2024-02105,WO-2024-M12-02105,2024-04-29,Italy,Taiwan,TW2066984942,P-M12-EH-001,高強度引擎汽缸頭螺栓 M12,73181595,42984,2740.23,2955.15,20003
INV-EU-2024-02109,WO-2024-CS-02109,2024-04-29,Spain,Taiwan,TW2066619560,P-CS-BS-003,底盤懸吊臂襯套軸套,73269098,26775,7282.82,7818.32,39035
INV-EU-2024-02110,WO-2024-CS-02110,2024-04-29,France,Taiwan,TW2066609080,P-CS-BS-003,底盤懸吊臂襯套軸套,73269098,37380,10167.5,10915.1,45652
INV-EU-2024-02112,WO-2024-M12-02112,2024-04-29,France,Taiwan,TW2066949528,P-M12-EH-001,高強度引擎汽缸頭螺栓 M12,73181595,31413,2002.6,2159.66,15940
INV-EU-2024-02135,WO-2024-M12-02135,2024-04-29,France,Taiwan,TW2066709876,P-M12-EH-001,高強度引擎汽缸頭螺栓 M12,73181595,16477,1050.45,1132.84,6082
INV-EU-2024-02143,WO-2024-CS-02143,2024-04-29,Spain,Taiwan,TW2066521624,P-CS-BS-003,底盤懸吊臂襯套軸套,73269098,48180,13104.97,14068.57,88851
INV-EU-2024-02144,WO-2024-CS-02144,2024-04-29,Spain,Taiwan,TW2066788788,P-CS-BS-003,底盤懸吊臂襯套軸套,73269098,32063,8721.37,9362.63,58084
INV-EU-2024-02145,WO-2024-CS-02145,2024-04-29,Germany,Taiwan,TW2066557984,P-CS-BS-003,底盤懸吊臂襯套軸套,73269098,38427,10452.32,11220.86,59264
INV-EU-2024-02056,WO-2024-M10-02056,2024-04-30,Italy,Taiwan,TW2066111596,P-M10-BN-002,電動車電池模組固定螺母 M10,73181699,40173,682.95,717.1,5224
INV-EU-2024-02067,WO-2024-CS-02067,2024-04-30,Netherlands,Taiwan,TW2066576121,P-CS-BS-003,底盤懸吊臂襯套軸套,73269098,41504,11289.26,12119.34,43689
INV-EU-2024-02073,WO-2024-CS-02073,2024-04-30,Italy,Taiwan,TW2066124416,P-CS-BS-003,底盤懸吊臂襯套軸套,73269098,16986,4620.44,4960.16,27491
INV-EU-2024-02081,WO-2024-CS-02081,2024-04-30,Italy,Taiwan,TW2066921997,P-CS-BS-003,底盤懸吊臂襯套軸套,73269098,40891,11122.51,11940.33,65845
INV-EU-2024-02083,WO-2024-M12-02083,2024-04-30,Italy,Taiwan,TW2066825181,P-M12-EH-001,高強度引擎汽缸頭螺栓 M12,73181595,43843,2795,3014.22,20990
INV-EU-2024-02085,WO-2024-M12-02085,2024-04-30,Italy,Taiwan,TW2066986546,P-M12-EH-001,高強度引擎汽缸頭螺栓 M12,73181595,47200,3009.06,3245.06,13721
INV-EU-2024-02139,WO-2024-M12-02139,2024-04-30,Netherlands,Taiwan,TW2066257509,P-M12-EH-001,高強度引擎汽缸頭螺栓 M12,73181595,49045,3126.64,3371.86,13882
INV-EU-2024-02141,WO-2024-M10-02141,2024-04-30,Spain,Taiwan,TW2066338717,P-M10-BN-002,電動車電池模組固定螺母 M10,73181699,22924,389.72,409.21,1574
INV-EU-2024-02152,WO-2024-M10-02152,2024-04-30,France,Taiwan,TW2066932200,P-M10-BN-002,電動車電池模組固定螺母 M10,73181699,17305,294.19,308.9,1871
INV-EU-2024-02157,WO-2024-M10-02157,2024-04-30,Spain,Taiwan,TW2066486441,P-M10-BN-002,電動車電池模組固定螺母 M10,73181699,31910,542.48,569.6,2012
INV-EU-2024-02074,WO-2024-M12-02074,2024-05-01,France,Taiwan,TW2066313723,P-M12-EH-001,高強度引擎汽缸頭螺栓 M12,73181595,23323,1486.89,1603.51,4772
INV-EU-2024-02075,WO-2024-M10-02075,2024-05-01,France,Taiwan,TW2066208597,P-M10-BN-002,電動車電池模組固定螺母 M10,73181699,25540,434.18,455.89,1641
INV-EU-2024-02102,WO-2024-M12-02102,2024-05-01,Italy,Taiwan,TW2066898477,P-M12-EH-001,高強度引擎汽缸頭螺栓 M12,73181595,23418,1492.94,1610.03,5494
INV-EU-2024-02106,WO-2024-M10-02106,2024-05-01,France,Taiwan,TW2066980003,P-M10-BN-002,電動車電池模組固定螺母 M10,73181699,42294,719,754.95,5644
INV-EU-2024-02126,WO-2024-CS-02126,2024-05-01,Italy,Taiwan,TW2066699286,P-CS-BS-003,底盤懸吊臂襯套軸套,73269098,25868,7036.22,7553.58,48198
INV-EU-2024-02146,WO-2024-M12-02146,2024-05-01,France,Taiwan,TW2066980601,P-M12-EH-001,高強度引擎汽缸頭螺栓 M12,73181595,44071,2809.57,3029.93,18880
INV-EU-2024-02151,WO-2024-M10-02151,2024-05-01,Italy,Taiwan,TW2066453336,P-M10-BN-002,電動車電池模組固定螺母 M10,73181699,40924,695.71,730.5,2247
INV-EU-2024-02156,WO-2024-M10-02156,2024-05-01,Spain,Taiwan,TW2066681409,P-M10-BN-002,電動車電池模組固定螺母 M10,73181699,19586,332.97,349.62,2074
INV-EU-2024-02162,WO-2024-CS-02162,2024-05-01,Germany,Taiwan,TW2066794586,P-CS-BS-003,底盤懸吊臂襯套軸套,73269098,16739,4553.18,4887.96,28275
INV-EU-2024-02165,WO-2024-CS-02165,2024-05-01,Spain,Taiwan,TW2066207080,P-CS-BS-003,底盤懸吊臂襯套軸套,73269098,31355,8528.79,9155.89,56119
INV-EU-2024-02171,WO-2024-CS-02171,2024-05-01,Netherlands,Taiwan,TW2066555662,P-CS-BS-003,底盤懸吊臂襯套軸套,73269098,44198,12021.88,12905.84,78743
INV-EU-2024-02192,WO-2024-CS-02192,2024-05-01,Netherlands,Taiwan,TW2066953742,P-CS-BS-003,底盤懸吊臂襯套軸套,73269098,35007,9521.91,10222.05,51037
INV-EU-2024-02195,WO-2024-M12-02195,2024-05-01,Italy,Taiwan,TW2066972523,P-M12-EH-001,高強度引擎汽缸頭螺栓 M12,73181595,12029,766.86,827,4938
INV-EU-2024-02079,WO-2024-CS-02079,2024-05-02,France,Taiwan,TW2066849842,P-CS-BS-003,底盤懸吊臂襯套軸套,73269098,29979,8154.39,8753.97,57162
INV-EU-2024-02082,WO-2024-M10-02082,2024-05-02,Germany,Taiwan,TW2066892062,P-M10-BN-002,電動車電池模組固定螺母 M10,73181699,37436,636.42,668.24,3016
INV-EU-2024-02086,WO-2024-M10-02086,2024-05-02,Spain,Taiwan,TW2066399393,P-M10-BN-002,電動車電池模組固定螺母 M10,73181699,30475,518.09,543.99,2880
INV-EU-2024-02096,WO-2024-CS-02096,2024-05-02,Netherlands,Taiwan,TW2066681946,P-CS-BS-003,底盤懸吊臂襯套軸套,73269098,20989,5709.19,6128.97,37452
INV-EU-2024-02098,WO-2024-M10-02098,2024-05-02,France,Taiwan,TW2066761610,P-M10-BN-002,電動車電池模組固定螺母 M10,73181699,35060,596.02,625.82,2682
INV-EU-2024-02104,WO-2024-M10-02104,2024-05-02,France,Taiwan,TW2066151641,P-M10-BN-002,電動車電池模組固定螺母 M10,73181699,26880,456.97,479.82,3550
INV-EU-2024-02111,WO-2024-M12-02111,2024-05-02,Germany,Taiwan,TW2066953707,P-M12-EH-001,高強度引擎汽缸頭螺栓 M12,73181595,10717,683.24,736.83,4523
INV-EU-2024-02114,WO-2024-CS-02114,2024-05-02,Germany,Taiwan,TW2066863895,P-CS-BS-003,底盤懸吊臂襯套軸套,73269098,17886,4865.23,5222.95,24228
INV-EU-2024-02122,WO-2024-CS-02122,2024-05-02,Italy,Taiwan,TW2066941545,P-CS-BS-003,底盤懸吊臂襯套軸套,73269098,48919,13306.15,14284.53,44176
INV-EU-2024-02132,WO-2024-M10-02132,2024-05-02,Italy,Taiwan,TW2066792875,P-M10-BN-002,電動車電池模組固定螺母 M10,73181699,16069,273.19,286.85,1161
INV-EU-2024-02150,WO-2024-M10-02150,2024-05-02,Germany,Taiwan,TW2066493600,P-M10-BN-002,電動車電池模組固定螺母 M10,73181699,23308,396.25,416.06,2496
INV-EU-2024-02153,WO-2024-M10-02153,2024-05-02,Netherlands,Taiwan,TW2066785870,P-M10-BN-002,電動車電池模組固定螺母 M10,73181699,19791,336.46,353.28,1194
INV-EU-2024-02175,WO-2024-M12-02175,2024-05-02,France,Taiwan,TW2066483788,P-M12-EH-001,高強度引擎汽缸頭螺栓 M12,73181595,16959,1081.19,1165.99,4086
INV-EU-2024-02177,WO-2024-M12-02177,2024-05-02,Italy,Taiwan,TW2066154305,P-M12-EH-001,高強度引擎汽缸頭螺栓 M12,73181595,29429,1876.13,2023.28,5816
INV-EU-2024-02180,WO-2024-M12-02180,2024-05-02,Germany,Taiwan,TW2066677408,P-M12-EH-001,高強度引擎汽缸頭螺栓 M12,73181595,19698,1255.81,1354.3,3880
INV-EU-2024-02181,WO-2024-M10-02181,2024-05-02,France,Taiwan,TW2066310260,P-M10-BN-002,電動車電池模組固定螺母 M10,73181699,21238,361.06,379.11,1469
INV-EU-2024-02183,WO-2024-M10-02183,2024-05-02,France,Taiwan,TW2066173736,P-M10-BN-002,電動車電池模組固定螺母 M10,73181699,26635,452.81,475.45,2635
INV-EU-2024-02203,WO-2024-M10-02203,2024-05-02,Spain,Taiwan,TW2066104781,P-M10-BN-002,電動車電池模組固定螺母 M10,73181699,11556,196.46,206.28,1084
INV-EU-2024-02099,WO-2024-M10-02099,2024-05-03,Germany,Taiwan,TW2066534800,P-M10-BN-002,電動車電池模組固定螺母 M10,73181699,40228,683.89,718.08,5245
INV-EU-2024-02108,WO-2024-M10-02108,2024-05-03,Italy,Taiwan,TW2066895455,P-M10-BN-002,電動車電池模組固定螺母 M10,73181699,46895,797.22,837.08,4855
INV-EU-2024-02115,WO-2024-M12-02115,2024-05-03,France,Taiwan,TW2066847889,P-M12-EH-001,高強度引擎汽缸頭螺栓 M12,73181595,25978,1656.12,1786.01,12636
INV-EU-2024-02118,WO-2024-M12-02118,2024-05-03,Italy,Taiwan,TW2066423080,P-M12-EH-001,高強度引擎汽缸頭螺栓 M12,73181595,17795,1134.44,1223.41,4821
INV-EU-2024-02125,WO-2024-M12-02125,2024-05-03,Netherlands,Taiwan,TW2066138432,P-M12-EH-001,高強度引擎汽缸頭螺栓 M12,73181595,16189,1032.09,1113.03,3612
INV-EU-2024-02136,WO-2024-CS-02136,2024-05-03,France,Taiwan,TW2066641502,P-CS-BS-003,底盤懸吊臂襯套軸套,73269098,11121,3025.15,3247.57,17939
INV-EU-2024-02154,WO-2024-CS-02154,2024-05-03,Italy,Taiwan,TW2066258164,P-CS-BS-003,底盤懸吊臂襯套軸套,73269098,16161,4395.97,4719.19,28310
INV-EU-2024-02166,WO-2024-CS-02166,2024-05-03,France,Taiwan,TW2066522738,P-CS-BS-003,底盤懸吊臂襯套軸套,73269098,43899,11940.53,12818.51,86210
INV-EU-2024-02172,WO-2024-CS-02172,2024-05-03,Netherlands,Taiwan,TW2066927593,P-CS-BS-003,底盤懸吊臂襯套軸套,73269098,46092,12537.03,13458.87,41372
INV-EU-2024-02182,WO-2024-M12-02182,2024-05-03,Italy,Taiwan,TW2066301716,P-M12-EH-001,高強度引擎汽缸頭螺栓 M12,73181595,37094,2364.8,2550.27,16695
INV-EU-2024-02188,WO-2024-M12-02188,2024-05-03,Netherlands,Taiwan,TW2066345983,P-M12-EH-001,高強度引擎汽缸頭螺栓 M12,73181595,42933,2737.01,2951.68,20089
INV-EU-2024-02200,WO-2024-M12-02200,2024-05-03,France,Taiwan,TW2066346452,P-M12-EH-001,高強度引擎汽缸頭螺栓 M12,73181595,20587,1312.45,1415.38,7270
INV-EU-2024-02201,WO-2024-M10-02201,2024-05-03,France,Taiwan,TW2066903431,P-M10-BN-002,電動車電池模組固定螺母 M10,73181699,27036,459.62,482.6,2472
INV-EU-2024-02211,WO-2024-CS-02211,2024-05-03,Italy,Taiwan,TW2066505523,P-CS-BS-003,底盤懸吊臂襯套軸套,73269098,39123,10641.68,11424.14,61828
INV-EU-2024-02212,WO-2024-M12-02212,2024-05-03,Germany,Taiwan,TW2066600333,P-M12-EH-001,高強度引擎汽缸頭螺栓 M12,73181595,43403,2767,2984.01,17681
INV-EU-2024-02216,WO-2024-M12-02216,2024-05-03,Spain,Taiwan,TW2066132832,P-M12-EH-001,高強度引擎汽缸頭螺栓 M12,73181595,46516,2965.45,3198.03,18178
INV-EU-2024-02217,WO-2024-CS-02217,2024-05-03,Italy,Taiwan,TW2066269960,P-CS-BS-003,底盤懸吊臂襯套軸套,73269098,11640,3166.18,3398.98,10543
INV-EU-2024-02229,WO-2024-M10-02229,2024-05-03,Germany,Taiwan,TW2066321373,P-M10-BN-002,電動車電池模組固定螺母 M10,73181699,28588,486.01,510.31,2289
INV-EU-2024-02231,WO-2024-M12-02231,2024-05-03,Italy,Taiwan,TW2066232810,P-M12-EH-001,高強度引擎汽缸頭螺栓 M12,73181595,16097,1026.23,1106.71,3407
INV-EU-2024-02233,WO-2024-M12-02233,2024-05-03,France,Taiwan,TW2066598699,P-M12-EH-001,高強度引擎汽缸頭螺栓 M12,73181595,38927,2481.61,2676.24,11043
INV-EU-2024-02236,WO-2024-M10-02236,2024-05-03,Spain,Taiwan,TW2066326204,P-M10-BN-002,電動車電池模組固定螺母 M10,73181699,10549,179.35,188.32,1320
INV-EU-2024-02116,WO-2024-CS-02116,2024-05-04,Germany,Taiwan,TW2066663219,P-CS-BS-003,底盤懸吊臂襯套軸套,73269098,28929,7868.82,8447.4,43435
INV-EU-2024-02119,WO-2024-M10-02119,2024-05-04,Germany,Taiwan,TW2066647013,P-M10-BN-002,電動車電池模組固定螺母 M10,73181699,12402,210.85,221.39,632
INV-EU-2024-02124,WO-2024-M10-02124,2024-05-04,Netherlands,Taiwan,TW2066406046,P-M10-BN-002,電動車電池模組固定螺母 M10,73181699,14544,247.26,259.62,1231
INV-EU-2024-02127,WO-2024-CS-02127,2024-05-04,Spain,Taiwan,TW2066886110,P-CS-BS-003,底盤懸吊臂襯套軸套,73269098,32028,8711.63,9352.19,49830
INV-EU-2024-02129,WO-2024-CS-02129,2024-05-04,France,Taiwan,TW2066571309,P-CS-BS-003,底盤懸吊臂襯套軸套,73269098,31020,8437.7,9058.1,32822
INV-EU-2024-02131,WO-2024-M10-02131,2024-05-04,Italy,Taiwan,TW2066534677,P-M10-BN-002,電動車電池模組固定螺母 M10,73181699,15296,260.04,273.04,1760
INV-EU-2024-02133,WO-2024-CS-02133,2024-05-04,France,Taiwan,TW2066338944,P-CS-BS-003,底盤懸吊臂襯套軸套,73269098,40777,11091.47,11907.01,41814
INV-EU-2024-02142,WO-2024-M10-02142,2024-05-04,Spain,Taiwan,TW2066599745,P-M10-BN-002,電動車電池模組固定螺母 M10,73181699,35271,599.62,629.6,2830
INV-EU-2024-02147,WO-2024-CS-02147,2024-05-04,Germany,Taiwan,TW2066823431,P-CS-BS-003,底盤懸吊臂襯套軸套,73269098,46943,12768.59,13707.45,46477
INV-EU-2024-02148,WO-2024-M10-02148,2024-05-04,Netherlands,Taiwan,TW2066810596,P-M10-BN-002,電動車電池模組固定螺母 M10,73181699,17805,302.69,317.82,920
INV-EU-2024-02159,WO-2024-CS-02159,2024-05-04,Germany,Taiwan,TW2066495896,P-CS-BS-003,底盤懸吊臂襯套軸套,73269098,36685,9978.42,10712.12,64460
INV-EU-2024-02179,WO-2024-CS-02179,2024-05-04,Italy,Taiwan,TW2066294666,P-CS-BS-003,底盤懸吊臂襯套軸套,73269098,29041,7899.28,8480.1,33492
INV-EU-2024-02185,WO-2024-M12-02185,2024-05-04,Netherlands,Taiwan,TW2066321729,P-M12-EH-001,高強度引擎汽缸頭螺栓 M12,73181595,41715,2659.36,2867.93,9626
INV-EU-2024-02191,WO-2024-M10-02191,2024-05-04,Spain,Taiwan,TW2066294839,P-M10-BN-002,電動車電池模組固定螺母 M10,73181699,14934,253.88,266.57,908
INV-EU-2024-02194,WO-2024-M12-02194,2024-05-04,France,Taiwan,TW2066947862,P-M12-EH-001,高強度引擎汽缸頭螺栓 M12,73181595,29285,1866.96,2013.38,11052
INV-EU-2024-02199,WO-2024-M10-02199,2024-05-04,Germany,Taiwan,TW2066631146,P-M10-BN-002,電動車電池模組固定螺母 M10,73181699,12786,217.37,228.24,1658
INV-EU-2024-02204,WO-2024-M10-02204,2024-05-04,Netherlands,Taiwan,TW2066535375,P-M10-BN-002,電動車電池模組固定螺母 M10,73181699,42894,729.21,765.67,4703
INV-EU-2024-02205,WO-2024-M10-02205,2024-05-04,France,Taiwan,TW2066627847,P-M10-BN-002,電動車電池模組固定螺母 M10,73181699,15602,265.25,278.51,1819
INV-EU-2024-02215,WO-2024-M12-02215,2024-05-04,Spain,Taiwan,TW2066322987,P-M12-EH-001,高強度引擎汽缸頭螺栓 M12,73181595,29569,1885.04,2032.88,10047
INV-EU-2024-02222,WO-2024-CS-02222,2024-05-04,Italy,Taiwan,TW2066952625,P-CS-BS-003,底盤懸吊臂襯套軸套,73269098,20257,5510.07,5915.21,30525
INV-EU-2024-02230,WO-2024-M12-02230,2024-05-04,France,Taiwan,TW2066158033,P-M12-EH-001,高強度引擎汽缸頭螺栓 M12,73181595,31837,2029.66,2188.85,7347
INV-EU-2024-02237,WO-2024-CS-02237,2024-05-04,France,Taiwan,TW2066706115,P-CS-BS-003,底盤懸吊臂襯套軸套,73269098,25945,7057.23,7576.13,24700
INV-EU-2024-02246,WO-2024-M12-02246,2024-05-04,Germany,Taiwan,TW2066692028,P-M12-EH-001,高強度引擎汽缸頭螺栓 M12,73181595,47020,2997.53,3232.63,19993
INV-EU-2024-02247,WO-2024-CS-02247,2024-05-04,France,Taiwan,TW2066175264,P-CS-BS-003,底盤懸吊臂襯套軸套,73269098,38055,10351.19,11112.29,78047
INV-EU-2024-02260,WO-2024-M12-02260,2024-05-04,Germany,Taiwan,TW2066423403,P-M12-EH-001,高強度引擎汽缸頭螺栓 M12,73181595,44160,2815.24,3036.04,11824
INV-EU-2024-02134,WO-2024-M12-02134,2024-05-05,Germany,Taiwan,TW2066531462,P-M12-EH-001,高強度引擎汽缸頭螺栓 M12,73181595,47669,3038.96,3277.3,13918
INV-EU-2024-02137,WO-2024-M10-02137,2024-05-05,Italy,Taiwan,TW2066912409,P-M10-BN-002,電動車電池模組固定螺母 M10,73181699,20125,342.14,359.25,1454
INV-EU-2024-02138,WO-2024-M10-02138,2024-05-05,Netherlands,Taiwan,TW2066505528,P-M10-BN-002,電動車電池模組固定螺母 M10,73181699,34075,579.28,608.24,2473
INV-EU-2024-02140,WO-2024-CS-02140,2024-05-05,Germany,Taiwan,TW2066332708,P-CS-BS-003,底盤懸吊臂襯套軸套,73269098,17800,4841.69,5197.69,38539
INV-EU-2024-02155,WO-2024-CS-02155,2024-05-05,Germany,Taiwan,TW2066936712,P-CS-BS-003,底盤懸吊臂襯套軸套,73269098,37245,10130.79,10875.69,67268
INV-EU-2024-02158,WO-2024-M10-02158,2024-05-05,Spain,Taiwan,TW2066283300,P-M10-BN-002,電動車電池模組固定螺母 M10,73181699,14077,239.31,251.28,1586
INV-EU-2024-02160,WO-2024-M10-02160,2024-05-05,Germany,Taiwan,TW2066187725,P-M10-BN-002,電動車電池模組固定螺母 M10,73181699,21772,370.14,388.65,2028
INV-EU-2024-02161,WO-2024-M10-02161,2024-05-05,Germany,Taiwan,TW2066321542,P-M10-BN-002,電動車電池模組固定螺母 M10,73181699,17882,304.01,319.21,1653
INV-EU-2024-02164,WO-2024-CS-02164,2024-05-05,Netherlands,Taiwan,TW2066357934,P-CS-BS-003,底盤懸吊臂襯套軸套,73269098,26619,7240.45,7772.83,29034
INV-EU-2024-02170,WO-2024-M12-02170,2024-05-05,Germany,Taiwan,TW2066128110,P-M12-EH-001,高強度引擎汽缸頭螺栓 M12,73181595,34358,2190.37,2362.16,12178
INV-EU-2024-02176,WO-2024-M12-02176,2024-05-05,France,Taiwan,TW2066287415,P-M12-EH-001,高強度引擎汽缸頭螺栓 M12,73181595,15845,1010.14,1089.37,5778
INV-EU-2024-02189,WO-2024-M12-02189,2024-05-05,Spain,Taiwan,TW2066993161,P-M12-EH-001,高強度引擎汽缸頭螺栓 M12,73181595,37994,2422.12,2612.09,11941
INV-EU-2024-02190,WO-2024-M12-02190,2024-05-05,France,Taiwan,TW2066291899,P-M12-EH-001,高強度引擎汽缸頭螺栓 M12,73181595,12561,800.82,863.63,5950
INV-EU-2024-02198,WO-2024-CS-02198,2024-05-05,Netherlands,Taiwan,TW2066124312,P-CS-BS-003,底盤懸吊臂襯套軸套,73269098,30091,8184.86,8786.68,49518
INV-EU-2024-02202,WO-2024-CS-02202,2024-05-05,France,Taiwan,TW2066429832,P-CS-BS-003,底盤懸吊臂襯套軸套,73269098,28624,7785.86,8358.34,62131
INV-EU-2024-02206,WO-2024-CS-02206,2024-05-05,Germany,Taiwan,TW2066186804,P-CS-BS-003,底盤懸吊臂襯套軸套,73269098,38578,10493.36,11264.92,56139
INV-EU-2024-02209,WO-2024-M10-02209,2024-05-05,France,Taiwan,TW2066368207,P-M10-BN-002,電動車電池模組固定螺母 M10,73181699,27281,463.78,486.97,2810
INV-EU-2024-02213,WO-2024-CS-02213,2024-05-05,France,Taiwan,TW2066724516,P-CS-BS-003,底盤懸吊臂襯套軸套,73269098,21337,5803.69,6230.43,40277
INV-EU-2024-02228,WO-2024-M10-02228,2024-05-05,Netherlands,Taiwan,TW2066986957,P-M10-BN-002,電動車電池模組固定螺母 M10,73181699,47541,808.2,848.61,6198
INV-EU-2024-02232,WO-2024-M12-02232,2024-05-05,Spain,Taiwan,TW2066522902,P-M12-EH-001,高強度引擎汽缸頭螺栓 M12,73181595,13134,837.32,902.99,5986
INV-EU-2024-02238,WO-2024-CS-02238,2024-05-05,Spain,Taiwan,TW2066775489,P-CS-BS-003,底盤懸吊臂襯套軸套,73269098,25088,6824.15,7325.91,21154
INV-EU-2024-02242,WO-2024-M12-02242,2024-05-05,France,Taiwan,TW2066420459,P-M12-EH-001,高強度引擎汽缸頭螺栓 M12,73181595,12705,809.99,873.51,5264
INV-EU-2024-02251,WO-2024-M12-02251,2024-05-05,Netherlands,Taiwan,TW2066819353,P-M12-EH-001,高強度引擎汽缸頭螺栓 M12,73181595,11812,753.05,812.11,4194
INV-EU-2024-02261,WO-2024-CS-02261,2024-05-05,Spain,Taiwan,TW2066393040,P-CS-BS-003,底盤懸吊臂襯套軸套,73269098,30444,8280.77,8889.65,42231
INV-EU-2024-02269,WO-2024-M10-02269,2024-05-05,Germany,Taiwan,TW2066576901,P-M10-BN-002,電動車電池模組固定螺母 M10,73181699,34965,594.41,624.13,3293
INV-EU-2024-02149,WO-2024-M12-02149,2024-05-06,Germany,Taiwan,TW2066513089,P-M12-EH-001,高強度引擎汽缸頭螺栓 M12,73181595,45509,2901.22,3128.76,20511
INV-EU-2024-02163,WO-2024-CS-02163,2024-05-06,Germany,Taiwan,TW2066296388,P-CS-BS-003,底盤懸吊臂襯套軸套,73269098,45800,12457.67,13373.67,37871
INV-EU-2024-02167,WO-2024-M10-02167,2024-05-06,Netherlands,Taiwan,TW2066851871,P-M10-BN-002,電動車電池模組固定螺母 M10,73181699,20442,347.53,364.91,1223
INV-EU-2024-02169,WO-2024-CS-02169,2024-05-06,France,Taiwan,TW2066769781,P-CS-BS-003,底盤懸吊臂襯套軸套,73269098,22171,6030.62,6474.04,37751
INV-EU-2024-02178,WO-2024-M12-02178,2024-05-06,Germany,Taiwan,TW2066580283,P-M12-EH-001,高強度引擎汽缸頭螺栓 M12,73181595,26602,1695.94,1828.95,9683
INV-EU-2024-02196,WO-2024-CS-02196,2024-05-06,France,Taiwan,TW2066119678,P-CS-BS-003,底盤懸吊臂襯套軸套,73269098,48664,13236.72,14210,76243
INV-EU-2024-02197,WO-2024-CS-02197,2024-05-06,Italy,Taiwan,TW2066458970,P-CS-BS-003,底盤懸吊臂襯套軸套,73269098,17477,4753.9,5103.44,35891
INV-EU-2024-02218,WO-2024-CS-02218,2024-05-06,France,Taiwan,TW2066968903,P-CS-BS-003,底盤懸吊臂襯套軸套,73269098,13198,3590.05,3854.01,22222
INV-EU-2024-02221,WO-2024-CS-02221,2024-05-06,Italy,Taiwan,TW2066408291,P-CS-BS-003,底盤懸吊臂襯套軸套,73269098,15969,4343.57,4662.95,20067
INV-EU-2024-02263,WO-2024-CS-02263,2024-05-06,Germany,Taiwan,TW2066961342,P-CS-BS-003,底盤懸吊臂襯套軸套,73269098,43582,11854.36,12726,67332
INV-EU-2024-02267,WO-2024-M10-02267,2024-05-06,Spain,Taiwan,TW2066304293,P-M10-BN-002,電動車電池模組固定螺母 M10,73181699,21349,362.95,381.1,2130
INV-EU-2024-02276,WO-2024-M12-02276,2024-05-06,Spain,Taiwan,TW2066905026,P-M12-EH-001,高強度引擎汽缸頭螺栓 M12,73181595,27987,1784.19,1924.13,10972
INV-EU-2024-02278,WO-2024-M10-02278,2024-05-06,Spain,Taiwan,TW2066660833,P-M10-BN-002,電動車電池模組固定螺母 M10,73181699,17782,302.31,317.43,1535
INV-EU-2024-02281,WO-2024-M10-02281,2024-05-06,Netherlands,Taiwan,TW2066273685,P-M10-BN-002,電動車電池模組固定螺母 M10,73181699,39656,674.16,707.87,2946
INV-EU-2024-02168,WO-2024-M10-02168,2024-05-07,Spain,Taiwan,TW2066265760,P-M10-BN-002,電動車電池模組固定螺母 M10,73181699,33368,567.27,595.63,1911
INV-EU-2024-02174,WO-2024-M12-02174,2024-05-07,Netherlands,Taiwan,TW2066133377,P-M12-EH-001,高強度引擎汽缸頭螺栓 M12,73181595,24135,1538.63,1659.31,8554
INV-EU-2024-02184,WO-2024-M10-02184,2024-05-07,France,Taiwan,TW2066823488,P-M10-BN-002,電動車電池模組固定螺母 M10,73181699,46984,798.74,838.68,5423
INV-EU-2024-02187,WO-2024-M10-02187,2024-05-07,Germany,Taiwan,TW2066793597,P-M10-BN-002,電動車電池模組固定螺母 M10,73181699,19112,324.92,341.17,1894
INV-EU-2024-02223,WO-2024-M12-02223,2024-05-07,Germany,Taiwan,TW2066549017,P-M12-EH-001,高強度引擎汽缸頭螺栓 M12,73181595,30261,1929.2,2080.51,14507
INV-EU-2024-02226,WO-2024-CS-02226,2024-05-07,Netherlands,Taiwan,TW2066130665,P-CS-BS-003,底盤懸吊臂襯套軸套,73269098,31567,8586.29,9217.63,68432
INV-EU-2024-02252,WO-2024-M10-02252,2024-05-07,Spain,Taiwan,TW2066548362,P-M10-BN-002,電動車電池模組固定螺母 M10,73181699,18657,317.17,333.03,2106
INV-EU-2024-02254,WO-2024-M10-02254,2024-05-07,Netherlands,Taiwan,TW2066549605,P-M10-BN-002,電動車電池模組固定螺母 M10,73181699,12308,209.24,219.7,742
INV-EU-2024-02265,WO-2024-CS-02265,2024-05-07,Germany,Taiwan,TW2066682274,P-CS-BS-003,底盤懸吊臂襯套軸套,73269098,46112,12542.7,13464.94,88426
INV-EU-2024-02277,WO-2024-CS-02277,2024-05-07,Germany,Taiwan,TW2066892210,P-CS-BS-003,底盤懸吊臂襯套軸套,73269098,32321,8791.38,9437.8,61539
INV-EU-2024-02284,WO-2024-M10-02284,2024-05-07,Netherlands,Taiwan,TW2066420486,P-M10-BN-002,電動車電池模組固定螺母 M10,73181699,13198,224.37,235.59,1265
INV-EU-2024-02286,WO-2024-CS-02286,2024-05-07,France,Taiwan,TW2066522077,P-CS-BS-003,底盤懸吊臂襯套軸套,73269098,46146,12551.88,13474.8,82089
INV-EU-2024-02287,WO-2024-CS-02287,2024-05-07,Italy,Taiwan,TW2066383777,P-CS-BS-003,底盤懸吊臂襯套軸套,73269098,28343,7709.44,8276.3,40243
INV-EU-2024-02291,WO-2024-M10-02291,2024-05-07,Italy,Taiwan,TW2066615397,P-M10-BN-002,電動車電池模組固定螺母 M10,73181699,23363,397.18,417.04,2387
INV-EU-2024-02300,WO-2024-CS-02300,2024-05-07,Spain,Taiwan,TW2066192360,P-CS-BS-003,底盤懸吊臂襯套軸套,73269098,17671,4806.6,5160.02,23936
INV-EU-2024-02301,WO-2024-CS-02301,2024-05-07,France,Taiwan,TW2066850726,P-CS-BS-003,底盤懸吊臂襯套軸套,73269098,36061,9808.8,10530.02,49926
INV-EU-2024-02173,WO-2024-CS-02173,2024-05-08,France,Taiwan,TW2066154725,P-CS-BS-003,底盤懸吊臂襯套軸套,73269098,42251,11492.35,12337.37,86192
INV-EU-2024-02186,WO-2024-M10-02186,2024-05-08,Netherlands,Taiwan,TW2066164229,P-M10-BN-002,電動車電池模組固定螺母 M10,73181699,40079,681.35,715.42,2425
INV-EU-2024-02193,WO-2024-CS-02193,2024-05-08,France,Taiwan,TW2066464093,P-CS-BS-003,底盤懸吊臂襯套軸套,73269098,35236,9584.25,10288.97,63735
INV-EU-2024-02207,WO-2024-M10-02207,2024-05-08,Italy,Taiwan,TW2066538157,P-M10-BN-002,電動車電池模組固定螺母 M10,73181699,13382,227.5,238.88,1481
INV-EU-2024-02219,WO-2024-M12-02219,2024-05-08,Germany,Taiwan,TW2066973991,P-M12-EH-001,高強度引擎汽缸頭螺栓 M12,73181595,28083,1790.34,1930.75,7573
INV-EU-2024-02220,WO-2024-M10-02220,2024-05-08,Spain,Taiwan,TW2066739038,P-M10-BN-002,電動車電池模組固定螺母 M10,73181699,24382,414.51,435.24,1264
INV-EU-2024-02225,WO-2024-M12-02225,2024-05-08,Germany,Taiwan,TW2066234559,P-M12-EH-001,高強度引擎汽缸頭螺栓 M12,73181595,29441,1876.9,2024.11,8896
INV-EU-2024-02241,WO-2024-M12-02241,2024-05-08,Italy,Taiwan,TW2066754549,P-M12-EH-001,高強度引擎汽缸頭螺栓 M12,73181595,26221,1671.62,1802.72,5115
INV-EU-2024-02243,WO-2024-M12-02243,2024-05-08,Netherlands,Taiwan,TW2066630603,P-M12-EH-001,高強度引擎汽缸頭螺栓 M12,73181595,46696,2976.9,3210.38,19349
INV-EU-2024-02245,WO-2024-M10-02245,2024-05-08,Netherlands,Taiwan,TW2066184990,P-M10-BN-002,電動車電池模組固定螺母 M10,73181699,38598,656.18,688.99,3530
INV-EU-2024-02249,WO-2024-CS-02249,2024-05-08,Spain,Taiwan,TW2066707573,P-CS-BS-003,底盤懸吊臂襯套軸套,73269098,24063,6545.29,7026.55,30828
INV-EU-2024-02259,WO-2024-M12-02259,2024-05-08,Spain,Taiwan,TW2066802712,P-M12-EH-001,高強度引擎汽缸頭螺栓 M12,73181595,45171,2879.66,3105.51,20071
INV-EU-2024-02270,WO-2024-M12-02270,2024-05-08,Spain,Taiwan,TW2066864118,P-M12-EH-001,高強度引擎汽缸頭螺栓 M12,73181595,20880,1331.1,1435.5,7121
INV-EU-2024-02273,WO-2024-M12-02273,2024-05-08,France,Taiwan,TW2066277288,P-M12-EH-001,高強度引擎汽缸頭螺栓 M12,73181595,35989,2294.32,2474.27,13513
INV-EU-2024-02282,WO-2024-M12-02282,2024-05-08,Spain,Taiwan,TW2066223534,P-M12-EH-001,高強度引擎汽缸頭螺栓 M12,73181595,12854,819.45,883.72,4105
INV-EU-2024-02288,WO-2024-M12-02288,2024-05-08,Germany,Taiwan,TW2066606311,P-M12-EH-001,高強度引擎汽缸頭螺栓 M12,73181595,35797,2282.12,2461.11,14354
INV-EU-2024-02295,WO-2024-M10-02295,2024-05-08,Spain,Taiwan,TW2066790200,P-M10-BN-002,電動車電池模組固定螺母 M10,73181699,34058,578.99,607.94,3624
INV-EU-2024-02308,WO-2024-CS-02308,2024-05-08,Germany,Taiwan,TW2066379402,P-CS-BS-003,底盤懸吊臂襯套軸套,73269098,25255,6869.45,7374.55,32423
INV-EU-2024-02313,WO-2024-CS-02313,2024-05-08,Italy,Taiwan,TW2066817261,P-CS-BS-003,底盤懸吊臂襯套軸套,73269098,48620,13224.89,14197.29,73927
INV-EU-2024-02315,WO-2024-M10-02315,2024-05-08,Germany,Taiwan,TW2066997865,P-M10-BN-002,電動車電池模組固定螺母 M10,73181699,16135,274.31,288.03,2158
INV-EU-2024-02319,WO-2024-M10-02319,2024-05-08,Spain,Taiwan,TW2066523056,P-M10-BN-002,電動車電池模組固定螺母 M10,73181699,14972,254.54,267.27,1247
INV-EU-2024-02321,WO-2024-M10-02321,2024-05-08,France,Taiwan,TW2066282894,P-M10-BN-002,電動車電池模組固定螺母 M10,73181699,18072,307.24,322.6,1950
INV-EU-2024-02208,WO-2024-M12-02208,2024-05-09,France,Taiwan,TW2066182851,P-M12-EH-001,高強度引擎汽缸頭螺栓 M12,73181595,19108,1218.16,1313.7,8173
INV-EU-2024-02210,WO-2024-M12-02210,2024-05-09,Netherlands,Taiwan,TW2066617566,P-M12-EH-001,高強度引擎汽缸頭螺栓 M12,73181595,19618,1250.7,1348.79,7979
INV-EU-2024-02214,WO-2024-M10-02214,2024-05-09,Spain,Taiwan,TW2066647985,P-M10-BN-002,電動車電池模組固定螺母 M10,73181699,36301,617.12,647.98,2431
INV-EU-2024-02224,WO-2024-M12-02224,2024-05-09,Spain,Taiwan,TW2066214085,P-M12-EH-001,高強度引擎汽缸頭螺栓 M12,73181595,32395,2065.22,2227.19,8694
INV-EU-2024-02235,WO-2024-M12-02235,2024-05-09,Netherlands,Taiwan,TW2066205959,P-M12-EH-001,高強度引擎汽缸頭螺栓 M12,73181595,23188,1478.29,1594.23,5647
INV-EU-2024-02239,WO-2024-M10-02239,2024-05-09,Italy,Taiwan,TW2066372807,P-M10-BN-002,電動車電池模組固定螺母 M10,73181699,47925,814.73,855.47,5434
INV-EU-2024-02253,WO-2024-M12-02253,2024-05-09,Italy,Taiwan,TW2066782727,P-M12-EH-001,高強度引擎汽缸頭螺栓 M12,73181595,31569,2012.54,2170.38,12819
INV-EU-2024-02258,WO-2024-CS-02258,2024-05-09,Italy,Taiwan,TW2066637925,P-CS-BS-003,底盤懸吊臂襯套軸套,73269098,49632,13500.16,14492.8,53055
INV-EU-2024-02264,WO-2024-M12-02264,2024-05-09,France,Taiwan,TW2066838691,P-M12-EH-001,高強度引擎汽缸頭螺栓 M12,73181595,11474,731.47,788.84,4995
INV-EU-2024-02274,WO-2024-CS-02274,2024-05-09,France,Taiwan,TW2066212617,P-CS-BS-003,底盤懸吊臂襯套軸套,73269098,16041,4363.25,4684.07,13569
INV-EU-2024-02279,WO-2024-CS-02279,2024-05-09,Italy,Taiwan,TW2066970101,P-CS-BS-003,底盤懸吊臂襯套軸套,73269098,39677,10792.37,11585.91,56552
INV-EU-2024-02307,WO-2024-CS-02307,2024-05-09,France,Taiwan,TW2066115867,P-CS-BS-003,底盤懸吊臂襯套軸套,73269098,21621,5880.97,6313.39,45753
INV-EU-2024-02309,WO-2024-CS-02309,2024-05-09,Netherlands,Taiwan,TW2066936213,P-CS-BS-003,底盤懸吊臂襯套軸套,73269098,40919,11130.07,11948.45,83920
INV-EU-2024-02310,WO-2024-M10-02310,2024-05-09,Germany,Taiwan,TW2066666382,P-M10-BN-002,電動車電池模組固定螺母 M10,73181699,44580,757.86,795.75,2819
INV-EU-2024-02311,WO-2024-M12-02311,2024-05-09,Germany,Taiwan,TW2066156403,P-M12-EH-001,高強度引擎汽缸頭螺栓 M12,73181595,43082,2746.48,2961.89,11068
INV-EU-2024-02323,WO-2024-CS-02323,2024-05-09,Netherlands,Taiwan,TW2066531498,P-CS-BS-003,底盤懸吊臂襯套軸套,73269098,23257,6325.93,6791.07,29478
INV-EU-2024-02330,WO-2024-CS-02330,2024-05-09,France,Taiwan,TW2066800478,P-CS-BS-003,底盤懸吊臂襯套軸套,73269098,42144,11463.23,12306.11,88381
INV-EU-2024-02227,WO-2024-CS-02227,2024-05-10,Spain,Taiwan,TW2066458073,P-CS-BS-003,底盤懸吊臂襯套軸套,73269098,36465,9918.72,10648.02,29855
INV-EU-2024-02234,WO-2024-M10-02234,2024-05-10,Germany,Taiwan,TW2066132152,P-M10-BN-002,電動車電池模組固定螺母 M10,73181699,27187,462.18,485.29,2130
INV-EU-2024-02240,WO-2024-M12-02240,2024-05-10,Netherlands,Taiwan,TW2066631159,P-M12-EH-001,高強度引擎汽缸頭螺栓 M12,73181595,35247,2247.03,2423.27,10021
INV-EU-2024-02244,WO-2024-M10-02244,2024-05-10,Germany,Taiwan,TW2066488562,P-M10-BN-002,電動車電池模組固定螺母 M10,73181699,46321,787.47,826.84,2543
INV-EU-2024-02248,WO-2024-M12-02248,2024-05-10,Netherlands,Taiwan,TW2066233226,P-M12-EH-001,高強度引擎汽缸頭螺栓 M12,73181595,47674,3039.24,3277.61,12430
INV-EU-2024-02250,WO-2024-M12-02250,2024-05-10,Netherlands,Taiwan,TW2066469688,P-M12-EH-001,高強度引擎汽缸頭螺栓 M12,73181595,46626,2972.46,3205.59,11562
INV-EU-2024-02268,WO-2024-M10-02268,2024-05-10,Spain,Taiwan,TW2066374759,P-M10-BN-002,電動車電池模組固定螺母 M10,73181699,9993,169.89,178.38,1207
INV-EU-2024-02275,WO-2024-M10-02275,2024-05-10,Italy,Taiwan,TW2066842577,P-M10-BN-002,電動車電池模組固定螺母 M10,73181699,40685,691.65,726.23,3942
INV-EU-2024-02280,WO-2024-M12-02280,2024-05-10,Italy,Taiwan,TW2066594490,P-M12-EH-001,高強度引擎汽缸頭螺栓 M12,73181595,22944,1462.68,1577.4,8234
INV-EU-2024-02290,WO-2024-CS-02290,2024-05-10,Netherlands,Taiwan,TW2066628723,P-CS-BS-003,底盤懸吊臂襯套軸套,73269098,20722,5636.55,6050.99,43965
INV-EU-2024-02293,WO-2024-M10-02293,2024-05-10,Spain,Taiwan,TW2066203403,P-M10-BN-002,電動車電池模組固定螺母 M10,73181699,40057,680.97,715.02,4405
INV-EU-2024-02299,WO-2024-CS-02299,2024-05-10,Germany,Taiwan,TW2066703150,P-CS-BS-003,底盤懸吊臂襯套軸套,73269098,23861,6490.24,6967.46,46015
INV-EU-2024-02305,WO-2024-M12-02305,2024-05-10,Germany,Taiwan,TW2066280840,P-M12-EH-001,高強度引擎汽缸頭螺栓 M12,73181595,26807,1708.99,1843.03,9399
INV-EU-2024-02317,WO-2024-CS-02317,2024-05-10,Germany,Taiwan,TW2066533784,P-CS-BS-003,底盤懸吊臂襯套軸套,73269098,45014,12243.98,13144.26,68321
INV-EU-2024-02322,WO-2024-CS-02322,2024-05-10,Italy,Taiwan,TW2066512141,P-CS-BS-003,底盤懸吊臂襯套軸套,73269098,45162,12284.19,13187.43,38695
INV-EU-2024-02341,WO-2024-M12-02341,2024-05-10,Spain,Taiwan,TW2066596306,P-M12-EH-001,高強度引擎汽缸頭螺栓 M12,73181595,28537,1819.28,1961.96,6858
INV-EU-2024-02255,WO-2024-M10-02255,2024-05-11,Spain,Taiwan,TW2066717235,P-M10-BN-002,電動車電池模組固定螺母 M10,73181699,49488,841.3,883.37,6368
INV-EU-2024-02256,WO-2024-M10-02256,2024-05-11,Germany,Taiwan,TW2066315483,P-M10-BN-002,電動車電池模組固定螺母 M10,73181699,45571,774.72,813.46,5554
INV-EU-2024-02257,WO-2024-M12-02257,2024-05-11,Spain,Taiwan,TW2066631693,P-M12-EH-001,高強度引擎汽缸頭螺栓 M12,73181595,13819,881.02,950.12,6457
INV-EU-2024-02262,WO-2024-CS-02262,2024-05-11,France,Taiwan,TW2066463817,P-CS-BS-003,底盤懸吊臂襯套軸套,73269098,46883,12752.41,13690.07,72433
INV-EU-2024-02266,WO-2024-M10-02266,2024-05-11,Italy,Taiwan,TW2066315394,P-M10-BN-002,電動車電池模組固定螺母 M10,73181699,16175,274.98,288.73,998
INV-EU-2024-02271,WO-2024-M10-02271,2024-05-11,Netherlands,Taiwan,TW2066238466,P-M10-BN-002,電動車電池模組固定螺母 M10,73181699,39405,669.9,703.39,2471
INV-EU-2024-02285,WO-2024-CS-02285,2024-05-11,France,Taiwan,TW2066319818,P-CS-BS-003,底盤懸吊臂襯套軸套,73269098,24555,6679.05,7170.15,53298
INV-EU-2024-02292,WO-2024-CS-02292,2024-05-11,France,Taiwan,TW2066101042,P-CS-BS-003,底盤懸吊臂襯套軸套,73269098,20871,5677.03,6094.45,45132
INV-EU-2024-02296,WO-2024-M10-02296,2024-05-11,France,Taiwan,TW2066177270,P-M10-BN-002,電動車電池模組固定螺母 M10,73181699,28650,487.06,511.41,2664
INV-EU-2024-02303,WO-2024-CS-02303,2024-05-11,Italy,Taiwan,TW2066865565,P-CS-BS-003,底盤懸吊臂襯套軸套,73269098,45018,12245.02,13145.38,69551
INV-EU-2024-02304,WO-2024-CS-02304,2024-05-11,Germany,Taiwan,TW2066661514,P-CS-BS-003,底盤懸吊臂襯套軸套,73269098,39838,10836.17,11632.93,49087
INV-EU-2024-02316,WO-2024-CS-02316,2024-05-11,Netherlands,Taiwan,TW2066240228,P-CS-BS-003,底盤懸吊臂襯套軸套,73269098,28913,7864.47,8442.73,57803
INV-EU-2024-02320,WO-2024-M10-02320,2024-05-11,Germany,Taiwan,TW2066431958,P-M10-BN-002,電動車電池模組固定螺母 M10,73181699,44681,759.58,797.56,5165
INV-EU-2024-02329,WO-2024-CS-02329,2024-05-11,Germany,Taiwan,TW2066290651,P-CS-BS-003,底盤懸吊臂襯套軸套,73269098,41509,11290.58,12120.76,53856
INV-EU-2024-02332,WO-2024-M12-02332,2024-05-11,Germany,Taiwan,TW2066222729,P-M12-EH-001,高強度引擎汽缸頭螺栓 M12,73181595,23881,1522.46,1641.87,5541
INV-EU-2024-02335,WO-2024-M12-02335,2024-05-11,Italy,Taiwan,TW2066233720,P-M12-EH-001,高強度引擎汽缸頭螺栓 M12,73181595,37410,2384.95,2572,13379
INV-EU-2024-02355,WO-2024-M10-02355,2024-05-11,France,Taiwan,TW2066833363,P-M10-BN-002,電動車電池模組固定螺母 M10,73181699,32038,544.66,571.89,3943
INV-EU-2024-02359,WO-2024-CS-02359,2024-05-11,Spain,Taiwan,TW2066338377,P-CS-BS-003,底盤懸吊臂襯套軸套,73269098,12498,3399.64,3649.6,14312
INV-EU-2024-02272,WO-2024-M10-02272,2024-05-12,Netherlands,Taiwan,TW2066252725,P-M10-BN-002,電動車電池模組固定螺母 M10,73181699,17532,298.06,312.96,1445
INV-EU-2024-02283,WO-2024-M12-02283,2024-05-12,Germany,Taiwan,TW2066497460,P-M12-EH-001,高強度引擎汽缸頭螺栓 M12,73181595,18405,1173.32,1265.35,6406
INV-EU-2024-02294,WO-2024-M10-02294,2024-05-12,Netherlands,Taiwan,TW2066187261,P-M10-BN-002,電動車電池模組固定螺母 M10,73181699,35772,608.13,638.54,4299
INV-EU-2024-02297,WO-2024-M10-02297,2024-05-12,Italy,Taiwan,TW2066711414,P-M10-BN-002,電動車電池模組固定螺母 M10,73181699,35099,596.69,626.52,2547
INV-EU-2024-02324,WO-2024-CS-02324,2024-05-12,France,Taiwan,TW2066538486,P-CS-BS-003,底盤懸吊臂襯套軸套,73269098,39518,10748.96,11539.32,68148
INV-EU-2024-02331,WO-2024-M12-02331,2024-05-12,Netherlands,Taiwan,TW2066566519,P-M12-EH-001,高強度引擎汽缸頭螺栓 M12,73181595,19363,1234.42,1331.24,6826
INV-EU-2024-02337,WO-2024-CS-02337,2024-05-12,Netherlands,Taiwan,TW2066892721,P-CS-BS-003,底盤懸吊臂襯套軸套,73269098,38772,10546.04,11321.48,80044
INV-EU-2024-02343,WO-2024-CS-02343,2024-05-12,Spain,Taiwan,TW2066134850,P-CS-BS-003,底盤懸吊臂襯套軸套,73269098,19323,5256.1,5642.56,23862
INV-EU-2024-02345,WO-2024-M12-02345,2024-05-12,Spain,Taiwan,TW2066869038,P-M12-EH-001,高強度引擎汽缸頭螺栓 M12,73181595,37655,2400.55,2588.83,8593
INV-EU-2024-02346,WO-2024-CS-02346,2024-05-12,France,Taiwan,TW2066685797,P-CS-BS-003,底盤懸吊臂襯套軸套,73269098,45969,12503.83,13423.21,66770
INV-EU-2024-02360,WO-2024-CS-02360,2024-05-12,France,Taiwan,TW2066844962,P-CS-BS-003,底盤懸吊臂襯套軸套,73269098,36587,9951.93,10683.67,76629
INV-EU-2024-02289,WO-2024-M10-02289,2024-05-13,Spain,Taiwan,TW2066684716,P-M10-BN-002,電動車電池模組固定螺母 M10,73181699,12931,219.84,230.83,745
INV-EU-2024-02298,WO-2024-M10-02298,2024-05-13,France,Taiwan,TW2066361868,P-M10-BN-002,電動車電池模組固定螺母 M10,73181699,19931,338.83,355.77,2493
INV-EU-2024-02302,WO-2024-M10-02302,2024-05-13,France,Taiwan,TW2066653952,P-M10-BN-002,電動車電池模組固定螺母 M10,73181699,44747,760.71,798.75,3263
INV-EU-2024-02314,WO-2024-M12-02314,2024-05-13,Netherlands,Taiwan,TW2066501686,P-M12-EH-001,高強度引擎汽缸頭螺栓 M12,73181595,30158,1922.58,2073.37,9574
INV-EU-2024-02318,WO-2024-M10-02318,2024-05-13,Spain,Taiwan,TW2066524220,P-M10-BN-002,電動車電池模組固定螺母 M10,73181699,10682,181.61,190.69,1369
INV-EU-2024-02327,WO-2024-CS-02327,2024-05-13,Italy,Taiwan,TW2066325954,P-CS-BS-003,底盤懸吊臂襯套軸套,73269098,23459,6381.08,6850.26,25077
INV-EU-2024-02334,WO-2024-M10-02334,2024-05-13,France,Taiwan,TW2066645112,P-M10-BN-002,電動車電池模組固定螺母 M10,73181699,32083,545.42,572.69,2808
INV-EU-2024-02338,WO-2024-M12-02338,2024-05-13,Italy,Taiwan,TW2066643415,P-M12-EH-001,高強度引擎汽缸頭螺栓 M12,73181595,45059,2872.57,3097.87,9422
INV-EU-2024-02342,WO-2024-M10-02342,2024-05-13,Netherlands,Taiwan,TW2066917528,P-M10-BN-002,電動車電池模組固定螺母 M10,73181699,41660,708.22,743.63,4058
INV-EU-2024-02344,WO-2024-CS-02344,2024-05-13,Spain,Taiwan,TW2066436952,P-CS-BS-003,底盤懸吊臂襯套軸套,73269098,39113,10638.95,11421.21,71174
INV-EU-2024-02351,WO-2024-CS-02351,2024-05-13,Spain,Taiwan,TW2066324943,P-CS-BS-003,底盤懸吊臂襯套軸套,73269098,46167,12557.55,13480.89,87651
INV-EU-2024-02352,WO-2024-M10-02352,2024-05-13,Netherlands,Taiwan,TW2066898516,P-M10-BN-002,電動車電池模組固定螺母 M10,73181699,34971,594.51,624.24,2800
INV-EU-2024-02354,WO-2024-M12-02354,2024-05-13,Germany,Taiwan,TW2066426925,P-M12-EH-001,高強度引擎汽缸頭螺栓 M12,73181595,18890,1204.25,1298.7,3937
INV-EU-2024-02378,WO-2024-M12-02378,2024-05-13,Netherlands,Taiwan,TW2066851013,P-M12-EH-001,高強度引擎汽缸頭螺栓 M12,73181595,41498,2645.56,2853.05,17196
INV-EU-2024-02306,WO-2024-CS-02306,2024-05-14,Spain,Taiwan,TW2066490551,P-CS-BS-003,底盤懸吊臂襯套軸套,73269098,24062,6545,7026.24,49611
INV-EU-2024-02347,WO-2024-M10-02347,2024-05-14,Germany,Taiwan,TW2066382951,P-M10-BN-002,電動車電池模組固定螺母 M10,73181699,41047,697.8,732.69,2365
INV-EU-2024-02353,WO-2024-CS-02353,2024-05-14,Germany,Taiwan,TW2066527703,P-CS-BS-003,底盤懸吊臂襯套軸套,73269098,44606,12132.93,13025.05,59694
INV-EU-2024-02363,WO-2024-CS-02363,2024-05-14,France,Taiwan,TW2066651898,P-CS-BS-003,底盤懸吊臂襯套軸套,73269098,40726,11077.66,11892.18,52286
INV-EU-2024-02372,WO-2024-CS-02372,2024-05-14,Spain,Taiwan,TW2066502426,P-CS-BS-003,底盤懸吊臂襯套軸套,73269098,12573,3419.87,3671.33,18535
INV-EU-2024-02373,WO-2024-CS-02373,2024-05-14,Netherlands,Taiwan,TW2066737841,P-CS-BS-003,底盤懸吊臂襯套軸套,73269098,37304,10146.78,10892.86,65954
INV-EU-2024-02379,WO-2024-M10-02379,2024-05-14,Germany,Taiwan,TW2066330664,P-M10-BN-002,電動車電池模組固定螺母 M10,73181699,22890,389.14,408.6,2630
INV-EU-2024-02392,WO-2024-CS-02392,2024-05-14,Spain,Taiwan,TW2066748629,P-CS-BS-003,底盤懸吊臂襯套軸套,73269098,12370,3364.72,3612.12,23923
INV-EU-2024-02312,WO-2024-CS-02312,2024-05-15,France,Taiwan,TW2066130266,P-CS-BS-003,底盤懸吊臂襯套軸套,73269098,41653,11329.75,12162.81,70017
INV-EU-2024-02325,WO-2024-M10-02325,2024-05-15,Germany,Taiwan,TW2066906629,P-M10-BN-002,電動車電池模組固定螺母 M10,73181699,37669,640.38,672.4,3759
INV-EU-2024-02328,WO-2024-M10-02328,2024-05-15,France,Taiwan,TW2066525982,P-M10-BN-002,電動車電池模組固定螺母 M10,73181699,12458,211.8,222.39,830
INV-EU-2024-02361,WO-2024-CS-02361,2024-05-15,France,Taiwan,TW2066369878,P-CS-BS-003,底盤懸吊臂襯套軸套,73269098,48160,13099.56,14062.76,60257
INV-EU-2024-02367,WO-2024-CS-02367,2024-05-15,Netherlands,Taiwan,TW2066875226,P-CS-BS-003,底盤懸吊臂襯套軸套,73269098,40612,11046.63,11858.87,62192
INV-EU-2024-02368,WO-2024-CS-02368,2024-05-15,France,Taiwan,TW2066200486,P-CS-BS-003,底盤懸吊臂襯套軸套,73269098,32248,8771.6,9416.56,62278
INV-EU-2024-02370,WO-2024-M10-02370,2024-05-15,Spain,Taiwan,TW2066398568,P-M10-BN-002,電動車電池模組固定螺母 M10,73181699,35004,595.07,624.82,4695
INV-EU-2024-02385,WO-2024-CS-02385,2024-05-15,Italy,Taiwan,TW2066521458,P-CS-BS-003,底盤懸吊臂襯套軸套,73269098,34226,9309.55,9994.07,53716
INV-EU-2024-02410,WO-2024-CS-02410,2024-05-15,France,Taiwan,TW2066814290,P-CS-BS-003,底盤懸吊臂襯套軸套,73269098,32841,8932.88,9589.7,27245
INV-EU-2024-02326,WO-2024-M12-02326,2024-05-16,Netherlands,Taiwan,TW2066499708,P-M12-EH-001,高強度引擎汽缸頭螺栓 M12,73181595,43202,2754.13,2970.14,15257
INV-EU-2024-02333,WO-2024-CS-02333,2024-05-16,Netherlands,Taiwan,TW2066811677,P-CS-BS-003,底盤懸吊臂襯套軸套,73269098,42259,11494.53,12339.71,65978
INV-EU-2024-02336,WO-2024-M12-02336,2024-05-16,Germany,Taiwan,TW2066618204,P-M12-EH-001,高強度引擎汽缸頭螺栓 M12,73181595,10296,656.37,707.85,4095
INV-EU-2024-02339,WO-2024-M10-02339,2024-05-16,Germany,Taiwan,TW2066780624,P-M10-BN-002,電動車電池模組固定螺母 M10,73181699,45226,768.85,807.29,5281
INV-EU-2024-02340,WO-2024-CS-02340,2024-05-16,Netherlands,Taiwan,TW2066661860,P-CS-BS-003,底盤懸吊臂襯套軸套,73269098,20094,5465.8,5867.68,31483
INV-EU-2024-02358,WO-2024-M12-02358,2024-05-16,Germany,Taiwan,TW2066844866,P-M12-EH-001,高強度引擎汽缸頭螺栓 M12,73181595,19517,1244.26,1341.85,9331
INV-EU-2024-02364,WO-2024-M12-02364,2024-05-16,Germany,Taiwan,TW2066822360,P-M12-EH-001,高強度引擎汽缸頭螺栓 M12,73181595,15992,1019.51,1099.47,7340
INV-EU-2024-02366,WO-2024-M12-02366,2024-05-16,Netherlands,Taiwan,TW2066557803,P-M12-EH-001,高強度引擎汽缸頭螺栓 M12,73181595,43665,2783.65,3001.97,16312
INV-EU-2024-02391,WO-2024-CS-02391,2024-05-16,France,Taiwan,TW2066744635,P-CS-BS-003,底盤懸吊臂襯套軸套,73269098,44872,12205.29,13102.73,82507
INV-EU-2024-02393,WO-2024-M12-02393,2024-05-16,Spain,Taiwan,TW2066708466,P-M12-EH-001,高強度引擎汽缸頭螺栓 M12,73181595,14538,926.81,999.5,3883
INV-EU-2024-02395,WO-2024-CS-02395,2024-05-16,Italy,Taiwan,TW2066557103,P-CS-BS-003,底盤懸吊臂襯套軸套,73269098,44878,12206.91,13104.47,77758
INV-EU-2024-02407,WO-2024-CS-02407,2024-05-16,Germany,Taiwan,TW2066100654,P-CS-BS-003,底盤懸吊臂襯套軸套,73269098,37029,10072.15,10812.73,67987
INV-EU-2024-02416,WO-2024-M10-02416,2024-05-16,Italy,Taiwan,TW2066869214,P-M10-BN-002,電動車電池模組固定螺母 M10,73181699,16742,284.63,298.86,1500
INV-EU-2024-02417,WO-2024-M12-02417,2024-05-16,Netherlands,Taiwan,TW2066307190,P-M12-EH-001,高強度引擎汽缸頭螺栓 M12,73181595,37037,2361.12,2546.3,13765
INV-EU-2024-02421,WO-2024-CS-02421,2024-05-16,Germany,Taiwan,TW2066102480,P-CS-BS-003,底盤懸吊臂襯套軸套,73269098,30613,8326.75,8939.01,31891
INV-EU-2024-02422,WO-2024-M12-02422,2024-05-16,France,Taiwan,TW2066288317,P-M12-EH-001,高強度引擎汽缸頭螺栓 M12,73181595,24800,1581.01,1705.01,7573
INV-EU-2024-02350,WO-2024-CS-02350,2024-05-17,Netherlands,Taiwan,TW2066541010,P-CS-BS-003,底盤懸吊臂襯套軸套,73269098,43342,11789.28,12656.12,84175
INV-EU-2024-02357,WO-2024-M12-02357,2024-05-17,Netherlands,Taiwan,TW2066388699,P-M12-EH-001,高強度引擎汽缸頭螺栓 M12,73181595,13823,881.22,950.34,5304
INV-EU-2024-02362,WO-2024-CS-02362,2024-05-17,Spain,Taiwan,TW2066310445,P-CS-BS-003,底盤懸吊臂襯套軸套,73269098,22169,6030.14,6473.52,35758
INV-EU-2024-02374,WO-2024-CS-02374,2024-05-17,Spain,Taiwan,TW2066665342,P-CS-BS-003,底盤懸吊臂襯套軸套,73269098,27417,7457.62,8005.96,58094
INV-EU-2024-02387,WO-2024-CS-02387,2024-05-17,Germany,Taiwan,TW2066304185,P-CS-BS-003,底盤懸吊臂襯套軸套,73269098,20092,5465.24,5867.08,21314
INV-EU-2024-02388,WO-2024-M12-02388,2024-05-17,Netherlands,Taiwan,TW2066543625,P-M12-EH-001,高強度引擎汽缸頭螺栓 M12,73181595,30658,1954.46,2107.75,14521
INV-EU-2024-02399,WO-2024-M10-02399,2024-05-17,Spain,Taiwan,TW2066242602,P-M10-BN-002,電動車電池模組固定螺母 M10,73181699,20671,351.41,368.98,2189
INV-EU-2024-02402,WO-2024-M10-02402,2024-05-17,Italy,Taiwan,TW2066467766,P-M10-BN-002,電動車電池模組固定螺母 M10,73181699,41375,703.39,738.56,3481
INV-EU-2024-02423,WO-2024-M12-02423,2024-05-17,Italy,Taiwan,TW2066609290,P-M12-EH-001,高強度引擎汽缸頭螺栓 M12,73181595,27758,1769.63,1908.42,5326
INV-EU-2024-02449,WO-2024-M10-02449,2024-05-17,Spain,Taiwan,TW2066195423,P-M10-BN-002,電動車電池模組固定螺母 M10,73181699,24755,420.85,441.89,2916
INV-EU-2024-02348,WO-2024-CS-02348,2024-05-18,Italy,Taiwan,TW2066693121,P-CS-BS-003,底盤懸吊臂襯套軸套,73269098,16182,4401.64,4725.28,16065
INV-EU-2024-02349,WO-2024-CS-02349,2024-05-18,Germany,Taiwan,TW2066691496,P-CS-BS-003,底盤懸吊臂襯套軸套,73269098,35368,9620.19,10327.55,32516
INV-EU-2024-02356,WO-2024-M12-02356,2024-05-18,Italy,Taiwan,TW2066837974,P-M12-EH-001,高強度引擎汽缸頭螺栓 M12,73181595,16422,1046.95,1129.06,3454
INV-EU-2024-02365,WO-2024-M12-02365,2024-05-18,France,Taiwan,TW2066664948,P-M12-EH-001,高強度引擎汽缸頭螺栓 M12,73181595,24610,1568.91,1691.96,6981
INV-EU-2024-02371,WO-2024-CS-02371,2024-05-18,Netherlands,Taiwan,TW2066103256,P-CS-BS-003,底盤懸吊臂襯套軸套,73269098,31570,8587.15,9218.55,37010
INV-EU-2024-02375,WO-2024-CS-02375,2024-05-18,Germany,Taiwan,TW2066523235,P-CS-BS-003,底盤懸吊臂襯套軸套,73269098,40582,11038.5,11850.14,36978
INV-EU-2024-02376,WO-2024-M12-02376,2024-05-18,Spain,Taiwan,TW2066849795,P-M12-EH-001,高強度引擎汽缸頭螺栓 M12,73181595,14750,940.33,1014.08,7334
INV-EU-2024-02382,WO-2024-M12-02382,2024-05-18,Netherlands,Taiwan,TW2066322686,P-M12-EH-001,高強度引擎汽缸頭螺栓 M12,73181595,32829,2092.85,2256.99,7597
INV-EU-2024-02384,WO-2024-M10-02384,2024-05-18,France,Taiwan,TW2066967447,P-M10-BN-002,電動車電池模組固定螺母 M10,73181699,37524,637.92,669.82,4076
INV-EU-2024-02394,WO-2024-CS-02394,2024-05-18,Spain,Taiwan,TW2066989384,P-CS-BS-003,底盤懸吊臂襯套軸套,73269098,35907,9766.89,10485.03,58894
INV-EU-2024-02401,WO-2024-M12-02401,2024-05-18,Spain,Taiwan,TW2066911806,P-M12-EH-001,高強度引擎汽缸頭螺栓 M12,73181595,11192,713.5,769.46,2632
INV-EU-2024-02403,WO-2024-M10-02403,2024-05-18,Italy,Taiwan,TW2066405200,P-M10-BN-002,電動車電池模組固定螺母 M10,73181699,27765,472.01,495.61,2284
INV-EU-2024-02404,WO-2024-M10-02404,2024-05-18,France,Taiwan,TW2066887314,P-M10-BN-002,電動車電池模組固定螺母 M10,73181699,26185,445.15,467.41,1535
INV-EU-2024-02406,WO-2024-M12-02406,2024-05-18,Italy,Taiwan,TW2066209233,P-M12-EH-001,高強度引擎汽缸頭螺栓 M12,73181595,33217,2117.64,2283.72,15818
INV-EU-2024-02413,WO-2024-M12-02413,2024-05-18,Netherlands,Taiwan,TW2066774296,P-M12-EH-001,高強度引擎汽缸頭螺栓 M12,73181595,37864,2413.89,2603.21,15955
INV-EU-2024-02424,WO-2024-M12-02424,2024-05-18,Spain,Taiwan,TW2066323039,P-M12-EH-001,高強度引擎汽缸頭螺栓 M12,73181595,25108,1600.69,1726.23,6802
INV-EU-2024-02427,WO-2024-CS-02427,2024-05-18,Spain,Taiwan,TW2066787334,P-CS-BS-003,底盤懸吊臂襯套軸套,73269098,45940,12495.69,13414.49,84720
INV-EU-2024-02433,WO-2024-M12-02433,2024-05-18,Netherlands,Taiwan,TW2066302416,P-M12-EH-001,高強度引擎汽缸頭螺栓 M12,73181595,12297,783.98,845.47,4139
INV-EU-2024-02440,WO-2024-M12-02440,2024-05-18,Italy,Taiwan,TW2066540323,P-M12-EH-001,高強度引擎汽缸頭螺栓 M12,73181595,37209,2372.08,2558.13,9203
INV-EU-2024-02444,WO-2024-M12-02444,2024-05-18,France,Taiwan,TW2066443809,P-M12-EH-001,高強度引擎汽缸頭螺栓 M12,73181595,12557,800.54,863.32,4066
INV-EU-2024-02462,WO-2024-M12-02462,2024-05-18,France,Taiwan,TW2066233265,P-M12-EH-001,高強度引擎汽缸頭螺栓 M12,73181595,22832,1455.59,1569.75,6753
INV-EU-2024-02471,WO-2024-CS-02471,2024-05-18,Spain,Taiwan,TW2066571971,P-CS-BS-003,底盤懸吊臂襯套軸套,73269098,20133,5476.3,5878.96,28367
INV-EU-2024-02369,WO-2024-M12-02369,2024-05-19,Italy,Taiwan,TW2066216645,P-M12-EH-001,高強度引擎汽缸頭螺栓 M12,73181595,10699,682.1,735.6,5368
INV-EU-2024-02377,WO-2024-M10-02377,2024-05-19,Netherlands,Taiwan,TW2066823510,P-M10-BN-002,電動車電池模組固定螺母 M10,73181699,30742,522.62,548.75,4008
INV-EU-2024-02381,WO-2024-CS-02381,2024-05-19,Netherlands,Taiwan,TW2066421704,P-CS-BS-003,底盤懸吊臂襯套軸套,73269098,37925,10315.63,11074.13,82112
INV-EU-2024-02383,WO-2024-CS-02383,2024-05-19,Germany,Taiwan,TW2066355485,P-CS-BS-003,底盤懸吊臂襯套軸套,73269098,26521,7213.97,7744.39,48045
INV-EU-2024-02389,WO-2024-M12-02389,2024-05-19,France,Taiwan,TW2066213252,P-M12-EH-001,高強度引擎汽缸頭螺栓 M12,73181595,38265,2439.43,2630.75,12685
INV-EU-2024-02390,WO-2024-CS-02390,2024-05-19,Germany,Taiwan,TW2066766465,P-CS-BS-003,底盤懸吊臂襯套軸套,73269098,17347,4718.53,5065.47,25951
INV-EU-2024-02396,WO-2024-M10-02396,2024-05-19,Italy,Taiwan,TW2066183898,P-M10-BN-002,電動車電池模組固定螺母 M10,73181699,35822,608.98,639.43,3349
INV-EU-2024-02409,WO-2024-M10-02409,2024-05-19,Germany,Taiwan,TW2066399384,P-M10-BN-002,電動車電池模組固定螺母 M10,73181699,39572,672.74,706.38,3182
INV-EU-2024-02411,WO-2024-CS-02411,2024-05-19,Spain,Taiwan,TW2066782805,P-CS-BS-003,底盤懸吊臂襯套軸套,73269098,29869,8124.59,8721.97,26973
INV-EU-2024-02419,WO-2024-CS-02419,2024-05-19,Spain,Taiwan,TW2066778649,P-CS-BS-003,底盤懸吊臂襯套軸套,73269098,10046,2732.57,2933.49,17515
INV-EU-2024-02429,WO-2024-M10-02429,2024-05-19,Spain,Taiwan,TW2066373418,P-M10-BN-002,電動車電池模組固定螺母 M10,73181699,39000,663,696.15,4501
INV-EU-2024-02438,WO-2024-M10-02438,2024-05-19,Spain,Taiwan,TW2066198665,P-M10-BN-002,電動車電池模組固定螺母 M10,73181699,21505,365.6,383.88,1868
INV-EU-2024-02476,WO-2024-M10-02476,2024-05-19,Spain,Taiwan,TW2066456530,P-M10-BN-002,電動車電池模組固定螺母 M10,73181699,49515,841.77,883.86,4722
INV-EU-2024-02477,WO-2024-M10-02477,2024-05-19,Spain,Taiwan,TW2066511706,P-M10-BN-002,電動車電池模組固定螺母 M10,73181699,41302,702.15,737.26,5441
INV-EU-2024-02485,WO-2024-M12-02485,2024-05-19,Netherlands,Taiwan,TW2066100210,P-M12-EH-001,高強度引擎汽缸頭螺栓 M12,73181595,32741,2087.27,2250.97,12356
INV-EU-2024-02488,WO-2024-M10-02488,2024-05-19,Germany,Taiwan,TW2066965541,P-M10-BN-002,電動車電池模組固定螺母 M10,73181699,41514,705.74,741.03,2371
INV-EU-2024-02380,WO-2024-CS-02380,2024-05-20,Italy,Taiwan,TW2066850653,P-CS-BS-003,底盤懸吊臂襯套軸套,73269098,48008,13058.23,14018.39,61634
INV-EU-2024-02386,WO-2024-M10-02386,2024-05-20,Germany,Taiwan,TW2066178093,P-M10-BN-002,電動車電池模組固定螺母 M10,73181699,21455,364.74,382.98,1141
INV-EU-2024-02398,WO-2024-M10-02398,2024-05-20,Netherlands,Taiwan,TW2066824053,P-M10-BN-002,電動車電池模組固定螺母 M10,73181699,10338,175.76,184.55,1140
INV-EU-2024-02412,WO-2024-M10-02412,2024-05-20,Spain,Taiwan,TW2066804841,P-M10-BN-002,電動車電池模組固定螺母 M10,73181699,38910,661.48,694.55,2579
INV-EU-2024-02414,WO-2024-M10-02414,2024-05-20,Italy,Taiwan,TW2066800126,P-M10-BN-002,電動車電池模組固定螺母 M10,73181699,31898,542.28,569.39,4002
INV-EU-2024-02415,WO-2024-CS-02415,2024-05-20,Netherlands,Taiwan,TW2066638125,P-CS-BS-003,底盤懸吊臂襯套軸套,73269098,19320,5255.05,5641.45,29480
INV-EU-2024-02420,WO-2024-M10-02420,2024-05-20,Netherlands,Taiwan,TW2066618392,P-M10-BN-002,電動車電池模組固定螺母 M10,73181699,35722,607.28,637.64,3674
INV-EU-2024-02426,WO-2024-CS-02426,2024-05-20,Netherlands,Taiwan,TW2066657557,P-CS-BS-003,底盤懸吊臂襯套軸套,73269098,14671,3990.74,4284.16,26298
INV-EU-2024-02442,WO-2024-M12-02442,2024-05-20,France,Taiwan,TW2066555975,P-M12-EH-001,高強度引擎汽缸頭螺栓 M12,73181595,36854,2349.47,2533.74,7941
INV-EU-2024-02450,WO-2024-CS-02450,2024-05-20,Spain,Taiwan,TW2066186581,P-CS-BS-003,底盤懸吊臂襯套軸套,73269098,16529,4495.95,4826.53,28639
INV-EU-2024-02451,WO-2024-M12-02451,2024-05-20,Germany,Taiwan,TW2066282436,P-M12-EH-001,高強度引擎汽缸頭螺栓 M12,73181595,31423,2003.26,2160.38,10096
INV-EU-2024-02455,WO-2024-M10-02455,2024-05-20,France,Taiwan,TW2066425929,P-M10-BN-002,電動車電池模組固定螺母 M10,73181699,22290,378.94,397.89,2879
INV-EU-2024-02458,WO-2024-M12-02458,2024-05-20,France,Taiwan,TW2066397091,P-M12-EH-001,高強度引擎汽缸頭螺栓 M12,73181595,13830,881.69,950.84,3359
INV-EU-2024-02464,WO-2024-M12-02464,2024-05-20,Spain,Taiwan,TW2066481958,P-M12-EH-001,高強度引擎汽缸頭螺栓 M12,73181595,19221,1225.34,1321.44,4460
INV-EU-2024-02465,WO-2024-M10-02465,2024-05-20,Italy,Taiwan,TW2066361844,P-M10-BN-002,電動車電池模組固定螺母 M10,73181699,45804,778.68,817.61,2608
INV-EU-2024-02466,WO-2024-M10-02466,2024-05-20,Netherlands,Taiwan,TW2066282138,P-M10-BN-002,電動車電池模組固定螺母 M10,73181699,47073,800.25,840.26,2728
INV-EU-2024-02473,WO-2024-M12-02473,2024-05-20,Germany,Taiwan,TW2066402558,P-M12-EH-001,高強度引擎汽缸頭螺栓 M12,73181595,16676,1063.12,1146.5,3774
INV-EU-2024-02475,WO-2024-M10-02475,2024-05-20,Netherlands,Taiwan,TW2066907212,P-M10-BN-002,電動車電池模組固定螺母 M10,73181699,38242,650.12,682.63,4505
INV-EU-2024-02481,WO-2024-CS-02481,2024-05-20,Netherlands,Taiwan,TW2066805230,P-CS-BS-003,底盤懸吊臂襯套軸套,73269098,41600,11315.47,12147.47,87694
INV-EU-2024-02489,WO-2024-M12-02489,2024-05-20,Spain,Taiwan,TW2066623623,P-M12-EH-001,高強度引擎汽缸頭螺栓 M12,73181595,41976,2676.01,2885.89,11132
INV-EU-2024-02494,WO-2024-CS-02494,2024-05-20,Spain,Taiwan,TW2066275170,P-CS-BS-003,底盤懸吊臂襯套軸套,73269098,43107,11725.24,12587.38,42093
INV-EU-2024-02505,WO-2024-M10-02505,2024-05-20,Italy,Taiwan,TW2066320687,P-M10-BN-002,電動車電池模組固定螺母 M10,73181699,42360,720.13,756.14,5559
INV-EU-2024-02509,WO-2024-CS-02509,2024-05-20,Spain,Taiwan,TW2066627848,P-CS-BS-003,底盤懸吊臂襯套軸套,73269098,22440,6103.83,6552.63,46755
INV-EU-2024-02405,WO-2024-M10-02405,2024-05-21,Germany,Taiwan,TW2066342571,P-M10-BN-002,電動車電池模組固定螺母 M10,73181699,20921,355.66,373.44,1138
INV-EU-2024-02428,WO-2024-CS-02428,2024-05-21,Germany,Taiwan,TW2066651588,P-CS-BS-003,底盤懸吊臂襯套軸套,73269098,15079,4101.51,4403.09,18825
INV-EU-2024-02430,WO-2024-CS-02430,2024-05-21,Italy,Taiwan,TW2066695591,P-CS-BS-003,底盤懸吊臂襯套軸套,73269098,34981,9515.1,10214.72,69745
INV-EU-2024-02461,WO-2024-CS-02461,2024-05-21,Spain,Taiwan,TW2066431417,P-CS-BS-003,底盤懸吊臂襯套軸套,73269098,41562,11304.87,12136.11,57089
INV-EU-2024-02480,WO-2024-CS-02480,2024-05-21,Spain,Taiwan,TW2066650703,P-CS-BS-003,底盤懸吊臂襯套軸套,73269098,32838,8932.13,9588.89,38050
INV-EU-2024-02490,WO-2024-CS-02490,2024-05-21,Italy,Taiwan,TW2066744438,P-CS-BS-003,底盤懸吊臂襯套軸套,73269098,19228,5230.18,5614.74,30178
INV-EU-2024-02504,WO-2024-M12-02504,2024-05-21,Netherlands,Taiwan,TW2066689355,P-M12-EH-001,高強度引擎汽缸頭螺栓 M12,73181595,10383,661.95,713.87,3614
INV-EU-2024-02515,WO-2024-M10-02515,2024-05-21,France,Taiwan,TW2066186142,P-M10-BN-002,電動車電池模組固定螺母 M10,73181699,18272,310.64,326.17,1832
INV-EU-2024-02522,WO-2024-M12-02522,2024-05-21,Netherlands,Taiwan,TW2066127605,P-M12-EH-001,高強度引擎汽缸頭螺栓 M12,73181595,45196,2881.27,3107.25,15126
INV-EU-2024-02397,WO-2024-M12-02397,2024-05-22,France,Taiwan,TW2066100425,P-M12-EH-001,高強度引擎汽缸頭螺栓 M12,73181595,23730,1512.81,1631.46,9681
INV-EU-2024-02400,WO-2024-M10-02400,2024-05-22,Netherlands,Taiwan,TW2066750123,P-M10-BN-002,電動車電池模組固定螺母 M10,73181699,20182,343.1,360.25,2453
INV-EU-2024-02408,WO-2024-CS-02408,2024-05-22,Germany,Taiwan,TW2066900548,P-CS-BS-003,底盤懸吊臂襯套軸套,73269098,12130,3299.37,3541.97,10920
INV-EU-2024-02418,WO-2024-CS-02418,2024-05-22,Spain,Taiwan,TW2066494162,P-CS-BS-003,底盤懸吊臂襯套軸套,73269098,37433,10181.87,10930.53,54269
INV-EU-2024-02432,WO-2024-M10-02432,2024-05-22,Netherlands,Taiwan,TW2066936027,P-M10-BN-002,電動車電池模組固定螺母 M10,73181699,29011,493.2,517.86,3560
INV-EU-2024-02434,WO-2024-CS-02434,2024-05-22,Spain,Taiwan,TW2066197704,P-CS-BS-003,底盤懸吊臂襯套軸套,73269098,15496,4214.93,4524.85,32665
INV-EU-2024-02443,WO-2024-M12-02443,2024-05-22,France,Taiwan,TW2066303316,P-M12-EH-001,高強度引擎汽缸頭螺栓 M12,73181595,43518,2774.3,2991.89,9210
INV-EU-2024-02447,WO-2024-M12-02447,2024-05-22,Italy,Taiwan,TW2066776668,P-M12-EH-001,高強度引擎汽缸頭螺栓 M12,73181595,12454,794,856.27,2898
INV-EU-2024-02448,WO-2024-M10-02448,2024-05-22,Italy,Taiwan,TW2066913556,P-M10-BN-002,電動車電池模組固定螺母 M10,73181699,39272,667.64,701.02,4473
INV-EU-2024-02460,WO-2024-M12-02460,2024-05-22,France,Taiwan,TW2066970587,P-M12-EH-001,高強度引擎汽缸頭螺栓 M12,73181595,44183,2816.67,3037.59,17069
INV-EU-2024-02463,WO-2024-M10-02463,2024-05-22,France,Taiwan,TW2066178336,P-M10-BN-002,電動車電池模組固定螺母 M10,73181699,25656,436.16,457.97,2791
INV-EU-2024-02470,WO-2024-M10-02470,2024-05-22,Italy,Taiwan,TW2066417359,P-M10-BN-002,電動車電池模組固定螺母 M10,73181699,10087,171.49,180.06,636
INV-EU-2024-02474,WO-2024-CS-02474,2024-05-22,Italy,Taiwan,TW2066899080,P-CS-BS-003,底盤懸吊臂襯套軸套,73269098,27132,7380.06,7922.7,55719
INV-EU-2024-02502,WO-2024-M12-02502,2024-05-22,Italy,Taiwan,TW2066471863,P-M12-EH-001,高強度引擎汽缸頭螺栓 M12,73181595,17091,1089.6,1175.05,8193
INV-EU-2024-02535,WO-2024-CS-02535,2024-05-22,France,Taiwan,TW2066162474,P-CS-BS-003,底盤懸吊臂襯套軸套,73269098,35620,9688.87,10401.27,41759
INV-EU-2024-02538,WO-2024-M12-02538,2024-05-22,Germany,Taiwan,TW2066491272,P-M12-EH-001,高強度引擎汽缸頭螺栓 M12,73181595,11352,723.71,780.47,2771
INV-EU-2024-02547,WO-2024-M10-02547,2024-05-22,Germany,Taiwan,TW2066192458,P-M10-BN-002,電動車電池模組固定螺母 M10,73181699,14656,249.16,261.62,1352
INV-EU-2024-02548,WO-2024-M10-02548,2024-05-22,Italy,Taiwan,TW2066499750,P-M10-BN-002,電動車電池模組固定螺母 M10,73181699,37263,633.48,665.15,3300
INV-EU-2024-02556,WO-2024-M10-02556,2024-05-22,Italy,Taiwan,TW2066327776,P-M10-BN-002,電動車電池模組固定螺母 M10,73181699,16575,281.78,295.87,1282
INV-EU-2024-02425,WO-2024-M10-02425,2024-05-23,Italy,Taiwan,TW2066780825,P-M10-BN-002,電動車電池模組固定螺母 M10,73181699,11874,201.87,211.96,1402
INV-EU-2024-02431,WO-2024-M12-02431,2024-05-23,Italy,Taiwan,TW2066736473,P-M12-EH-001,高強度引擎汽缸頭螺栓 M12,73181595,37976,2420.98,2610.86,16583
INV-EU-2024-02435,WO-2024-M12-02435,2024-05-23,Netherlands,Taiwan,TW2066415966,P-M12-EH-001,高強度引擎汽缸頭螺栓 M12,73181595,20554,1310.38,1413.15,7705
INV-EU-2024-02446,WO-2024-M10-02446,2024-05-23,France,Taiwan,TW2066388039,P-M10-BN-002,電動車電池模組固定螺母 M10,73181699,12864,218.69,229.62,813
INV-EU-2024-02452,WO-2024-M12-02452,2024-05-23,Germany,Taiwan,TW2066426769,P-M12-EH-001,高強度引擎汽缸頭螺栓 M12,73181595,18235,1162.53,1253.7,4185
INV-EU-2024-02453,WO-2024-CS-02453,2024-05-23,Spain,Taiwan,TW2066737997,P-CS-BS-003,底盤懸吊臂襯套軸套,73269098,45205,12295.82,13199.92,52134
INV-EU-2024-02456,WO-2024-CS-02456,2024-05-23,Spain,Taiwan,TW2066683839,P-CS-BS-003,底盤懸吊臂襯套軸套,73269098,34335,9339.25,10025.95,67989
INV-EU-2024-02468,WO-2024-M12-02468,2024-05-23,Italy,Taiwan,TW2066717375,P-M12-EH-001,高強度引擎汽缸頭螺栓 M12,73181595,27450,1749.96,1887.21,13054
INV-EU-2024-02469,WO-2024-CS-02469,2024-05-23,Netherlands,Taiwan,TW2066952085,P-CS-BS-003,底盤懸吊臂襯套軸套,73269098,17503,4760.91,5110.97,32136
INV-EU-2024-02479,WO-2024-M12-02479,2024-05-23,Spain,Taiwan,TW2066436085,P-M12-EH-001,高強度引擎汽缸頭螺栓 M12,73181595,29110,1855.8,2001.35,5882
INV-EU-2024-02487,WO-2024-M10-02487,2024-05-23,Italy,Taiwan,TW2066494126,P-M10-BN-002,電動車電池模組固定螺母 M10,73181699,40981,696.68,731.51,2201
INV-EU-2024-02498,WO-2024-M10-02498,2024-05-23,Spain,Taiwan,TW2066328228,P-M10-BN-002,電動車電池模組固定螺母 M10,73181699,23508,399.65,419.63,2997
INV-EU-2024-02499,WO-2024-M10-02499,2024-05-23,France,Taiwan,TW2066504059,P-M10-BN-002,電動車電池模組固定螺母 M10,73181699,26057,442.97,465.12,1488
INV-EU-2024-02512,WO-2024-M10-02512,2024-05-23,Italy,Taiwan,TW2066784759,P-M10-BN-002,電動車電池模組固定螺母 M10,73181699,27370,465.3,488.56,1447
INV-EU-2024-02520,WO-2024-M10-02520,2024-05-23,Spain,Taiwan,TW2066683176,P-M10-BN-002,電動車電池模組固定螺母 M10,73181699,42377,720.41,756.43,4833
INV-EU-2024-02521,WO-2024-M12-02521,2024-05-23,Netherlands,Taiwan,TW2066987592,P-M12-EH-001,高強度引擎汽缸頭螺栓 M12,73181595,40141,2558.99,2759.69,16275
INV-EU-2024-02526,WO-2024-M10-02526,2024-05-23,Spain,Taiwan,TW2066738687,P-M10-BN-002,電動車電池模組固定螺母 M10,73181699,21628,367.68,386.06,1849
INV-EU-2024-02537,WO-2024-M12-02537,2024-05-23,Italy,Taiwan,TW2066421642,P-M12-EH-001,高強度引擎汽缸頭螺栓 M12,73181595,17373,1107.57,1194.43,3400
INV-EU-2024-02543,WO-2024-M10-02543,2024-05-23,Netherlands,Taiwan,TW2066700449,P-M10-BN-002,電動車電池模組固定螺母 M10,73181699,38805,659.69,692.67,2493
INV-EU-2024-02551,WO-2024-CS-02551,2024-05-23,Spain,Taiwan,TW2066269730,P-CS-BS-003,底盤懸吊臂襯套軸套,73269098,20635,5612.99,6025.69,43444
INV-EU-2024-02554,WO-2024-M10-02554,2024-05-23,Italy,Taiwan,TW2066548819,P-M10-BN-002,電動車電池模組固定螺母 M10,73181699,14928,253.79,266.48,1766
INV-EU-2024-02568,WO-2024-CS-02568,2024-05-23,Netherlands,Taiwan,TW2066537817,P-CS-BS-003,底盤懸吊臂襯套軸套,73269098,26769,7281.21,7816.59,42449
INV-EU-2024-02570,WO-2024-CS-02570,2024-05-23,France,Taiwan,TW2066729372,P-CS-BS-003,底盤懸吊臂襯套軸套,73269098,27970,7607.84,8167.24,57667
INV-EU-2024-02572,WO-2024-M12-02572,2024-05-23,France,Taiwan,TW2066125355,P-M12-EH-001,高強度引擎汽缸頭螺栓 M12,73181595,17680,1127.16,1215.56,7044
INV-EU-2024-02576,WO-2024-CS-02576,2024-05-23,Netherlands,Taiwan,TW2066556015,P-CS-BS-003,底盤懸吊臂襯套軸套,73269098,16935,4606.44,4945.14,16030
INV-EU-2024-02436,WO-2024-CS-02436,2024-05-24,Italy,Taiwan,TW2066161679,P-CS-BS-003,底盤懸吊臂襯套軸套,73269098,49145,13367.54,14350.44,55207
INV-EU-2024-02437,WO-2024-M12-02437,2024-05-24,Spain,Taiwan,TW2066663485,P-M12-EH-001,高強度引擎汽缸頭螺栓 M12,73181595,28717,1830.73,1974.32,13730
INV-EU-2024-02439,WO-2024-CS-02439,2024-05-24,Italy,Taiwan,TW2066455673,P-CS-BS-003,底盤懸吊臂襯套軸套,73269098,28001,7616.46,8176.48,40519
INV-EU-2024-02441,WO-2024-M12-02441,2024-05-24,Germany,Taiwan,TW2066673643,P-M12-EH-001,高強度引擎汽缸頭螺栓 M12,73181595,31912,2034.39,2193.95,10883
INV-EU-2024-02445,WO-2024-M12-02445,2024-05-24,Germany,Taiwan,TW2066147574,P-M12-EH-001,高強度引擎汽缸頭螺栓 M12,73181595,36771,2344.18,2528.03,18097
INV-EU-2024-02457,WO-2024-M12-02457,2024-05-24,Netherlands,Taiwan,TW2066386788,P-M12-EH-001,高強度引擎汽缸頭螺栓 M12,73181595,26378,1681.66,1813.55,8778
INV-EU-2024-02459,WO-2024-CS-02459,2024-05-24,France,Taiwan,TW2066251298,P-CS-BS-003,底盤懸吊臂襯套軸套,73269098,38763,10543.6,11318.86,80763
INV-EU-2024-02486,WO-2024-M10-02486,2024-05-24,Italy,Taiwan,TW2066567229,P-M10-BN-002,電動車電池模組固定螺母 M10,73181699,38376,652.4,685.02,3764
INV-EU-2024-02497,WO-2024-M10-02497,2024-05-24,Netherlands,Taiwan,TW2066340086,P-M10-BN-002,電動車電池模組固定螺母 M10,73181699,23352,397,416.85,1421
INV-EU-2024-02501,WO-2024-M10-02501,2024-05-24,France,Taiwan,TW2066158583,P-M10-BN-002,電動車電池模組固定螺母 M10,73181699,36484,620.23,651.24,3200
INV-EU-2024-02518,WO-2024-M12-02518,2024-05-24,Netherlands,Taiwan,TW2066367776,P-M12-EH-001,高強度引擎汽缸頭螺栓 M12,73181595,37044,2361.58,2546.8,13272
INV-EU-2024-02519,WO-2024-CS-02519,2024-05-24,France,Taiwan,TW2066483268,P-CS-BS-003,底盤懸吊臂襯套軸套,73269098,11027,2999.51,3220.05,16077
INV-EU-2024-02525,WO-2024-M10-02525,2024-05-24,Netherlands,Taiwan,TW2066392049,P-M10-BN-002,電動車電池模組固定螺母 M10,73181699,46800,795.61,835.39,3333
INV-EU-2024-02527,WO-2024-CS-02527,2024-05-24,Germany,Taiwan,TW2066323361,P-CS-BS-003,底盤懸吊臂襯套軸套,73269098,48181,13105.43,14069.05,90427
INV-EU-2024-02532,WO-2024-M12-02532,2024-05-24,Italy,Taiwan,TW2066845259,P-M12-EH-001,高強度引擎汽缸頭螺栓 M12,73181595,13823,881.22,950.34,5719
INV-EU-2024-02533,WO-2024-M10-02533,2024-05-24,Germany,Taiwan,TW2066649476,P-M10-BN-002,電動車電池模組固定螺母 M10,73181699,35410,601.98,632.08,3262
INV-EU-2024-02540,WO-2024-M12-02540,2024-05-24,Germany,Taiwan,TW2066520221,P-M12-EH-001,高強度引擎汽缸頭螺栓 M12,73181595,26503,1689.6,1822.12,8312
INV-EU-2024-02574,WO-2024-M12-02574,2024-05-24,Spain,Taiwan,TW2066495206,P-M12-EH-001,高強度引擎汽缸頭螺栓 M12,73181595,38372,2446.24,2638.1,18836
INV-EU-2024-02578,WO-2024-M10-02578,2024-05-24,France,Taiwan,TW2066213925,P-M10-BN-002,電動車電池模組固定螺母 M10,73181699,22317,379.4,398.37,2746
INV-EU-2024-02586,WO-2024-CS-02586,2024-05-24,Italy,Taiwan,TW2066975424,P-CS-BS-003,底盤懸吊臂襯套軸套,73269098,42367,11523.95,12371.29,59694
INV-EU-2024-02454,WO-2024-CS-02454,2024-05-25,Germany,Taiwan,TW2066350811,P-CS-BS-003,底盤懸吊臂襯套軸套,73269098,35906,9766.61,10484.73,43949
INV-EU-2024-02467,WO-2024-M12-02467,2024-05-25,Italy,Taiwan,TW2066908877,P-M12-EH-001,高強度引擎汽缸頭螺栓 M12,73181595,21559,1374.41,1482.21,5593
INV-EU-2024-02472,WO-2024-M12-02472,2024-05-25,Spain,Taiwan,TW2066242816,P-M12-EH-001,高強度引擎汽缸頭螺栓 M12,73181595,19311,1231.11,1327.66,3914
INV-EU-2024-02478,WO-2024-M12-02478,2024-05-25,Germany,Taiwan,TW2066257489,P-M12-EH-001,高強度引擎汽缸頭螺栓 M12,73181595,21149,1348.31,1454.05,5905
INV-EU-2024-02483,WO-2024-M10-02483,2024-05-25,Netherlands,Taiwan,TW2066957663,P-M10-BN-002,電動車電池模組固定螺母 M10,73181699,31321,532.46,559.08,3599
INV-EU-2024-02496,WO-2024-M10-02496,2024-05-25,Italy,Taiwan,TW2066882785,P-M10-BN-002,電動車電池模組固定螺母 M10,73181699,15345,260.88,273.92,1695
INV-EU-2024-02503,WO-2024-CS-02503,2024-05-25,Italy,Taiwan,TW2066562754,P-CS-BS-003,底盤懸吊臂襯套軸套,73269098,40729,11078.51,11893.09,72010
INV-EU-2024-02508,WO-2024-M10-02508,2024-05-25,Netherlands,Taiwan,TW2066125323,P-M10-BN-002,電動車電池模組固定螺母 M10,73181699,12602,214.25,224.96,1249
INV-EU-2024-02523,WO-2024-CS-02523,2024-05-25,Italy,Taiwan,TW2066491194,P-CS-BS-003,底盤懸吊臂襯套軸套,73269098,33848,9206.81,9883.77,35077
INV-EU-2024-02531,WO-2024-M10-02531,2024-05-25,Spain,Taiwan,TW2066666566,P-M10-BN-002,電動車電池模組固定螺母 M10,73181699,25495,433.42,455.09,2691
INV-EU-2024-02541,WO-2024-M12-02541,2024-05-25,Germany,Taiwan,TW2066908491,P-M12-EH-001,高強度引擎汽缸頭螺栓 M12,73181595,33729,2150.25,2318.89,7568
INV-EU-2024-02553,WO-2024-M12-02553,2024-05-25,Spain,Taiwan,TW2066978435,P-M12-EH-001,高強度引擎汽缸頭螺栓 M12,73181595,19302,1230.55,1327.06,6472
INV-EU-2024-02563,WO-2024-M10-02563,2024-05-25,Netherlands,Taiwan,TW2066909120,P-M10-BN-002,電動車電池模組固定螺母 M10,73181699,34648,589.03,618.48,2898
INV-EU-2024-02573,WO-2024-CS-02573,2024-05-25,Germany,Taiwan,TW2066158281,P-CS-BS-003,底盤懸吊臂襯套軸套,73269098,39522,10750,11540.44,42247
INV-EU-2024-02577,WO-2024-CS-02577,2024-05-25,Netherlands,Taiwan,TW2066537712,P-CS-BS-003,底盤懸吊臂襯套軸套,73269098,49343,13421.55,14408.41,83616
INV-EU-2024-02582,WO-2024-M12-02582,2024-05-25,France,Taiwan,TW2066744530,P-M12-EH-001,高強度引擎汽缸頭螺栓 M12,73181595,44269,2822.15,3043.49,21363
INV-EU-2024-02584,WO-2024-M10-02584,2024-05-25,Italy,Taiwan,TW2066415956,P-M10-BN-002,電動車電池模組固定螺母 M10,73181699,33318,566.41,594.73,3273
INV-EU-2024-02589,WO-2024-M10-02589,2024-05-25,Germany,Taiwan,TW2066459873,P-M10-BN-002,電動車電池模組固定螺母 M10,73181699,49110,834.87,876.61,2629
INV-EU-2024-02609,WO-2024-M10-02609,2024-05-25,Netherlands,Taiwan,TW2066903266,P-M10-BN-002,電動車電池模組固定螺母 M10,73181699,38710,658.07,690.97,3178
INV-EU-2024-02482,WO-2024-M12-02482,2024-05-26,Spain,Taiwan,TW2066800724,P-M12-EH-001,高強度引擎汽缸頭螺栓 M12,73181595,21037,1341.12,1446.3,9669
INV-EU-2024-02484,WO-2024-M10-02484,2024-05-26,Netherlands,Taiwan,TW2066755063,P-M10-BN-002,電動車電池模組固定螺母 M10,73181699,49477,841.11,883.17,6072
INV-EU-2024-02491,WO-2024-CS-02491,2024-05-26,Germany,Taiwan,TW2066389817,P-CS-BS-003,底盤懸吊臂襯套軸套,73269098,31078,8453.4,9074.96,59681
INV-EU-2024-02492,WO-2024-CS-02492,2024-05-26,France,Taiwan,TW2066729205,P-CS-BS-003,底盤懸吊臂襯套軸套,73269098,18969,5159.71,5539.09,33950
INV-EU-2024-02493,WO-2024-M10-02493,2024-05-26,Germany,Taiwan,TW2066216840,P-M10-BN-002,電動車電池模組固定螺母 M10,73181699,40724,692.32,726.94,4520
INV-EU-2024-02495,WO-2024-M10-02495,2024-05-26,France,Taiwan,TW2066605890,P-M10-BN-002,電動車電池模組固定螺母 M10,73181699,41419,704.14,739.35,3957
INV-EU-2024-02500,WO-2024-M10-02500,2024-05-26,Italy,Taiwan,TW2066298901,P-M10-BN-002,電動車電池模組固定螺母 M10,73181699,45270,769.6,808.08,4348
INV-EU-2024-02510,WO-2024-M10-02510,2024-05-26,Spain,Taiwan,TW2066485468,P-M10-BN-002,電動車電池模組固定螺母 M10,73181699,23714,403.15,423.31,2140
INV-EU-2024-02511,WO-2024-CS-02511,2024-05-26,Italy,Taiwan,TW2066628288,P-CS-BS-003,底盤懸吊臂襯套軸套,73269098,33389,9082.05,9749.83,62938
INV-EU-2024-02513,WO-2024-CS-02513,2024-05-26,Germany,Taiwan,TW2066219662,P-CS-BS-003,底盤懸吊臂襯套軸套,73269098,19047,5180.8,5561.74,39788
INV-EU-2024-02514,WO-2024-CS-02514,2024-05-26,Germany,Taiwan,TW2066924025,P-CS-BS-003,底盤懸吊臂襯套軸套,73269098,14745,4010.7,4305.6,31764
INV-EU-2024-02517,WO-2024-M12-02517,2024-05-26,Germany,Taiwan,TW2066877837,P-M12-EH-001,高強度引擎汽缸頭螺栓 M12,73181595,33510,2136.27,2303.82,8673
INV-EU-2024-02524,WO-2024-CS-02524,2024-05-26,Italy,Taiwan,TW2066578547,P-CS-BS-003,底盤懸吊臂襯套軸套,73269098,48022,13062.19,14022.63,81246
INV-EU-2024-02534,WO-2024-CS-02534,2024-05-26,Germany,Taiwan,TW2066692123,P-CS-BS-003,底盤懸吊臂襯套軸套,73269098,32232,8767.35,9411.99,31299
INV-EU-2024-02539,WO-2024-CS-02539,2024-05-26,Spain,Taiwan,TW2066736271,P-CS-BS-003,底盤懸吊臂襯套軸套,73269098,11428,3108.67,3337.23,9543
INV-EU-2024-02545,WO-2024-M12-02545,2024-05-26,France,Taiwan,TW2066453021,P-M12-EH-001,高強度引擎汽缸頭螺栓 M12,73181595,25869,1649.21,1778.56,9730
INV-EU-2024-02550,WO-2024-CS-02550,2024-05-26,Germany,Taiwan,TW2066859096,P-CS-BS-003,底盤懸吊臂襯套軸套,73269098,46953,12771.33,13710.39,101276
INV-EU-2024-02559,WO-2024-M10-02559,2024-05-26,Italy,Taiwan,TW2066759346,P-M10-BN-002,電動車電池模組固定螺母 M10,73181699,11796,200.54,210.57,613
INV-EU-2024-02561,WO-2024-M12-02561,2024-05-26,Netherlands,Taiwan,TW2066643747,P-M12-EH-001,高強度引擎汽缸頭螺栓 M12,73181595,44680,2848.35,3071.75,20479
INV-EU-2024-02567,WO-2024-M10-02567,2024-05-26,Netherlands,Taiwan,TW2066946632,P-M10-BN-002,電動車電池模組固定螺母 M10,73181699,20259,344.41,361.63,1673
INV-EU-2024-02571,WO-2024-M10-02571,2024-05-26,Germany,Taiwan,TW2066757609,P-M10-BN-002,電動車電池模組固定螺母 M10,73181699,24838,422.26,443.37,2905
INV-EU-2024-02580,WO-2024-CS-02580,2024-05-26,Netherlands,Taiwan,TW2066438983,P-CS-BS-003,底盤懸吊臂襯套軸套,73269098,24503,6664.95,7155.01,32524
INV-EU-2024-02602,WO-2024-M10-02602,2024-05-26,Germany,Taiwan,TW2066233138,P-M10-BN-002,電動車電池模組固定螺母 M10,73181699,46990,798.84,838.78,5919
INV-EU-2024-02608,WO-2024-M12-02608,2024-05-26,Netherlands,Taiwan,TW2066474463,P-M12-EH-001,高強度引擎汽缸頭螺栓 M12,73181595,35928,2290.45,2470.09,12574
INV-EU-2024-02506,WO-2024-M10-02506,2024-05-27,Netherlands,Taiwan,TW2066648868,P-M10-BN-002,電動車電池模組固定螺母 M10,73181699,44764,761,799.05,5540
INV-EU-2024-02507,WO-2024-CS-02507,2024-05-27,Italy,Taiwan,TW2066800816,P-CS-BS-003,底盤懸吊臂襯套軸套,73269098,34378,9350.88,10038.44,63118
INV-EU-2024-02516,WO-2024-M10-02516,2024-05-27,Spain,Taiwan,TW2066200968,P-M10-BN-002,電動車電池模組固定螺母 M10,73181699,38560,655.53,688.31,4339
INV-EU-2024-02529,WO-2024-CS-02529,2024-05-27,Germany,Taiwan,TW2066775349,P-CS-BS-003,底盤懸吊臂襯套軸套,73269098,27888,7585.7,8143.46,50975
INV-EU-2024-02536,WO-2024-M10-02536,2024-05-27,Italy,Taiwan,TW2066805697,P-M10-BN-002,電動車電池模組固定螺母 M10,73181699,14851,252.47,265.09,1095
INV-EU-2024-02542,WO-2024-M10-02542,2024-05-27,Netherlands,Taiwan,TW2066552875,P-M10-BN-002,電動車電池模組固定螺母 M10,73181699,15112,256.91,269.76,2006
INV-EU-2024-02544,WO-2024-M12-02544,2024-05-27,Netherlands,Taiwan,TW2066333092,P-M12-EH-001,高強度引擎汽缸頭螺栓 M12,73181595,36948,2355.44,2540.18,16864
INV-EU-2024-02549,WO-2024-M10-02549,2024-05-27,Spain,Taiwan,TW2066527754,P-M10-BN-002,電動車電池模組固定螺母 M10,73181699,16814,285.85,300.14,897
INV-EU-2024-02558,WO-2024-CS-02558,2024-05-27,Netherlands,Taiwan,TW2066300136,P-CS-BS-003,底盤懸吊臂襯套軸套,73269098,13748,3739.5,4014.46,14546
INV-EU-2024-02569,WO-2024-CS-02569,2024-05-27,Netherlands,Taiwan,TW2066660886,P-CS-BS-003,底盤懸吊臂襯套軸套,73269098,11201,3046.81,3270.83,14380
INV-EU-2024-02581,WO-2024-M12-02581,2024-05-27,Spain,Taiwan,TW2066770405,P-M12-EH-001,高強度引擎汽缸頭螺栓 M12,73181595,44139,2813.92,3034.62,16573
INV-EU-2024-02588,WO-2024-M10-02588,2024-05-27,Italy,Taiwan,TW2066883162,P-M10-BN-002,電動車電池模組固定螺母 M10,73181699,29222,496.79,521.63,3109
INV-EU-2024-02593,WO-2024-M10-02593,2024-05-27,Germany,Taiwan,TW2066273392,P-M10-BN-002,電動車電池模組固定螺母 M10,73181699,13860,235.63,247.41,765
INV-EU-2024-02596,WO-2024-M10-02596,2024-05-27,Spain,Taiwan,TW2066223152,P-M10-BN-002,電動車電池模組固定螺母 M10,73181699,41464,704.9,740.14,2340
INV-EU-2024-02605,WO-2024-CS-02605,2024-05-27,Spain,Taiwan,TW2066954931,P-CS-BS-003,底盤懸吊臂襯套軸套,73269098,24143,6566.95,7049.81,33425
INV-EU-2024-02611,WO-2024-CS-02611,2024-05-27,Italy,Taiwan,TW2066380387,P-CS-BS-003,底盤懸吊臂襯套軸套,73269098,47695,12973.1,13927,75243
INV-EU-2024-02613,WO-2024-M12-02613,2024-05-27,Germany,Taiwan,TW2066786225,P-M12-EH-001,高強度引擎汽缸頭螺栓 M12,73181595,45180,2880.23,3106.13,17771
INV-EU-2024-02614,WO-2024-CS-02614,2024-05-27,Germany,Taiwan,TW2066705253,P-CS-BS-003,底盤懸吊臂襯套軸套,73269098,31424,8547.43,9175.91,41625
INV-EU-2024-02616,WO-2024-M10-02616,2024-05-27,Spain,Taiwan,TW2066335222,P-M10-BN-002,電動車電池模組固定螺母 M10,73181699,18412,313.01,328.66,1530
INV-EU-2024-02617,WO-2024-M10-02617,2024-05-27,Spain,Taiwan,TW2066911408,P-M10-BN-002,電動車電池模組固定螺母 M10,73181699,16225,275.83,289.62,1539
INV-EU-2024-02627,WO-2024-M12-02627,2024-05-27,Germany,Taiwan,TW2066542419,P-M12-EH-001,高強度引擎汽缸頭螺栓 M12,73181595,31303,1995.6,2152.11,6545
INV-EU-2024-02631,WO-2024-CS-02631,2024-05-27,Italy,Taiwan,TW2066558443,P-CS-BS-003,底盤懸吊臂襯套軸套,73269098,21018,5717.04,6137.4,19838
INV-EU-2024-02641,WO-2024-M10-02641,2024-05-27,Spain,Taiwan,TW2066490693,P-M10-BN-002,電動車電池模組固定螺母 M10,73181699,43829,745.1,782.36,2429
INV-EU-2024-02646,WO-2024-CS-02646,2024-05-27,France,Taiwan,TW2066763163,P-CS-BS-003,底盤懸吊臂襯套軸套,73269098,37787,10278.07,11033.81,71843
INV-EU-2024-02647,WO-2024-M12-02647,2024-05-27,France,Taiwan,TW2066184356,P-M12-EH-001,高強度引擎汽缸頭螺栓 M12,73181595,24457,1559.17,1681.46,10274
INV-EU-2024-02528,WO-2024-M12-02528,2024-05-28,Italy,Taiwan,TW2066207708,P-M12-EH-001,高強度引擎汽缸頭螺栓 M12,73181595,32830,2092.94,2257.09,7576
INV-EU-2024-02530,WO-2024-CS-02530,2024-05-28,France,Taiwan,TW2066669211,P-CS-BS-003,底盤懸吊臂襯套軸套,73269098,49352,13424.01,14411.05,51279
INV-EU-2024-02546,WO-2024-M12-02546,2024-05-28,France,Taiwan,TW2066632501,P-M12-EH-001,高強度引擎汽缸頭螺栓 M12,73181595,26482,1688.28,1820.69,8475
INV-EU-2024-02562,WO-2024-M10-02562,2024-05-28,Germany,Taiwan,TW2066412180,P-M10-BN-002,電動車電池模組固定螺母 M10,73181699,31582,536.9,563.75,1621
INV-EU-2024-02564,WO-2024-M10-02564,2024-05-28,Italy,Taiwan,TW2066925922,P-M10-BN-002,電動車電池模組固定螺母 M10,73181699,40112,681.91,716.01,3566
INV-EU-2024-02565,WO-2024-M12-02565,2024-05-28,France,Taiwan,TW2066129116,P-M12-EH-001,高強度引擎汽缸頭螺栓 M12,73181595,19863,1266.31,1365.63,8395
INV-EU-2024-02575,WO-2024-M10-02575,2024-05-28,Spain,Taiwan,TW2066784147,P-M10-BN-002,電動車電池模組固定螺母 M10,73181699,45649,776.04,814.84,5967
INV-EU-2024-02579,WO-2024-CS-02579,2024-05-28,France,Taiwan,TW2066426257,P-CS-BS-003,底盤懸吊臂襯套軸套,73269098,14219,3867.77,4152.15,23361
INV-EU-2024-02583,WO-2024-M10-02583,2024-05-28,Netherlands,Taiwan,TW2066595728,P-M10-BN-002,電動車電池模組固定螺母 M10,73181699,28455,483.74,507.93,2810
INV-EU-2024-02585,WO-2024-M10-02585,2024-05-28,Italy,Taiwan,TW2066500440,P-M10-BN-002,電動車電池模組固定螺母 M10,73181699,24882,423.01,444.16,2026
INV-EU-2024-02594,WO-2024-CS-02594,2024-05-28,Italy,Taiwan,TW2066700243,P-CS-BS-003,底盤懸吊臂襯套軸套,73269098,17222,4684.48,5028.92,27216
INV-EU-2024-02612,WO-2024-M12-02612,2024-05-28,Spain,Taiwan,TW2066612085,P-M12-EH-001,高強度引擎汽缸頭螺栓 M12,73181595,24389,1554.81,1676.75,11490
INV-EU-2024-02621,WO-2024-M12-02621,2024-05-28,Netherlands,Taiwan,TW2066181316,P-M12-EH-001,高強度引擎汽缸頭螺栓 M12,73181595,28054,1788.45,1928.72,10677
INV-EU-2024-02622,WO-2024-M10-02622,2024-05-28,France,Taiwan,TW2066912488,P-M10-BN-002,電動車電池模組固定螺母 M10,73181699,30235,514.01,539.71,2976
INV-EU-2024-02635,WO-2024-CS-02635,2024-05-28,Spain,Taiwan,TW2066456899,P-CS-BS-003,底盤懸吊臂襯套軸套,73269098,44551,12118.09,13009.11,40353
INV-EU-2024-02639,WO-2024-M10-02639,2024-05-28,Italy,Taiwan,TW2066709889,P-M10-BN-002,電動車電池模組固定螺母 M10,73181699,42104,715.78,751.57,3292
INV-EU-2024-02642,WO-2024-CS-02642,2024-05-28,Netherlands,Taiwan,TW2066258421,P-CS-BS-003,底盤懸吊臂襯套軸套,73269098,35046,9532.69,10233.61,50618
INV-EU-2024-02649,WO-2024-M10-02649,2024-05-28,Spain,Taiwan,TW2066385796,P-M10-BN-002,電動車電池模組固定螺母 M10,73181699,41814,710.85,746.39,4236
INV-EU-2024-02552,WO-2024-M10-02552,2024-05-29,Spain,Taiwan,TW2066358674,P-M10-BN-002,電動車電池模組固定螺母 M10,73181699,34570,587.7,617.09,2456
INV-EU-2024-02555,WO-2024-M12-02555,2024-05-29,Italy,Taiwan,TW2066728876,P-M12-EH-001,高強度引擎汽缸頭螺栓 M12,73181595,45826,2921.47,3150.6,16827
INV-EU-2024-02557,WO-2024-CS-02557,2024-05-29,Spain,Taiwan,TW2066308291,P-CS-BS-003,底盤懸吊臂襯套軸套,73269098,41564,11305.44,12136.72,89991
INV-EU-2024-02597,WO-2024-M10-02597,2024-05-29,Netherlands,Taiwan,TW2066162991,P-M10-BN-002,電動車電池模組固定螺母 M10,73181699,40590,690.04,724.54,3312
INV-EU-2024-02607,WO-2024-M12-02607,2024-05-29,Spain,Taiwan,TW2066924044,P-M12-EH-001,高強度引擎汽缸頭螺栓 M12,73181595,30669,1955.21,2108.55,5885
INV-EU-2024-02615,WO-2024-M12-02615,2024-05-29,Germany,Taiwan,TW2066914415,P-M12-EH-001,高強度引擎汽缸頭螺栓 M12,73181595,45571,2905.2,3133.05,20191
INV-EU-2024-02626,WO-2024-M10-02626,2024-05-29,Germany,Taiwan,TW2066804595,P-M10-BN-002,電動車電池模組固定螺母 M10,73181699,17210,292.57,307.2,1658
INV-EU-2024-02630,WO-2024-M12-02630,2024-05-29,Italy,Taiwan,TW2066555296,P-M12-EH-001,高強度引擎汽缸頭螺栓 M12,73181595,28831,1838.01,1982.16,11083
INV-EU-2024-02648,WO-2024-CS-02648,2024-05-29,Netherlands,Taiwan,TW2066416779,P-CS-BS-003,底盤懸吊臂襯套軸套,73269098,33698,9166.06,9840.02,59854
INV-EU-2024-02651,WO-2024-M12-02651,2024-05-29,Netherlands,Taiwan,TW2066411895,P-M12-EH-001,高強度引擎汽缸頭螺栓 M12,73181595,31622,2015.94,2174.05,14877
INV-EU-2024-02666,WO-2024-M12-02666,2024-05-29,France,Taiwan,TW2066838024,P-M12-EH-001,高強度引擎汽缸頭螺栓 M12,73181595,24613,1569.1,1692.16,8206
INV-EU-2024-02674,WO-2024-M10-02674,2024-05-29,France,Taiwan,TW2066877167,P-M10-BN-002,電動車電池模組固定螺母 M10,73181699,18807,319.72,335.71,2046
INV-EU-2024-02684,WO-2024-M10-02684,2024-05-29,Spain,Taiwan,TW2066374626,P-M10-BN-002,電動車電池模組固定螺母 M10,73181699,36350,617.96,648.86,4449
INV-EU-2024-02686,WO-2024-CS-02686,2024-05-29,France,Taiwan,TW2066345664,P-CS-BS-003,底盤懸吊臂襯套軸套,73269098,32240,8769.52,9414.32,63842
INV-EU-2024-02560,WO-2024-M12-02560,2024-05-30,Germany,Taiwan,TW2066183908,P-M12-EH-001,高強度引擎汽缸頭螺栓 M12,73181595,34076,2172.39,2342.77,9580
INV-EU-2024-02566,WO-2024-M10-02566,2024-05-30,France,Taiwan,TW2066172616,P-M10-BN-002,電動車電池模組固定螺母 M10,73181699,43862,745.66,782.94,3512
INV-EU-2024-02590,WO-2024-CS-02590,2024-05-30,Netherlands,Taiwan,TW2066661891,P-CS-BS-003,底盤懸吊臂襯套軸套,73269098,40330,10969.91,11776.51,68671
INV-EU-2024-02592,WO-2024-CS-02592,2024-05-30,Germany,Taiwan,TW2066763337,P-CS-BS-003,底盤懸吊臂襯套軸套,73269098,42681,11609.35,12462.97,82078
INV-EU-2024-02600,WO-2024-M12-02600,2024-05-30,Germany,Taiwan,TW2066749595,P-M12-EH-001,高強度引擎汽缸頭螺栓 M12,73181595,29485,1879.72,2027.14,6334
INV-EU-2024-02603,WO-2024-M12-02603,2024-05-30,Germany,Taiwan,TW2066909826,P-M12-EH-001,高強度引擎汽缸頭螺栓 M12,73181595,43073,2745.91,2961.27,19935
INV-EU-2024-02610,WO-2024-M12-02610,2024-05-30,France,Taiwan,TW2066971500,P-M12-EH-001,高強度引擎汽缸頭螺栓 M12,73181595,31943,2036.38,2196.1,6475
INV-EU-2024-02620,WO-2024-CS-02620,2024-05-30,Netherlands,Taiwan,TW2066377100,P-CS-BS-003,底盤懸吊臂襯套軸套,73269098,15043,4091.76,4392.62,27251
INV-EU-2024-02634,WO-2024-M10-02634,2024-05-30,Spain,Taiwan,TW2066626968,P-M10-BN-002,電動車電池模組固定螺母 M10,73181699,46634,792.78,832.42,4994
INV-EU-2024-02650,WO-2024-M10-02650,2024-05-30,Netherlands,Taiwan,TW2066196810,P-M10-BN-002,電動車電池模組固定螺母 M10,73181699,47179,802.05,842.15,3881
INV-EU-2024-02652,WO-2024-CS-02652,2024-05-30,Spain,Taiwan,TW2066203164,P-CS-BS-003,底盤懸吊臂襯套軸套,73269098,10854,2952.49,3169.57,9152
INV-EU-2024-02676,WO-2024-CS-02676,2024-05-30,Germany,Taiwan,TW2066412963,P-CS-BS-003,底盤懸吊臂襯套軸套,73269098,11182,3041.7,3265.34,19710
INV-EU-2024-02679,WO-2024-M12-02679,2024-05-30,Spain,Taiwan,TW2066962455,P-M12-EH-001,高強度引擎汽缸頭螺栓 M12,73181595,43196,2753.75,2969.73,17899
INV-EU-2024-02702,WO-2024-M10-02702,2024-05-30,Netherlands,Taiwan,TW2066332559,P-M10-BN-002,電動車電池模組固定螺母 M10,73181699,18450,313.66,329.34,1988
INV-EU-2024-02704,WO-2024-CS-02704,2024-05-30,Spain,Taiwan,TW2066868916,P-CS-BS-003,底盤懸吊臂襯套軸套,73269098,15677,4264.4,4577.94,31513
INV-EU-2024-02706,WO-2024-M12-02706,2024-05-30,Germany,Taiwan,TW2066847042,P-M12-EH-001,高強度引擎汽缸頭螺栓 M12,73181595,17902,1141.26,1230.77,8331
INV-EU-2024-02707,WO-2024-M12-02707,2024-05-30,Italy,Taiwan,TW2066985308,P-M12-EH-001,高強度引擎汽缸頭螺栓 M12,73181595,22568,1438.74,1551.58,10502
INV-EU-2024-02587,WO-2024-CS-02587,2024-05-31,Italy,Taiwan,TW2066354433,P-CS-BS-003,底盤懸吊臂襯套軸套,73269098,27329,7433.61,7980.19,57610
INV-EU-2024-02591,WO-2024-CS-02591,2024-05-31,Netherlands,Taiwan,TW2066574326,P-CS-BS-003,底盤懸吊臂襯套軸套,73269098,30600,8323.23,8935.23,47608
INV-EU-2024-02599,WO-2024-M12-02599,2024-05-31,Spain,Taiwan,TW2066435553,P-M12-EH-001,高強度引擎汽缸頭螺栓 M12,73181595,22234,1417.46,1528.63,8788
INV-EU-2024-02618,WO-2024-M10-02618,2024-05-31,Italy,Taiwan,TW2066740410,P-M10-BN-002,電動車電池模組固定螺母 M10,73181699,36173,614.95,645.7,4095
INV-EU-2024-02623,WO-2024-CS-02623,2024-05-31,Netherlands,Taiwan,TW2066761981,P-CS-BS-003,底盤懸吊臂襯套軸套,73269098,38145,10375.6,11138.5,39531
INV-EU-2024-02638,WO-2024-M12-02638,2024-05-31,Italy,Taiwan,TW2066382086,P-M12-EH-001,高強度引擎汽缸頭螺栓 M12,73181595,47289,3014.73,3251.18,14681
INV-EU-2024-02644,WO-2024-M10-02644,2024-05-31,Italy,Taiwan,TW2066273506,P-M10-BN-002,電動車電池模組固定螺母 M10,73181699,41225,700.84,735.88,2901
INV-EU-2024-02661,WO-2024-CS-02661,2024-05-31,Spain,Taiwan,TW2066346565,P-CS-BS-003,底盤懸吊臂襯套軸套,73269098,28637,7789.37,8362.11,51254
INV-EU-2024-02662,WO-2024-M12-02662,2024-05-31,France,Taiwan,TW2066350476,P-M12-EH-001,高強度引擎汽缸頭螺栓 M12,73181595,28549,1820.04,1962.78,8517
INV-EU-2024-02673,WO-2024-M12-02673,2024-05-31,Italy,Taiwan,TW2066857101,P-M12-EH-001,高強度引擎汽缸頭螺栓 M12,73181595,43862,2796.23,3015.54,9619
INV-EU-2024-02683,WO-2024-M10-02683,2024-05-31,Germany,Taiwan,TW2066930986,P-M10-BN-002,電動車電池模組固定螺母 M10,73181699,36740,624.59,655.82,3884
INV-EU-2024-02694,WO-2024-CS-02694,2024-05-31,France,Taiwan,TW2066502590,P-CS-BS-003,底盤懸吊臂襯套軸套,73269098,24721,6724.16,7218.58,46867
INV-EU-2024-02698,WO-2024-M10-02698,2024-05-31,Germany,Taiwan,TW2066626994,P-M10-BN-002,電動車電池模組固定螺母 M10,73181699,18890,321.14,337.2,1268
INV-EU-2024-02701,WO-2024-CS-02701,2024-05-31,Netherlands,Taiwan,TW2066799821,P-CS-BS-003,底盤懸吊臂襯套軸套,73269098,19889,5409.81,5807.59,24181
INV-EU-2024-02721,WO-2024-M12-02721,2024-05-31,Germany,Taiwan,TW2066733122,P-M12-EH-001,高強度引擎汽缸頭螺栓 M12,73181595,22105,1409.23,1519.76,6426
INV-EU-2024-02723,WO-2024-M10-02723,2024-05-31,France,Taiwan,TW2066125055,P-M10-BN-002,電動車電池模組固定螺母 M10,73181699,11045,187.77,197.16,1151
INV-EU-2024-02725,WO-2024-M12-02725,2024-05-31,Spain,Taiwan,TW2066734174,P-M12-EH-001,高強度引擎汽缸頭螺栓 M12,73181595,35554,2266.62,2444.39,7457
INV-EU-2024-02732,WO-2024-M12-02732,2024-05-31,Italy,Taiwan,TW2066202464,P-M12-EH-001,高強度引擎汽缸頭螺栓 M12,73181595,31667,2018.79,2177.13,15484
INV-EU-2024-02595,WO-2024-M12-02595,2024-06-01,Spain,Taiwan,TW2066769078,P-M12-EH-001,高強度引擎汽缸頭螺栓 M12,73181595,32262,2056.71,2218.02,15487
INV-EU-2024-02598,WO-2024-CS-02598,2024-06-01,Netherlands,Taiwan,TW2066604463,P-CS-BS-003,底盤懸吊臂襯套軸套,73269098,11631,3163.82,3396.44,20280
INV-EU-2024-02601,WO-2024-M10-02601,2024-06-01,Netherlands,Taiwan,TW2066716332,P-M10-BN-002,電動車電池模組固定螺母 M10,73181699,26062,443.07,465.22,2565
INV-EU-2024-02604,WO-2024-CS-02604,2024-06-01,France,Taiwan,TW2066708542,P-CS-BS-003,底盤懸吊臂襯套軸套,73269098,17229,4686.37,5030.95,28961
INV-EU-2024-02606,WO-2024-CS-02606,2024-06-01,France,Taiwan,TW2066559764,P-CS-BS-003,底盤懸吊臂襯套軸套,73269098,43422,11810.84,12679.28,91534
INV-EU-2024-02625,WO-2024-CS-02625,2024-06-01,France,Taiwan,TW2066591514,P-CS-BS-003,底盤懸吊臂襯套軸套,73269098,16490,4485.36,4815.16,13725
INV-EU-2024-02629,WO-2024-M12-02629,2024-06-01,Germany,Taiwan,TW2066134270,P-M12-EH-001,高強度引擎汽缸頭螺栓 M12,73181595,30615,1951.71,2104.78,7787
INV-EU-2024-02632,WO-2024-M10-02632,2024-06-01,Germany,Taiwan,TW2066374545,P-M10-BN-002,電動車電池模組固定螺母 M10,73181699,24967,424.44,445.66,2194
INV-EU-2024-02633,WO-2024-M10-02633,2024-06-01,Italy,Taiwan,TW2066853878,P-M10-BN-002,電動車電池模組固定螺母 M10,73181699,27715,471.16,494.72,1912
INV-EU-2024-02640,WO-2024-M12-02640,2024-06-01,Netherlands,Taiwan,TW2066708800,P-M12-EH-001,高強度引擎汽缸頭螺栓 M12,73181595,38466,2452.21,2644.54,19078
INV-EU-2024-02643,WO-2024-CS-02643,2024-06-01,Italy,Taiwan,TW2066969693,P-CS-BS-003,底盤懸吊臂襯套軸套,73269098,35208,9576.69,10280.85,31411
INV-EU-2024-02645,WO-2024-M10-02645,2024-06-01,Germany,Taiwan,TW2066548188,P-M10-BN-002,電動車電池模組固定螺母 M10,73181699,41892,712.18,747.79,3019
INV-EU-2024-02657,WO-2024-M12-02657,2024-06-01,Germany,Taiwan,TW2066561526,P-M12-EH-001,高強度引擎汽缸頭螺栓 M12,73181595,41988,2676.77,2886.71,18871
INV-EU-2024-02658,WO-2024-M12-02658,2024-06-01,Germany,Taiwan,TW2066669117,P-M12-EH-001,高強度引擎汽缸頭螺栓 M12,73181595,26623,1697.26,1830.38,9861
INV-EU-2024-02659,WO-2024-M10-02659,2024-06-01,Spain,Taiwan,TW2066410932,P-M10-BN-002,電動車電池模組固定螺母 M10,73181699,20977,356.61,374.44,2235
INV-EU-2024-02668,WO-2024-M10-02668,2024-06-01,Germany,Taiwan,TW2066444613,P-M10-BN-002,電動車電池模組固定螺母 M10,73181699,39428,670.28,703.79,4973
INV-EU-2024-02672,WO-2024-M10-02672,2024-06-01,Italy,Taiwan,TW2066279170,P-M10-BN-002,電動車電池模組固定螺母 M10,73181699,20426,347.25,364.61,1503
INV-EU-2024-02677,WO-2024-M12-02677,2024-06-01,Netherlands,Taiwan,TW2066323243,P-M12-EH-001,高強度引擎汽缸頭螺栓 M12,73181595,12327,785.87,847.5,3890
INV-EU-2024-02680,WO-2024-M10-02680,2024-06-01,France,Taiwan,TW2066198798,P-M10-BN-002,電動車電池模組固定螺母 M10,73181699,47813,812.83,853.47,3934
INV-EU-2024-02682,WO-2024-M12-02682,2024-06-01,Germany,Taiwan,TW2066822806,P-M12-EH-001,高強度引擎汽缸頭螺栓 M12,73181595,48876,3115.86,3360.24,10687
INV-EU-2024-02692,WO-2024-CS-02692,2024-06-01,Netherlands,Taiwan,TW2066394512,P-CS-BS-003,底盤懸吊臂襯套軸套,73269098,42953,11683.33,12542.39,90428
INV-EU-2024-02695,WO-2024-M12-02695,2024-06-01,Spain,Taiwan,TW2066207238,P-M12-EH-001,高強度引擎汽缸頭螺栓 M12,73181595,39673,2529.19,2727.56,14947
INV-EU-2024-02700,WO-2024-M12-02700,2024-06-01,Spain,Taiwan,TW2066205658,P-M12-EH-001,高強度引擎汽缸頭螺栓 M12,73181595,19373,1235.08,1331.94,4088
INV-EU-2024-02708,WO-2024-CS-02708,2024-06-01,Italy,Taiwan,TW2066335138,P-CS-BS-003,底盤懸吊臂襯套軸套,73269098,38397,10444.18,11212.12,82195
INV-EU-2024-02749,WO-2024-CS-02749,2024-06-01,Netherlands,Taiwan,TW2066227914,P-CS-BS-003,底盤懸吊臂襯套軸套,73269098,26003,7072.92,7592.98,33879
INV-EU-2024-02752,WO-2024-M12-02752,2024-06-01,Spain,Taiwan,TW2066712118,P-M12-EH-001,高強度引擎汽缸頭螺栓 M12,73181595,26470,1687.52,1819.87,10547
INV-EU-2024-02619,WO-2024-CS-02619,2024-06-02,France,Taiwan,TW2066713845,P-CS-BS-003,底盤懸吊臂襯套軸套,73269098,15887,4321.44,4639.18,24675
INV-EU-2024-02624,WO-2024-M12-02624,2024-06-02,Netherlands,Taiwan,TW2066234691,P-M12-EH-001,高強度引擎汽缸頭螺栓 M12,73181595,36879,2351.08,2535.47,10838
INV-EU-2024-02628,WO-2024-M10-02628,2024-06-02,Germany,Taiwan,TW2066915807,P-M10-BN-002,電動車電池模組固定螺母 M10,73181699,37108,630.84,662.38,2346
INV-EU-2024-02653,WO-2024-M12-02653,2024-06-02,Netherlands,Taiwan,TW2066478437,P-M12-EH-001,高強度引擎汽缸頭螺栓 M12,73181595,31883,2032.6,2192.01,10345
INV-EU-2024-02681,WO-2024-M10-02681,2024-06-02,Spain,Taiwan,TW2066404021,P-M10-BN-002,電動車電池模組固定螺母 M10,73181699,26619,452.53,475.16,2375
INV-EU-2024-02689,WO-2024-CS-02689,2024-06-02,Spain,Taiwan,TW2066376227,P-CS-BS-003,底盤懸吊臂襯套軸套,73269098,15486,4212.27,4521.99,29317
INV-EU-2024-02691,WO-2024-M10-02691,2024-06-02,Netherlands,Taiwan,TW2066276585,P-M10-BN-002,電動車電池模組固定螺母 M10,73181699,32238,548.06,575.46,2241
INV-EU-2024-02718,WO-2024-M12-02718,2024-06-02,France,Taiwan,TW2066772530,P-M12-EH-001,高強度引擎汽缸頭螺栓 M12,73181595,36833,2348.15,2532.32,14441
INV-EU-2024-02722,WO-2024-M10-02722,2024-06-02,Italy,Taiwan,TW2066598755,P-M10-BN-002,電動車電池模組固定螺母 M10,73181699,12302,209.14,219.6,1097
INV-EU-2024-02740,WO-2024-M12-02740,2024-06-02,Italy,Taiwan,TW2066507908,P-M12-EH-001,高強度引擎汽缸頭螺栓 M12,73181595,41814,2665.69,2874.76,15514
INV-EU-2024-02746,WO-2024-CS-02746,2024-06-02,Spain,Taiwan,TW2066287159,P-CS-BS-003,底盤懸吊臂襯套軸套,73269098,30621,8329.1,8941.52,47975
INV-EU-2024-02636,WO-2024-M12-02636,2024-06-03,France,Taiwan,TW2066581386,P-M12-EH-001,高強度引擎汽缸頭螺栓 M12,73181595,22877,1458.42,1572.81,9406
INV-EU-2024-02637,WO-2024-M10-02637,2024-06-03,Italy,Taiwan,TW2066139850,P-M10-BN-002,電動車電池模組固定螺母 M10,73181699,49338,838.76,880.7,5426
INV-EU-2024-02655,WO-2024-CS-02655,2024-06-03,France,Taiwan,TW2066936570,P-CS-BS-003,底盤懸吊臂襯套軸套,73269098,44573,12124.04,13015.5,96022
INV-EU-2024-02669,WO-2024-M12-02669,2024-06-03,France,Taiwan,TW2066886466,P-M12-EH-001,高強度引擎汽缸頭螺栓 M12,73181595,31425,2003.36,2160.48,10217
INV-EU-2024-02670,WO-2024-M10-02670,2024-06-03,France,Taiwan,TW2066826109,P-M10-BN-002,電動車電池模組固定螺母 M10,73181699,35360,601.13,631.19,3546
INV-EU-2024-02675,WO-2024-M10-02675,2024-06-03,Netherlands,Taiwan,TW2066109807,P-M10-BN-002,電動車電池模組固定螺母 M10,73181699,47874,813.87,854.56,2596
INV-EU-2024-02687,WO-2024-M10-02687,2024-06-03,France,Taiwan,TW2066454636,P-M10-BN-002,電動車電池模組固定螺母 M10,73181699,45554,774.43,813.15,3725
INV-EU-2024-02710,WO-2024-CS-02710,2024-06-03,Netherlands,Taiwan,TW2066138475,P-CS-BS-003,底盤懸吊臂襯套軸套,73269098,26844,7301.74,7838.62,32711
INV-EU-2024-02713,WO-2024-M10-02713,2024-06-03,Spain,Taiwan,TW2066221264,P-M10-BN-002,電動車電池模組固定螺母 M10,73181699,15157,257.67,270.55,1267
INV-EU-2024-02715,WO-2024-M12-02715,2024-06-03,Netherlands,Taiwan,TW2066743539,P-M12-EH-001,高強度引擎汽缸頭螺栓 M12,73181595,25148,1603.24,1728.98,7406
INV-EU-2024-02717,WO-2024-CS-02717,2024-06-03,Spain,Taiwan,TW2066974014,P-CS-BS-003,底盤懸吊臂襯套軸套,73269098,25808,7019.95,7536.11,50894
INV-EU-2024-02727,WO-2024-M12-02727,2024-06-03,France,Taiwan,TW2066274014,P-M12-EH-001,高強度引擎汽缸頭螺栓 M12,73181595,45367,2892.15,3118.99,10961
INV-EU-2024-02737,WO-2024-CS-02737,2024-06-03,Germany,Taiwan,TW2066591728,P-CS-BS-003,底盤懸吊臂襯套軸套,73269098,25099,6827.07,7329.05,31814
INV-EU-2024-02741,WO-2024-CS-02741,2024-06-03,Netherlands,Taiwan,TW2066990411,P-CS-BS-003,底盤懸吊臂襯套軸套,73269098,24321,6615.58,7102,43861
INV-EU-2024-02762,WO-2024-M10-02762,2024-06-03,Italy,Taiwan,TW2066400102,P-M10-BN-002,電動車電池模組固定螺母 M10,73181699,13098,222.67,233.8,1166
INV-EU-2024-02763,WO-2024-M10-02763,2024-06-03,France,Taiwan,TW2066148406,P-M10-BN-002,電動車電池模組固定螺母 M10,73181699,38187,649.19,681.65,3025
INV-EU-2024-02764,WO-2024-M10-02764,2024-06-03,Spain,Taiwan,TW2066143400,P-M10-BN-002,電動車電池模組固定螺母 M10,73181699,12213,207.63,218.01,1206
INV-EU-2024-02765,WO-2024-M10-02765,2024-06-03,Germany,Taiwan,TW2066776915,P-M10-BN-002,電動車電池模組固定螺母 M10,73181699,27604,469.27,492.73,3059
INV-EU-2024-02772,WO-2024-M10-02772,2024-06-03,Spain,Taiwan,TW2066647978,P-M10-BN-002,電動車電池模組固定螺母 M10,73181699,28755,488.85,513.29,2165
INV-EU-2024-02775,WO-2024-CS-02775,2024-06-03,Germany,Taiwan,TW2066872348,P-CS-BS-003,底盤懸吊臂襯套軸套,73269098,35163,9564.57,10267.83,57196
INV-EU-2024-02654,WO-2024-M10-02654,2024-06-04,Spain,Taiwan,TW2066895639,P-M10-BN-002,電動車電池模組固定螺母 M10,73181699,28177,479.01,502.96,1484
INV-EU-2024-02656,WO-2024-CS-02656,2024-06-04,Netherlands,Taiwan,TW2066586983,P-CS-BS-003,底盤懸吊臂襯套軸套,73269098,12146,3303.72,3546.64,16782
INV-EU-2024-02660,WO-2024-M10-02660,2024-06-04,Italy,Taiwan,TW2066475788,P-M10-BN-002,電動車電池模組固定螺母 M10,73181699,34292,582.97,612.12,2145
INV-EU-2024-02663,WO-2024-CS-02663,2024-06-04,Italy,Taiwan,TW2066579293,P-CS-BS-003,底盤懸吊臂襯套軸套,73269098,43461,11821.44,12690.66,69982
INV-EU-2024-02664,WO-2024-M12-02664,2024-06-04,Germany,Taiwan,TW2066977256,P-M12-EH-001,高強度引擎汽缸頭螺栓 M12,73181595,19995,1274.72,1374.69,6118
INV-EU-2024-02665,WO-2024-M12-02665,2024-06-04,France,Taiwan,TW2066424060,P-M12-EH-001,高強度引擎汽缸頭螺栓 M12,73181595,41160,2623.98,2829.78,16163
INV-EU-2024-02667,WO-2024-M10-02667,2024-06-04,Spain,Taiwan,TW2066245490,P-M10-BN-002,電動車電池模組固定螺母 M10,73181699,48125,818.13,859.04,3575
INV-EU-2024-02685,WO-2024-CS-02685,2024-06-04,Netherlands,Taiwan,TW2066464326,P-CS-BS-003,底盤懸吊臂襯套軸套,73269098,46860,12746.18,13683.38,77751
INV-EU-2024-02688,WO-2024-M12-02688,2024-06-04,Italy,Taiwan,TW2066736310,P-M12-EH-001,高強度引擎汽缸頭螺栓 M12,73181595,25730,1640.32,1768.97,11400
INV-EU-2024-02696,WO-2024-M12-02696,2024-06-04,France,Taiwan,TW2066215691,P-M12-EH-001,高強度引擎汽缸頭螺栓 M12,73181595,46494,2964.04,3196.51,15650
INV-EU-2024-02703,WO-2024-CS-02703,2024-06-04,France,Taiwan,TW2066437694,P-CS-BS-003,底盤懸吊臂襯套軸套,73269098,44082,11990.57,12872.21,91488
INV-EU-2024-02709,WO-2024-CS-02709,2024-06-04,France,Taiwan,TW2066512792,P-CS-BS-003,底盤懸吊臂襯套軸套,73269098,18231,4958.99,5323.61,33919
INV-EU-2024-02719,WO-2024-M12-02719,2024-06-04,Spain,Taiwan,TW2066279950,P-M12-EH-001,高強度引擎汽缸頭螺栓 M12,73181595,41706,2658.8,2867.33,10821
INV-EU-2024-02720,WO-2024-M12-02720,2024-06-04,Netherlands,Taiwan,TW2066338548,P-M12-EH-001,高強度引擎汽缸頭螺栓 M12,73181595,10497,669.24,721.73,3540
INV-EU-2024-02724,WO-2024-M10-02724,2024-06-04,Italy,Taiwan,TW2066838926,P-M10-BN-002,電動車電池模組固定螺母 M10,73181699,26168,444.86,467.1,1694
INV-EU-2024-02728,WO-2024-M12-02728,2024-06-04,Spain,Taiwan,TW2066152134,P-M12-EH-001,高強度引擎汽缸頭螺栓 M12,73181595,46297,2951.46,3182.95,11923
INV-EU-2024-02736,WO-2024-M12-02736,2024-06-04,France,Taiwan,TW2066118034,P-M12-EH-001,高強度引擎汽缸頭螺栓 M12,73181595,19542,1245.86,1343.57,9755
INV-EU-2024-02753,WO-2024-CS-02753,2024-06-04,Germany,Taiwan,TW2066803524,P-CS-BS-003,底盤懸吊臂襯套軸套,73269098,41296,11232.52,12058.44,77841
INV-EU-2024-02773,WO-2024-M10-02773,2024-06-04,Italy,Taiwan,TW2066231890,P-M10-BN-002,電動車電池模組固定螺母 M10,73181699,41771,710.11,745.62,3515
INV-EU-2024-02784,WO-2024-M12-02784,2024-06-04,Germany,Taiwan,TW2066412440,P-M12-EH-001,高強度引擎汽缸頭螺栓 M12,73181595,37637,2399.42,2587.61,8038
INV-EU-2024-02793,WO-2024-M12-02793,2024-06-04,Netherlands,Taiwan,TW2066144661,P-M12-EH-001,高強度引擎汽缸頭螺栓 M12,73181595,46417,2959.12,3191.2,9646
INV-EU-2024-02671,WO-2024-CS-02671,2024-06-05,Germany,Taiwan,TW2066161441,P-CS-BS-003,底盤懸吊臂襯套軸套,73269098,32890,8946.13,9603.93,47325
INV-EU-2024-02678,WO-2024-M10-02678,2024-06-05,Italy,Taiwan,TW2066200372,P-M10-BN-002,電動車電池模組固定螺母 M10,73181699,38677,657.51,690.39,3419
INV-EU-2024-02690,WO-2024-M10-02690,2024-06-05,Italy,Taiwan,TW2066739979,P-M10-BN-002,電動車電池模組固定螺母 M10,73181699,45793,778.49,817.41,4437
INV-EU-2024-02693,WO-2024-M10-02693,2024-06-05,France,Taiwan,TW2066254125,P-M10-BN-002,電動車電池模組固定螺母 M10,73181699,26663,453.28,475.94,1613
INV-EU-2024-02697,WO-2024-CS-02697,2024-06-05,Spain,Taiwan,TW2066354738,P-CS-BS-003,底盤懸吊臂襯套軸套,73269098,35874,9757.73,10475.21,75036
INV-EU-2024-02714,WO-2024-M10-02714,2024-06-05,Netherlands,Taiwan,TW2066808582,P-M10-BN-002,電動車電池模組固定螺母 M10,73181699,24304,413.18,433.84,1450
INV-EU-2024-02716,WO-2024-M10-02716,2024-06-05,Netherlands,Taiwan,TW2066951453,P-M10-BN-002,電動車電池模組固定螺母 M10,73181699,30085,511.46,537.03,3191
INV-EU-2024-02726,WO-2024-M10-02726,2024-06-05,Spain,Taiwan,TW2066126562,P-M10-BN-002,電動車電池模組固定螺母 M10,73181699,32211,547.6,574.98,1697
INV-EU-2024-02730,WO-2024-CS-02730,2024-06-05,Germany,Taiwan,TW2066876471,P-CS-BS-003,底盤懸吊臂襯套軸套,73269098,39366,10707.81,11495.13,58143
INV-EU-2024-02733,WO-2024-CS-02733,2024-06-05,Spain,Taiwan,TW2066786921,P-CS-BS-003,底盤懸吊臂襯套軸套,73269098,34424,9363.57,10052.05,45132
INV-EU-2024-02734,WO-2024-M10-02734,2024-06-05,Germany,Taiwan,TW2066617527,P-M10-BN-002,電動車電池模組固定螺母 M10,73181699,44758,760.9,798.94,5470
INV-EU-2024-02739,WO-2024-M12-02739,2024-06-05,Spain,Taiwan,TW2066424525,P-M12-EH-001,高強度引擎汽缸頭螺栓 M12,73181595,23436,1494.08,1611.26,6200
INV-EU-2024-02742,WO-2024-M10-02742,2024-06-05,Spain,Taiwan,TW2066842750,P-M10-BN-002,電動車電池模組固定螺母 M10,73181699,23075,392.28,411.89,3004
INV-EU-2024-02744,WO-2024-CS-02744,2024-06-05,France,Taiwan,TW2066395124,P-CS-BS-003,底盤懸吊臂襯套軸套,73269098,15348,4174.72,4481.68,33105
INV-EU-2024-02745,WO-2024-M12-02745,2024-06-05,Spain,Taiwan,TW2066987530,P-M12-EH-001,高強度引擎汽缸頭螺栓 M12,73181595,29266,1865.73,2012.06,13395
INV-EU-2024-02748,WO-2024-M12-02748,2024-06-05,France,Taiwan,TW2066496820,P-M12-EH-001,高強度引擎汽缸頭螺栓 M12,73181595,13032,830.81,895.97,4619
INV-EU-2024-02754,WO-2024-M12-02754,2024-06-05,Netherlands,Taiwan,TW2066523907,P-M12-EH-001,高強度引擎汽缸頭螺栓 M12,73181595,28659,1827.04,1970.34,7235
INV-EU-2024-02759,WO-2024-M10-02759,2024-06-05,France,Taiwan,TW2066760893,P-M10-BN-002,電動車電池模組固定螺母 M10,73181699,36372,618.34,649.26,2714
INV-EU-2024-02761,WO-2024-CS-02761,2024-06-05,Netherlands,Taiwan,TW2066735485,P-CS-BS-003,底盤懸吊臂襯套軸套,73269098,46836,12739.64,13676.36,92871
INV-EU-2024-02766,WO-2024-CS-02766,2024-06-05,Netherlands,Taiwan,TW2066586856,P-CS-BS-003,底盤懸吊臂襯套軸套,73269098,42490,11557.52,12407.32,75008
INV-EU-2024-02767,WO-2024-M12-02767,2024-06-05,France,Taiwan,TW2066185535,P-M12-EH-001,高強度引擎汽缸頭螺栓 M12,73181595,45429,2896.12,3123.26,13322
INV-EU-2024-02783,WO-2024-CS-02783,2024-06-05,Germany,Taiwan,TW2066449755,P-CS-BS-003,底盤懸吊臂襯套軸套,73269098,36508,9930.36,10660.52,29890
INV-EU-2024-02785,WO-2024-CS-02785,2024-06-05,Spain,Taiwan,TW2066587677,P-CS-BS-003,底盤懸吊臂襯套軸套,73269098,46900,12756.95,13694.95,83302
INV-EU-2024-02794,WO-2024-M12-02794,2024-06-05,Spain,Taiwan,TW2066965007,P-M12-EH-001,高強度引擎汽缸頭螺栓 M12,73181595,31168,1987.01,2142.85,11385
INV-EU-2024-02802,WO-2024-M10-02802,2024-06-05,Italy,Taiwan,TW2066989865,P-M10-BN-002,電動車電池模組固定螺母 M10,73181699,10432,177.36,186.23,1184
INV-EU-2024-02699,WO-2024-M12-02699,2024-06-06,Italy,Taiwan,TW2066992423,P-M12-EH-001,高強度引擎汽缸頭螺栓 M12,73181595,18476,1177.86,1270.24,7008
INV-EU-2024-02705,WO-2024-M10-02705,2024-06-06,Netherlands,Taiwan,TW2066931342,P-M10-BN-002,電動車電池模組固定螺母 M10,73181699,10833,184.17,193.38,860
INV-EU-2024-02712,WO-2024-M12-02712,2024-06-06,Germany,Taiwan,TW2066258247,P-M12-EH-001,高強度引擎汽缸頭螺栓 M12,73181595,42071,2682.05,2892.41,9923
INV-EU-2024-02738,WO-2024-M12-02738,2024-06-06,Germany,Taiwan,TW2066217415,P-M12-EH-001,高強度引擎汽缸頭螺栓 M12,73181595,23724,1512.44,1631.06,8817
INV-EU-2024-02747,WO-2024-CS-02747,2024-06-06,France,Taiwan,TW2066869470,P-CS-BS-003,底盤懸吊臂襯套軸套,73269098,11848,3222.66,3459.62,17756
INV-EU-2024-02751,WO-2024-M10-02751,2024-06-06,France,Taiwan,TW2066404873,P-M10-BN-002,電動車電池模組固定螺母 M10,73181699,16960,288.32,302.74,2026
INV-EU-2024-02758,WO-2024-M12-02758,2024-06-06,Italy,Taiwan,TW2066491297,P-M12-EH-001,高強度引擎汽缸頭螺栓 M12,73181595,49043,3126.55,3371.77,21885
INV-EU-2024-02760,WO-2024-M10-02760,2024-06-06,Italy,Taiwan,TW2066189452,P-M10-BN-002,電動車電池模組固定螺母 M10,73181699,13982,237.71,249.6,1031
INV-EU-2024-02769,WO-2024-M12-02769,2024-06-06,Netherlands,Taiwan,TW2066776343,P-M12-EH-001,高強度引擎汽缸頭螺栓 M12,73181595,16014,1020.93,1101,4349
INV-EU-2024-02779,WO-2024-CS-02779,2024-06-06,Spain,Taiwan,TW2066328070,P-CS-BS-003,底盤懸吊臂襯套軸套,73269098,23709,6448.9,6923.08,28568
INV-EU-2024-02790,WO-2024-M10-02790,2024-06-06,Germany,Taiwan,TW2066935559,P-M10-BN-002,電動車電池模組固定螺母 M10,73181699,33340,566.79,595.13,2063
INV-EU-2024-02795,WO-2024-M12-02795,2024-06-06,Netherlands,Taiwan,TW2066883111,P-M12-EH-001,高強度引擎汽缸頭螺栓 M12,73181595,38317,2442.74,2634.32,18882
INV-EU-2024-02801,WO-2024-CS-02801,2024-06-06,Spain,Taiwan,TW2066563324,P-CS-BS-003,底盤懸吊臂襯套軸套,73269098,18926,5148.07,5526.59,25791
INV-EU-2024-02810,WO-2024-CS-02810,2024-06-06,France,Taiwan,TW2066554435,P-CS-BS-003,底盤懸吊臂襯套軸套,73269098,43683,11881.97,12755.63,81035
INV-EU-2024-02826,WO-2024-CS-02826,2024-06-06,France,Taiwan,TW2066313302,P-CS-BS-003,底盤懸吊臂襯套軸套,73269098,43997,11967.3,12847.24,73479
INV-EU-2024-02830,WO-2024-M10-02830,2024-06-06,Germany,Taiwan,TW2066832437,P-M10-BN-002,電動車電池模組固定螺母 M10,73181699,38348,651.92,684.52,3820
INV-EU-2024-02711,WO-2024-CS-02711,2024-06-07,Netherlands,Taiwan,TW2066806771,P-CS-BS-003,底盤懸吊臂襯套軸套,73269098,30128,8194.88,8797.44,47858
INV-EU-2024-02729,WO-2024-M10-02729,2024-06-07,Italy,Taiwan,TW2066276746,P-M10-BN-002,電動車電池模組固定螺母 M10,73181699,23815,404.86,425.1,2473
INV-EU-2024-02731,WO-2024-M10-02731,2024-06-07,Germany,Taiwan,TW2066503673,P-M10-BN-002,電動車電池模組固定螺母 M10,73181699,12692,215.77,226.56,992
INV-EU-2024-02768,WO-2024-CS-02768,2024-06-07,Germany,Taiwan,TW2066627953,P-CS-BS-003,底盤懸吊臂襯套軸套,73269098,35547,9668.8,10379.74,64684
INV-EU-2024-02770,WO-2024-CS-02770,2024-06-07,France,Taiwan,TW2066897000,P-CS-BS-003,底盤懸吊臂襯套軸套,73269098,24160,6571.78,7054.98,34501
INV-EU-2024-02777,WO-2024-CS-02777,2024-06-07,Italy,Taiwan,TW2066776136,P-CS-BS-003,底盤懸吊臂襯套軸套,73269098,40840,11108.5,11925.3,48544
INV-EU-2024-02786,WO-2024-M12-02786,2024-06-07,Germany,Taiwan,TW2066715921,P-M12-EH-001,高強度引擎汽缸頭螺栓 M12,73181595,21420,1365.53,1472.63,9968
INV-EU-2024-02788,WO-2024-CS-02788,2024-06-07,Italy,Taiwan,TW2066868034,P-CS-BS-003,底盤懸吊臂襯套軸套,73269098,46756,12717.79,13652.91,72237
INV-EU-2024-02789,WO-2024-M10-02789,2024-06-07,France,Taiwan,TW2066796562,P-M10-BN-002,電動車電池模組固定螺母 M10,73181699,20526,348.95,366.4,2201
INV-EU-2024-02798,WO-2024-M12-02798,2024-06-07,Germany,Taiwan,TW2066942271,P-M12-EH-001,高強度引擎汽缸頭螺栓 M12,73181595,25246,1609.48,1735.71,7387
INV-EU-2024-02804,WO-2024-CS-02804,2024-06-07,Netherlands,Taiwan,TW2066803878,P-CS-BS-003,底盤懸吊臂襯套軸套,73269098,15596,4242.26,4554.18,13532
INV-EU-2024-02806,WO-2024-CS-02806,2024-06-07,Spain,Taiwan,TW2066417395,P-CS-BS-003,底盤懸吊臂襯套軸套,73269098,35211,9577.52,10281.74,36586
INV-EU-2024-02817,WO-2024-M12-02817,2024-06-07,Netherlands,Taiwan,TW2066593886,P-M12-EH-001,高強度引擎汽缸頭螺栓 M12,73181595,36344,2316.93,2498.65,11700
INV-EU-2024-02819,WO-2024-M10-02819,2024-06-07,Germany,Taiwan,TW2066973237,P-M10-BN-002,電動車電池模組固定螺母 M10,73181699,14422,245.18,257.44,750
INV-EU-2024-02823,WO-2024-CS-02823,2024-06-07,Netherlands,Taiwan,TW2066115560,P-CS-BS-003,底盤懸吊臂襯套軸套,73269098,17306,4707.46,5053.58,20995
INV-EU-2024-02824,WO-2024-CS-02824,2024-06-07,France,Taiwan,TW2066919114,P-CS-BS-003,底盤懸吊臂襯套軸套,73269098,13837,3763.82,4040.56,25857
INV-EU-2024-02828,WO-2024-M12-02828,2024-06-07,Netherlands,Taiwan,TW2066845495,P-M12-EH-001,高強度引擎汽缸頭螺栓 M12,73181595,44725,2851.28,3074.91,15853
INV-EU-2024-02735,WO-2024-CS-02735,2024-06-08,Spain,Taiwan,TW2066514340,P-CS-BS-003,底盤懸吊臂襯套軸套,73269098,23304,6338.89,6804.97,38920
INV-EU-2024-02743,WO-2024-CS-02743,2024-06-08,France,Taiwan,TW2066293110,P-CS-BS-003,底盤懸吊臂襯套軸套,73269098,11724,3189.16,3423.64,18018
INV-EU-2024-02750,WO-2024-M12-02750,2024-06-08,France,Taiwan,TW2066541743,P-M12-EH-001,高強度引擎汽缸頭螺栓 M12,73181595,12110,772.06,832.61,4578
INV-EU-2024-02755,WO-2024-M12-02755,2024-06-08,Netherlands,Taiwan,TW2066530589,P-M12-EH-001,高強度引擎汽缸頭螺栓 M12,73181595,18675,1190.54,1283.91,4571
INV-EU-2024-02778,WO-2024-CS-02778,2024-06-08,Italy,Taiwan,TW2066471629,P-CS-BS-003,底盤懸吊臂襯套軸套,73269098,27154,7386.02,7929.1,47861
INV-EU-2024-02780,WO-2024-CS-02780,2024-06-08,Spain,Taiwan,TW2066125354,P-CS-BS-003,底盤懸吊臂襯套軸套,73269098,18192,4948.38,5312.22,24791
INV-EU-2024-02781,WO-2024-M12-02781,2024-06-08,Spain,Taiwan,TW2066759849,P-M12-EH-001,高強度引擎汽缸頭螺栓 M12,73181595,46423,2959.5,3191.61,17224
INV-EU-2024-02791,WO-2024-M12-02791,2024-06-08,France,Taiwan,TW2066571720,P-M12-EH-001,高強度引擎汽缸頭螺栓 M12,73181595,40534,2584.06,2786.73,8268
INV-EU-2024-02792,WO-2024-M10-02792,2024-06-08,France,Taiwan,TW2066207654,P-M10-BN-002,電動車電池模組固定螺母 M10,73181699,34252,582.3,611.41,4000
INV-EU-2024-02814,WO-2024-M12-02814,2024-06-08,Italy,Taiwan,TW2066949815,P-M12-EH-001,高強度引擎汽缸頭螺栓 M12,73181595,18186,1159.41,1250.34,5878
INV-EU-2024-02816,WO-2024-M10-02816,2024-06-08,Germany,Taiwan,TW2066470334,P-M10-BN-002,電動車電池模組固定螺母 M10,73181699,30870,524.8,551.04,3363
INV-EU-2024-02818,WO-2024-M10-02818,2024-06-08,Italy,Taiwan,TW2066408180,P-M10-BN-002,電動車電池模組固定螺母 M10,73181699,48926,831.75,873.34,4716
INV-EU-2024-02839,WO-2024-M10-02839,2024-06-08,France,Taiwan,TW2066739988,P-M10-BN-002,電動車電池模組固定螺母 M10,73181699,28528,484.98,509.23,1721
INV-EU-2024-02846,WO-2024-M10-02846,2024-06-08,Germany,Taiwan,TW2066987132,P-M10-BN-002,電動車電池模組固定螺母 M10,73181699,23041,391.7,411.28,1511
INV-EU-2024-02857,WO-2024-CS-02857,2024-06-08,Italy,Taiwan,TW2066990189,P-CS-BS-003,底盤懸吊臂襯套軸套,73269098,27802,7562.15,8118.19,40911
INV-EU-2024-02859,WO-2024-M12-02859,2024-06-08,Spain,Taiwan,TW2066713671,P-M12-EH-001,高強度引擎汽缸頭螺栓 M12,73181595,12146,774.33,835.06,5048
INV-EU-2024-02756,WO-2024-M12-02756,2024-06-09,Germany,Taiwan,TW2066121249,P-M12-EH-001,高強度引擎汽缸頭螺栓 M12,73181595,17461,1113.17,1200.48,6845
INV-EU-2024-02757,WO-2024-M12-02757,2024-06-09,Netherlands,Taiwan,TW2066229567,P-M12-EH-001,高強度引擎汽缸頭螺栓 M12,73181595,27930,1780.6,1920.25,7870
INV-EU-2024-02771,WO-2024-CS-02771,2024-06-09,Germany,Taiwan,TW2066903815,P-CS-BS-003,底盤懸吊臂襯套軸套,73269098,35093,9545.36,10247.22,51831
INV-EU-2024-02787,WO-2024-M10-02787,2024-06-09,Italy,Taiwan,TW2066680783,P-M10-BN-002,電動車電池模組固定螺母 M10,73181699,14934,253.88,266.57,1957
INV-EU-2024-02800,WO-2024-M12-02800,2024-06-09,Spain,Taiwan,TW2066619143,P-M12-EH-001,高強度引擎汽缸頭螺栓 M12,73181595,47284,3014.36,3250.78,16217
INV-EU-2024-02805,WO-2024-CS-02805,2024-06-09,Italy,Taiwan,TW2066259668,P-CS-BS-003,底盤懸吊臂襯套軸套,73269098,19743,5370.17,5765.03,34476
INV-EU-2024-02807,WO-2024-CS-02807,2024-06-09,Germany,Taiwan,TW2066556903,P-CS-BS-003,底盤懸吊臂襯套軸套,73269098,27496,7479.01,8028.93,35600
INV-EU-2024-02809,WO-2024-CS-02809,2024-06-09,Italy,Taiwan,TW2066933195,P-CS-BS-003,底盤懸吊臂襯套軸套,73269098,11231,3054.94,3279.56,22056
INV-EU-2024-02822,WO-2024-M12-02822,2024-06-09,Netherlands,Taiwan,TW2066301477,P-M12-EH-001,高強度引擎汽缸頭螺栓 M12,73181595,15226,970.7,1046.83,5290
INV-EU-2024-02825,WO-2024-M12-02825,2024-06-09,Spain,Taiwan,TW2066646337,P-M12-EH-001,高強度引擎汽缸頭螺栓 M12,73181595,15866,1011.47,1090.8,7859
INV-EU-2024-02832,WO-2024-M12-02832,2024-06-09,Spain,Taiwan,TW2066516122,P-M12-EH-001,高強度引擎汽缸頭螺栓 M12,73181595,48073,3064.68,3305.05,17284
INV-EU-2024-02833,WO-2024-CS-02833,2024-06-09,Italy,Taiwan,TW2066236617,P-CS-BS-003,底盤懸吊臂襯套軸套,73269098,15883,4320.29,4637.95,26742
INV-EU-2024-02847,WO-2024-M10-02847,2024-06-09,Italy,Taiwan,TW2066446577,P-M10-BN-002,電動車電池模組固定螺母 M10,73181699,36440,619.49,650.46,4522
INV-EU-2024-02861,WO-2024-M12-02861,2024-06-09,Spain,Taiwan,TW2066406824,P-M12-EH-001,高強度引擎汽缸頭螺栓 M12,73181595,38207,2435.74,2626.77,11374
INV-EU-2024-02873,WO-2024-M12-02873,2024-06-09,Spain,Taiwan,TW2066747373,P-M12-EH-001,高強度引擎汽缸頭螺栓 M12,73181595,47321,3016.72,3253.32,16229
INV-EU-2024-02774,WO-2024-M12-02774,2024-06-10,Netherlands,Taiwan,TW2066379527,P-M12-EH-001,高強度引擎汽缸頭螺栓 M12,73181595,21589,1376.3,1484.24,5945
INV-EU-2024-02776,WO-2024-CS-02776,2024-06-10,France,Taiwan,TW2066404141,P-CS-BS-003,底盤懸吊臂襯套軸套,73269098,20661,5619.99,6033.21,21805
INV-EU-2024-02797,WO-2024-M10-02797,2024-06-10,France,Taiwan,TW2066855243,P-M10-BN-002,電動車電池模組固定螺母 M10,73181699,28232,479.96,503.96,3028
INV-EU-2024-02811,WO-2024-CS-02811,2024-06-10,Italy,Taiwan,TW2066486358,P-CS-BS-003,底盤懸吊臂襯套軸套,73269098,45793,12455.77,13371.63,46584
INV-EU-2024-02815,WO-2024-M12-02815,2024-06-10,Germany,Taiwan,TW2066838605,P-M12-EH-001,高強度引擎汽缸頭螺栓 M12,73181595,38738,2469.61,2663.3,12792
INV-EU-2024-02820,WO-2024-CS-02820,2024-06-10,Spain,Taiwan,TW2066815271,P-CS-BS-003,底盤懸吊臂襯套軸套,73269098,38137,10373.42,11136.16,42945
INV-EU-2024-02821,WO-2024-M12-02821,2024-06-10,Italy,Taiwan,TW2066469950,P-M12-EH-001,高強度引擎汽缸頭螺栓 M12,73181595,47213,3009.83,3245.89,22664
INV-EU-2024-02829,WO-2024-CS-02829,2024-06-10,France,Taiwan,TW2066248634,P-CS-BS-003,底盤懸吊臂襯套軸套,73269098,22980,6250.82,6710.42,43693
INV-EU-2024-02834,WO-2024-M12-02834,2024-06-10,Germany,Taiwan,TW2066450642,P-M12-EH-001,高強度引擎汽缸頭螺栓 M12,73181595,19768,1260.26,1359.1,8998
INV-EU-2024-02836,WO-2024-CS-02836,2024-06-10,France,Taiwan,TW2066310133,P-CS-BS-003,底盤懸吊臂襯套軸套,73269098,32546,8852.67,9503.59,47981
INV-EU-2024-02843,WO-2024-M12-02843,2024-06-10,Spain,Taiwan,TW2066668604,P-M12-EH-001,高強度引擎汽缸頭螺栓 M12,73181595,17532,1117.69,1205.35,7097
INV-EU-2024-02848,WO-2024-M12-02848,2024-06-10,Germany,Taiwan,TW2066523420,P-M12-EH-001,高強度引擎汽缸頭螺栓 M12,73181595,9959,634.9,684.69,3784
INV-EU-2024-02862,WO-2024-CS-02862,2024-06-10,Italy,Taiwan,TW2066593789,P-CS-BS-003,底盤懸吊臂襯套軸套,73269098,34727,9445.95,10140.49,75473
INV-EU-2024-02877,WO-2024-M10-02877,2024-06-10,France,Taiwan,TW2066299703,P-M10-BN-002,電動車電池模組固定螺母 M10,73181699,16548,281.32,295.39,1150
INV-EU-2024-02878,WO-2024-M10-02878,2024-06-10,Netherlands,Taiwan,TW2066900927,P-M10-BN-002,電動車電池模組固定螺母 M10,73181699,49393,839.69,881.67,4786
INV-EU-2024-02883,WO-2024-M12-02883,2024-06-10,Netherlands,Taiwan,TW2066441062,P-M12-EH-001,高強度引擎汽缸頭螺栓 M12,73181595,31778,2025.88,2184.77,9703
INV-EU-2024-02887,WO-2024-M12-02887,2024-06-10,Italy,Taiwan,TW2066133082,P-M12-EH-001,高強度引擎汽缸頭螺栓 M12,73181595,40986,2612.91,2817.84,20824
INV-EU-2024-02888,WO-2024-CS-02888,2024-06-10,France,Taiwan,TW2066715491,P-CS-BS-003,底盤懸吊臂襯套軸套,73269098,14638,3981.56,4274.32,21978
INV-EU-2024-02896,WO-2024-CS-02896,2024-06-10,Italy,Taiwan,TW2066823629,P-CS-BS-003,底盤懸吊臂襯套軸套,73269098,16140,4390.3,4713.1,34332
INV-EU-2024-02906,WO-2024-M10-02906,2024-06-10,France,Taiwan,TW2066249564,P-M10-BN-002,電動車電池模組固定螺母 M10,73181699,33279,565.75,594.04,4186
INV-EU-2024-02782,WO-2024-CS-02782,2024-06-11,France,Taiwan,TW2066519235,P-CS-BS-003,底盤懸吊臂襯套軸套,73269098,37028,10071.86,10812.42,47539
INV-EU-2024-02796,WO-2024-CS-02796,2024-06-11,Germany,Taiwan,TW2066687060,P-CS-BS-003,底盤懸吊臂襯套軸套,73269098,25684,6986.18,7499.86,51907
INV-EU-2024-02803,WO-2024-M10-02803,2024-06-11,France,Taiwan,TW2066902735,P-M10-BN-002,電動車電池模組固定螺母 M10,73181699,10432,177.36,186.23,789
INV-EU-2024-02808,WO-2024-M10-02808,2024-06-11,Netherlands,Taiwan,TW2066527382,P-M10-BN-002,電動車電池模組固定螺母 M10,73181699,13114,222.95,234.1,1339
INV-EU-2024-02812,WO-2024-M12-02812,2024-06-11,Netherlands,Taiwan,TW2066365137,P-M12-EH-001,高強度引擎汽缸頭螺栓 M12,73181595,25972,1655.74,1785.6,12434
INV-EU-2024-02813,WO-2024-CS-02813,2024-06-11,Italy,Taiwan,TW2066707856,P-CS-BS-003,底盤懸吊臂襯套軸套,73269098,23328,6345.41,6811.97,25825
INV-EU-2024-02827,WO-2024-M12-02827,2024-06-11,Italy,Taiwan,TW2066215038,P-M12-EH-001,高強度引擎汽缸頭螺栓 M12,73181595,11401,726.85,783.86,3823
INV-EU-2024-02831,WO-2024-M12-02831,2024-06-11,Spain,Taiwan,TW2066279311,P-M12-EH-001,高強度引擎汽缸頭螺栓 M12,73181595,39284,2504.41,2700.83,12346
INV-EU-2024-02838,WO-2024-CS-02838,2024-06-11,Spain,Taiwan,TW2066444052,P-CS-BS-003,底盤懸吊臂襯套軸套,73269098,18207,4952.45,5316.59,36549
INV-EU-2024-02840,WO-2024-M10-02840,2024-06-11,Netherlands,Taiwan,TW2066417039,P-M10-BN-002,電動車電池模組固定螺母 M10,73181699,49343,838.84,880.78,5754
INV-EU-2024-02842,WO-2024-M10-02842,2024-06-11,Spain,Taiwan,TW2066143229,P-M10-BN-002,電動車電池模組固定螺母 M10,73181699,37752,641.8,673.89,3087
INV-EU-2024-02858,WO-2024-M10-02858,2024-06-11,France,Taiwan,TW2066238310,P-M10-BN-002,電動車電池模組固定螺母 M10,73181699,24938,423.96,445.16,1606
INV-EU-2024-02863,WO-2024-M10-02863,2024-06-11,Netherlands,Taiwan,TW2066675602,P-M10-BN-002,電動車電池模組固定螺母 M10,73181699,13910,236.48,248.3,1631
INV-EU-2024-02869,WO-2024-CS-02869,2024-06-11,France,Taiwan,TW2066544489,P-CS-BS-003,底盤懸吊臂襯套軸套,73269098,11251,3060.33,3285.35,18668
INV-EU-2024-02871,WO-2024-M12-02871,2024-06-11,Germany,Taiwan,TW2066296014,P-M12-EH-001,高強度引擎汽缸頭螺栓 M12,73181595,15547,991.13,1068.87,6591
INV-EU-2024-02876,WO-2024-CS-02876,2024-06-11,Germany,Taiwan,TW2066899992,P-CS-BS-003,底盤懸吊臂襯套軸套,73269098,21470,5839.92,6269.32,41463
INV-EU-2024-02879,WO-2024-M12-02879,2024-06-11,Italy,Taiwan,TW2066974610,P-M12-EH-001,高強度引擎汽缸頭螺栓 M12,73181595,49484,3154.64,3402.06,21703
INV-EU-2024-02885,WO-2024-M12-02885,2024-06-11,France,Taiwan,TW2066275184,P-M12-EH-001,高強度引擎汽缸頭螺栓 M12,73181595,10613,676.61,729.67,4167
INV-EU-2024-02897,WO-2024-CS-02897,2024-06-11,France,Taiwan,TW2066994517,P-CS-BS-003,底盤懸吊臂襯套軸套,73269098,26040,7082.95,7603.75,25711
INV-EU-2024-02900,WO-2024-CS-02900,2024-06-11,Netherlands,Taiwan,TW2066963722,P-CS-BS-003,底盤懸吊臂襯套軸套,73269098,26744,7274.49,7809.37,30043
INV-EU-2024-02902,WO-2024-CS-02902,2024-06-11,France,Taiwan,TW2066883047,P-CS-BS-003,底盤懸吊臂襯套軸套,73269098,26953,7331.44,7870.5,30205
INV-EU-2024-02907,WO-2024-CS-02907,2024-06-11,Germany,Taiwan,TW2066511548,P-CS-BS-003,底盤懸吊臂襯套軸套,73269098,37859,10297.75,11054.93,63331
INV-EU-2024-02917,WO-2024-M10-02917,2024-06-11,France,Taiwan,TW2066138815,P-M10-BN-002,電動車電池模組固定螺母 M10,73181699,16470,279.99,293.99,1559
INV-EU-2024-02918,WO-2024-M12-02918,2024-06-11,Italy,Taiwan,TW2066527894,P-M12-EH-001,高強度引擎汽缸頭螺栓 M12,73181595,18424,1174.55,1266.67,8445
INV-EU-2024-02925,WO-2024-CS-02925,2024-06-11,Netherlands,Taiwan,TW2066273281,P-CS-BS-003,底盤懸吊臂襯套軸套,73269098,38518,10476.9,11247.26,58251
INV-EU-2024-02926,WO-2024-M12-02926,2024-06-11,Spain,Taiwan,TW2066445850,P-M12-EH-001,高強度引擎汽缸頭螺栓 M12,73181595,32935,2099.66,2264.34,16650
INV-EU-2024-02927,WO-2024-M10-02927,2024-06-11,Netherlands,Taiwan,TW2066555419,P-M10-BN-002,電動車電池模組固定螺母 M10,73181699,28728,488.38,512.8,3565
INV-EU-2024-02931,WO-2024-M10-02931,2024-06-11,Spain,Taiwan,TW2066306645,P-M10-BN-002,電動車電池模組固定螺母 M10,73181699,34910,593.47,623.14,3103
INV-EU-2024-02799,WO-2024-M10-02799,2024-06-12,Netherlands,Taiwan,TW2066710330,P-M10-BN-002,電動車電池模組固定螺母 M10,73181699,30247,514.21,539.92,3542
INV-EU-2024-02841,WO-2024-M10-02841,2024-06-12,Spain,Taiwan,TW2066795127,P-M10-BN-002,電動車電池模組固定螺母 M10,73181699,10733,182.47,191.59,1269
INV-EU-2024-02845,WO-2024-CS-02845,2024-06-12,France,Taiwan,TW2066311256,P-CS-BS-003,底盤懸吊臂襯套軸套,73269098,25715,6994.6,7508.9,55397
INV-EU-2024-02849,WO-2024-M10-02849,2024-06-12,Spain,Taiwan,TW2066982337,P-M10-BN-002,電動車電池模組固定螺母 M10,73181699,32322,549.49,576.96,2802
INV-EU-2024-02851,WO-2024-M10-02851,2024-06-12,France,Taiwan,TW2066316253,P-M10-BN-002,電動車電池模組固定螺母 M10,73181699,11751,199.78,209.77,701
INV-EU-2024-02865,WO-2024-CS-02865,2024-06-12,France,Taiwan,TW2066378872,P-CS-BS-003,底盤懸吊臂襯套軸套,73269098,42844,11653.64,12510.52,63162
INV-EU-2024-02884,WO-2024-CS-02884,2024-06-12,Italy,Taiwan,TW2066550460,P-CS-BS-003,底盤懸吊臂襯套軸套,73269098,20239,5505.26,5910.04,22076
INV-EU-2024-02886,WO-2024-M12-02886,2024-06-12,Netherlands,Taiwan,TW2066484075,P-M12-EH-001,高強度引擎汽缸頭螺栓 M12,73181595,24895,1587.06,1711.53,11934
INV-EU-2024-02889,WO-2024-CS-02889,2024-06-12,Germany,Taiwan,TW2066374177,P-CS-BS-003,底盤懸吊臂襯套軸套,73269098,20579,5597.57,6009.15,38063
INV-EU-2024-02893,WO-2024-CS-02893,2024-06-12,Italy,Taiwan,TW2066994354,P-CS-BS-003,底盤懸吊臂襯套軸套,73269098,12467,3391.04,3640.38,16955
INV-EU-2024-02910,WO-2024-CS-02910,2024-06-12,France,Taiwan,TW2066142261,P-CS-BS-003,底盤懸吊臂襯套軸套,73269098,20105,5468.73,5870.83,39812
INV-EU-2024-02913,WO-2024-M12-02913,2024-06-12,France,Taiwan,TW2066986095,P-M12-EH-001,高強度引擎汽缸頭螺栓 M12,73181595,36520,2328.19,2510.79,18369
INV-EU-2024-02936,WO-2024-CS-02936,2024-06-12,Germany,Taiwan,TW2066393532,P-CS-BS-003,底盤懸吊臂襯套軸套,73269098,46687,12698.88,13632.62,97146
INV-EU-2024-02943,WO-2024-M12-02943,2024-06-12,Italy,Taiwan,TW2066640683,P-M12-EH-001,高強度引擎汽缸頭螺栓 M12,73181595,37029,2360.63,2545.78,12959
INV-EU-2024-02951,WO-2024-M10-02951,2024-06-12,France,Taiwan,TW2066582828,P-M10-BN-002,電動車電池模組固定螺母 M10,73181699,14422,245.18,257.44,1836
INV-EU-2024-02835,WO-2024-M10-02835,2024-06-13,Italy,Taiwan,TW2066140440,P-M10-BN-002,電動車電池模組固定螺母 M10,73181699,32505,552.6,580.23,3205
INV-EU-2024-02844,WO-2024-M10-02844,2024-06-13,France,Taiwan,TW2066664148,P-M10-BN-002,電動車電池模組固定螺母 M10,73181699,47913,814.53,855.26,4919
INV-EU-2024-02852,WO-2024-M10-02852,2024-06-13,France,Taiwan,TW2066350220,P-M10-BN-002,電動車電池模組固定螺母 M10,73181699,40039,680.68,714.71,3607
INV-EU-2024-02853,WO-2024-M12-02853,2024-06-13,France,Taiwan,TW2066618661,P-M12-EH-001,高強度引擎汽缸頭螺栓 M12,73181595,19594,1249.18,1347.15,6907
INV-EU-2024-02854,WO-2024-M10-02854,2024-06-13,Spain,Taiwan,TW2066123312,P-M10-BN-002,電動車電池模組固定螺母 M10,73181699,37035,629.61,661.09,2908
INV-EU-2024-02856,WO-2024-M12-02856,2024-06-13,Spain,Taiwan,TW2066216723,P-M12-EH-001,高強度引擎汽缸頭螺栓 M12,73181595,45325,2889.5,3116.13,12193
INV-EU-2024-02860,WO-2024-CS-02860,2024-06-13,Netherlands,Taiwan,TW2066977676,P-CS-BS-003,底盤懸吊臂襯套軸套,73269098,34277,9323.55,10009.09,72537
INV-EU-2024-02874,WO-2024-CS-02874,2024-06-13,Netherlands,Taiwan,TW2066163211,P-CS-BS-003,底盤懸吊臂襯套軸套,73269098,19409,5279.36,5667.54,16207
INV-EU-2024-02880,WO-2024-M10-02880,2024-06-13,Germany,Taiwan,TW2066888949,P-M10-BN-002,電動車電池模組固定螺母 M10,73181699,29312,498.32,523.24,3124
INV-EU-2024-02881,WO-2024-M10-02881,2024-06-13,France,Taiwan,TW2066638570,P-M10-BN-002,電動車電池模組固定螺母 M10,73181699,47886,814.07,854.77,4412
INV-EU-2024-02894,WO-2024-CS-02894,2024-06-13,Germany,Taiwan,TW2066804924,P-CS-BS-003,底盤懸吊臂襯套軸套,73269098,49390,13434.23,14422.03,44467
INV-EU-2024-02898,WO-2024-CS-02898,2024-06-13,Netherlands,Taiwan,TW2066453159,P-CS-BS-003,底盤懸吊臂襯套軸套,73269098,42743,11626.11,12480.97,90916
INV-EU-2024-02901,WO-2024-M12-02901,2024-06-13,Netherlands,Taiwan,TW2066744769,P-M12-EH-001,高強度引擎汽缸頭螺栓 M12,73181595,37775,2408.21,2597.09,14738
INV-EU-2024-02903,WO-2024-M12-02903,2024-06-13,Netherlands,Taiwan,TW2066892770,P-M12-EH-001,高強度引擎汽缸頭螺栓 M12,73181595,26954,1718.37,1853.14,9072
INV-EU-2024-02909,WO-2024-M12-02909,2024-06-13,Netherlands,Taiwan,TW2066110516,P-M12-EH-001,高強度引擎汽缸頭螺栓 M12,73181595,32742,2087.36,2251.07,12148
INV-EU-2024-02919,WO-2024-M10-02919,2024-06-13,Germany,Taiwan,TW2066791713,P-M10-BN-002,電動車電池模組固定螺母 M10,73181699,28121,478.07,501.97,2796
INV-EU-2024-02922,WO-2024-M10-02922,2024-06-13,Netherlands,Taiwan,TW2066430390,P-M10-BN-002,電動車電池模組固定螺母 M10,73181699,16875,286.89,301.23,1288
INV-EU-2024-02929,WO-2024-M12-02929,2024-06-13,Netherlands,Taiwan,TW2066933092,P-M12-EH-001,高強度引擎汽缸頭螺栓 M12,73181595,40715,2595.61,2799.18,8851
INV-EU-2024-02947,WO-2024-CS-02947,2024-06-13,Netherlands,Taiwan,TW2066218820,P-CS-BS-003,底盤懸吊臂襯套軸套,73269098,12692,3452.32,3706.16,19229
INV-EU-2024-02952,WO-2024-M12-02952,2024-06-13,Germany,Taiwan,TW2066735400,P-M12-EH-001,高強度引擎汽缸頭螺栓 M12,73181595,28113,1792.23,1932.8,7240
INV-EU-2024-02959,WO-2024-M12-02959,2024-06-13,Italy,Taiwan,TW2066640006,P-M12-EH-001,高強度引擎汽缸頭螺栓 M12,73181595,35358,2254.11,2430.9,7325
INV-EU-2024-02960,WO-2024-CS-02960,2024-06-13,France,Taiwan,TW2066961180,P-CS-BS-003,底盤懸吊臂襯套軸套,73269098,26622,7241.2,7773.64,36133
INV-EU-2024-02961,WO-2024-CS-02961,2024-06-13,Germany,Taiwan,TW2066682253,P-CS-BS-003,底盤懸吊臂襯套軸套,73269098,10608,2885.53,3097.69,15177
INV-EU-2024-02963,WO-2024-M12-02963,2024-06-13,Italy,Taiwan,TW2066166559,P-M12-EH-001,高強度引擎汽缸頭螺栓 M12,73181595,32281,2057.94,2219.35,7984
INV-EU-2024-02966,WO-2024-M10-02966,2024-06-13,France,Taiwan,TW2066358892,P-M10-BN-002,電動車電池模組固定螺母 M10,73181699,45098,766.67,805,2591
INV-EU-2024-02837,WO-2024-M12-02837,2024-06-14,Spain,Taiwan,TW2066707094,P-M12-EH-001,高強度引擎汽缸頭螺栓 M12,73181595,14309,912.25,983.79,4150
INV-EU-2024-02850,WO-2024-M12-02850,2024-06-14,Netherlands,Taiwan,TW2066546561,P-M12-EH-001,高強度引擎汽缸頭螺栓 M12,73181595,21937,1398.54,1508.22,5831
INV-EU-2024-02855,WO-2024-M12-02855,2024-06-14,France,Taiwan,TW2066616912,P-M12-EH-001,高強度引擎汽缸頭螺栓 M12,73181595,24006,1530.4,1650.43,9672
INV-EU-2024-02864,WO-2024-M10-02864,2024-06-14,Spain,Taiwan,TW2066836726,P-M10-BN-002,電動車電池模組固定螺母 M10,73181699,16676,283.5,297.68,1635
INV-EU-2024-02866,WO-2024-M10-02866,2024-06-14,Netherlands,Taiwan,TW2066661871,P-M10-BN-002,電動車電池模組固定螺母 M10,73181699,49382,839.5,881.48,3131
INV-EU-2024-02867,WO-2024-CS-02867,2024-06-14,Spain,Taiwan,TW2066507955,P-CS-BS-003,底盤懸吊臂襯套軸套,73269098,38204,10391.49,11155.57,77312
INV-EU-2024-02872,WO-2024-M10-02872,2024-06-14,Spain,Taiwan,TW2066530939,P-M10-BN-002,電動車電池模組固定螺母 M10,73181699,37837,643.23,675.39,4772
INV-EU-2024-02882,WO-2024-M10-02882,2024-06-14,France,Taiwan,TW2066931808,P-M10-BN-002,電動車電池模組固定螺母 M10,73181699,41337,702.73,737.87,2649
INV-EU-2024-02890,WO-2024-CS-02890,2024-06-14,Spain,Taiwan,TW2066912397,P-CS-BS-003,底盤懸吊臂襯套軸套,73269098,34738,9448.88,10143.64,63213
INV-EU-2024-02891,WO-2024-M12-02891,2024-06-14,Netherlands,Taiwan,TW2066890048,P-M12-EH-001,高強度引擎汽缸頭螺栓 M12,73181595,23402,1491.9,1608.91,10294
INV-EU-2024-02892,WO-2024-CS-02892,2024-06-14,France,Taiwan,TW2066531164,P-CS-BS-003,底盤懸吊臂襯套軸套,73269098,32879,8943.2,9600.78,44358
INV-EU-2024-02904,WO-2024-M12-02904,2024-06-14,France,Taiwan,TW2066925439,P-M12-EH-001,高強度引擎汽缸頭螺栓 M12,73181595,16610,1058.95,1142,6576
INV-EU-2024-02921,WO-2024-CS-02921,2024-06-14,Italy,Taiwan,TW2066236096,P-CS-BS-003,底盤懸吊臂襯套軸套,73269098,39963,10869.94,11669.2,59023
INV-EU-2024-02924,WO-2024-M10-02924,2024-06-14,Spain,Taiwan,TW2066532574,P-M10-BN-002,電動車電池模組固定螺母 M10,73181699,20042,340.72,357.76,1519
INV-EU-2024-02933,WO-2024-M12-02933,2024-06-14,Germany,Taiwan,TW2066492205,P-M12-EH-001,高強度引擎汽缸頭螺栓 M12,73181595,22193,1414.81,1525.77,9436
INV-EU-2024-02935,WO-2024-M10-02935,2024-06-14,Italy,Taiwan,TW2066775671,P-M10-BN-002,電動車電池模組固定螺母 M10,73181699,37097,630.65,662.18,2459
INV-EU-2024-02942,WO-2024-CS-02942,2024-06-14,France,Taiwan,TW2066466004,P-CS-BS-003,底盤懸吊臂襯套軸套,73269098,26480,7202.62,7732.22,30971
INV-EU-2024-02954,WO-2024-M10-02954,2024-06-14,Italy,Taiwan,TW2066166334,P-M10-BN-002,電動車電池模組固定螺母 M10,73181699,35132,597.26,627.12,2795
INV-EU-2024-02958,WO-2024-M12-02958,2024-06-14,Spain,Taiwan,TW2066807766,P-M12-EH-001,高強度引擎汽缸頭螺栓 M12,73181595,32330,2061.07,2222.72,11851
INV-EU-2024-02973,WO-2024-CS-02973,2024-06-14,Germany,Taiwan,TW2066991866,P-CS-BS-003,底盤懸吊臂襯套軸套,73269098,27420,7458.39,8006.79,48852
INV-EU-2024-02974,WO-2024-M10-02974,2024-06-14,Netherlands,Taiwan,TW2066763920,P-M10-BN-002,電動車電池模組固定螺母 M10,73181699,45092,766.57,804.9,3641
INV-EU-2024-02995,WO-2024-CS-02995,2024-06-14,France,Taiwan,TW2066948920,P-CS-BS-003,底盤懸吊臂襯套軸套,73269098,10444,2840.96,3049.84,17869
INV-EU-2024-02868,WO-2024-CS-02868,2024-06-15,Spain,Taiwan,TW2066478819,P-CS-BS-003,底盤懸吊臂襯套軸套,73269098,26284,7149.35,7675.03,44683
INV-EU-2024-02870,WO-2024-M12-02870,2024-06-15,Germany,Taiwan,TW2066779613,P-M12-EH-001,高強度引擎汽缸頭螺栓 M12,73181595,28690,1829.03,1972.48,8450
INV-EU-2024-02875,WO-2024-CS-02875,2024-06-15,Netherlands,Taiwan,TW2066486982,P-CS-BS-003,底盤懸吊臂襯套軸套,73269098,19213,5226.12,5610.38,28430
INV-EU-2024-02908,WO-2024-M12-02908,2024-06-15,Germany,Taiwan,TW2066493278,P-M12-EH-001,高強度引擎汽缸頭螺栓 M12,73181595,34729,2214.02,2387.66,12841
INV-EU-2024-02915,WO-2024-M10-02915,2024-06-15,Spain,Taiwan,TW2066639956,P-M10-BN-002,電動車電池模組固定螺母 M10,73181699,39439,670.47,703.99,2158
INV-EU-2024-02916,WO-2024-M12-02916,2024-06-15,France,Taiwan,TW2066510152,P-M12-EH-001,高強度引擎汽缸頭螺栓 M12,73181595,26546,1692.35,1825.08,7683
INV-EU-2024-02920,WO-2024-M12-02920,2024-06-15,Italy,Taiwan,TW2066578299,P-M12-EH-001,高強度引擎汽缸頭螺栓 M12,73181595,42352,2699.94,2911.7,9071
INV-EU-2024-02938,WO-2024-M10-02938,2024-06-15,Germany,Taiwan,TW2066152791,P-M10-BN-002,電動車電池模組固定螺母 M10,73181699,38621,656.56,689.39,3059
INV-EU-2024-02964,WO-2024-CS-02964,2024-06-15,Germany,Taiwan,TW2066764795,P-CS-BS-003,底盤懸吊臂襯套軸套,73269098,24563,6681.22,7172.48,32069
INV-EU-2024-02967,WO-2024-CS-02967,2024-06-15,Germany,Taiwan,TW2066123951,P-CS-BS-003,底盤懸吊臂襯套軸套,73269098,14196,3861.34,4145.26,12742
INV-EU-2024-02975,WO-2024-CS-02975,2024-06-15,Netherlands,Taiwan,TW2066280575,P-CS-BS-003,底盤懸吊臂襯套軸套,73269098,39815,10829.92,11626.22,55340
INV-EU-2024-02980,WO-2024-M12-02980,2024-06-15,Spain,Taiwan,TW2066277866,P-M12-EH-001,高強度引擎汽缸頭螺栓 M12,73181595,43895,2798.32,3017.8,19616
INV-EU-2024-03004,WO-2024-M12-03004,2024-06-15,Germany,Taiwan,TW2066293843,P-M12-EH-001,高強度引擎汽缸頭螺栓 M12,73181595,28236,1800.08,1941.26,11646
INV-EU-2024-03011,WO-2024-M12-03011,2024-06-15,Germany,Taiwan,TW2066106168,P-M12-EH-001,高強度引擎汽缸頭螺栓 M12,73181595,28379,1809.17,1951.07,6223
INV-EU-2024-03012,WO-2024-M12-03012,2024-06-15,Spain,Taiwan,TW2066230769,P-M12-EH-001,高強度引擎汽缸頭螺栓 M12,73181595,14703,937.32,1010.84,4274
INV-EU-2024-03015,WO-2024-M12-03015,2024-06-15,Netherlands,Taiwan,TW2066389774,P-M12-EH-001,高強度引擎汽缸頭螺栓 M12,73181595,19010,1211.91,1306.96,9380
INV-EU-2024-02905,WO-2024-M10-02905,2024-06-16,France,Taiwan,TW2066504913,P-M10-BN-002,電動車電池模組固定螺母 M10,73181699,33719,573.23,601.89,4471
INV-EU-2024-02923,WO-2024-M12-02923,2024-06-16,Spain,Taiwan,TW2066745641,P-M12-EH-001,高強度引擎汽缸頭螺栓 M12,73181595,41199,2626.44,2832.43,12029
INV-EU-2024-02928,WO-2024-M10-02928,2024-06-16,Spain,Taiwan,TW2066443293,P-M10-BN-002,電動車電池模組固定螺母 M10,73181699,46961,798.35,838.27,6338
INV-EU-2024-02932,WO-2024-CS-02932,2024-06-16,France,Taiwan,TW2066151668,P-CS-BS-003,底盤懸吊臂襯套軸套,73269098,42466,11550.99,12400.31,51748
INV-EU-2024-02940,WO-2024-M10-02940,2024-06-16,Italy,Taiwan,TW2066671368,P-M10-BN-002,電動車電池模組固定螺母 M10,73181699,30241,514.11,539.82,2565
INV-EU-2024-02968,WO-2024-CS-02968,2024-06-16,Italy,Taiwan,TW2066969303,P-CS-BS-003,底盤懸吊臂襯套軸套,73269098,16612,4518.56,4850.8,13826
INV-EU-2024-02971,WO-2024-CS-02971,2024-06-16,France,Taiwan,TW2066298136,P-CS-BS-003,底盤懸吊臂襯套軸套,73269098,38511,10475.01,11245.23,50699
INV-EU-2024-02978,WO-2024-M12-02978,2024-06-16,Spain,Taiwan,TW2066917875,P-M12-EH-001,高強度引擎汽缸頭螺栓 M12,73181595,33980,2166.25,2336.15,7321
INV-EU-2024-02981,WO-2024-M10-02981,2024-06-16,Netherlands,Taiwan,TW2066464217,P-M10-BN-002,電動車電池模組固定螺母 M10,73181699,28027,476.46,500.28,2196
INV-EU-2024-02983,WO-2024-M10-02983,2024-06-16,France,Taiwan,TW2066983670,P-M10-BN-002,電動車電池模組固定螺母 M10,73181699,13994,237.9,249.8,1168
INV-EU-2024-02990,WO-2024-M12-02990,2024-06-16,Spain,Taiwan,TW2066655228,P-M12-EH-001,高強度引擎汽缸頭螺栓 M12,73181595,43245,2756.89,2973.11,12571
INV-EU-2024-02992,WO-2024-M12-02992,2024-06-16,Spain,Taiwan,TW2066862693,P-M12-EH-001,高強度引擎汽缸頭螺栓 M12,73181595,12996,828.54,893.52,2841
INV-EU-2024-03002,WO-2024-CS-03002,2024-06-16,Italy,Taiwan,TW2066430534,P-CS-BS-003,底盤懸吊臂襯套軸套,73269098,36467,9919.29,10648.63,63384
INV-EU-2024-03017,WO-2024-M10-03017,2024-06-16,Spain,Taiwan,TW2066429927,P-M10-BN-002,電動車電池模組固定螺母 M10,73181699,10054,170.93,179.48,1010
INV-EU-2024-03025,WO-2024-M10-03025,2024-06-16,Germany,Taiwan,TW2066835197,P-M10-BN-002,電動車電池模組固定螺母 M10,73181699,47830,813.11,853.77,6204
INV-EU-2024-02895,WO-2024-M10-02895,2024-06-17,Germany,Taiwan,TW2066939278,P-M10-BN-002,電動車電池模組固定螺母 M10,73181699,11578,196.84,206.68,1432
INV-EU-2024-02899,WO-2024-M12-02899,2024-06-17,Germany,Taiwan,TW2066413050,P-M12-EH-001,高強度引擎汽缸頭螺栓 M12,73181595,23366,1489.64,1606.47,6301
INV-EU-2024-02911,WO-2024-M10-02911,2024-06-17,Spain,Taiwan,TW2066756133,P-M10-BN-002,電動車電池模組固定螺母 M10,73181699,45643,775.94,814.74,2436
INV-EU-2024-02914,WO-2024-M12-02914,2024-06-17,France,Taiwan,TW2066264897,P-M12-EH-001,高強度引擎汽缸頭螺栓 M12,73181595,43128,2749.41,2965.05,14461
INV-EU-2024-02930,WO-2024-M12-02930,2024-06-17,Netherlands,Taiwan,TW2066534203,P-M12-EH-001,高強度引擎汽缸頭螺栓 M12,73181595,10042,640.2,690.41,3693
INV-EU-2024-02934,WO-2024-M12-02934,2024-06-17,France,Taiwan,TW2066241162,P-M12-EH-001,高強度引擎汽缸頭螺栓 M12,73181595,29457,1877.93,2025.22,5784
INV-EU-2024-02944,WO-2024-CS-02944,2024-06-17,Germany,Taiwan,TW2066370266,P-CS-BS-003,底盤懸吊臂襯套軸套,73269098,25518,6941.06,7451.42,50322
INV-EU-2024-02945,WO-2024-M10-02945,2024-06-17,Spain,Taiwan,TW2066920497,P-M10-BN-002,電動車電池模組固定螺母 M10,73181699,13554,230.42,241.94,1619
INV-EU-2024-02946,WO-2024-M12-02946,2024-06-17,France,Taiwan,TW2066179628,P-M12-EH-001,高強度引擎汽缸頭螺栓 M12,73181595,36904,2352.69,2537.21,9598
INV-EU-2024-02962,WO-2024-M12-02962,2024-06-17,Spain,Taiwan,TW2066839209,P-M12-EH-001,高強度引擎汽缸頭螺栓 M12,73181595,21025,1340.37,1445.49,7653
INV-EU-2024-02965,WO-2024-CS-02965,2024-06-17,Netherlands,Taiwan,TW2066704836,P-CS-BS-003,底盤懸吊臂襯套軸套,73269098,47834,13010.94,13967.62,66095
INV-EU-2024-02984,WO-2024-M12-02984,2024-06-17,Netherlands,Taiwan,TW2066568254,P-M12-EH-001,高強度引擎汽缸頭螺栓 M12,73181595,41524,2647.16,2854.78,15168
INV-EU-2024-03000,WO-2024-M12-03000,2024-06-17,Germany,Taiwan,TW2066427437,P-M12-EH-001,高強度引擎汽缸頭螺栓 M12,73181595,24981,1592.55,1717.45,4841
INV-EU-2024-03005,WO-2024-M10-03005,2024-06-17,Italy,Taiwan,TW2066414914,P-M10-BN-002,電動車電池模組固定螺母 M10,73181699,49171,835.91,877.71,3636
INV-EU-2024-03014,WO-2024-M10-03014,2024-06-17,Germany,Taiwan,TW2066295123,P-M10-BN-002,電動車電池模組固定螺母 M10,73181699,18640,316.88,332.72,2129
INV-EU-2024-03018,WO-2024-CS-03018,2024-06-17,Italy,Taiwan,TW2066929967,P-CS-BS-003,底盤懸吊臂襯套軸套,73269098,43399,11804.69,12672.67,66460
INV-EU-2024-03026,WO-2024-CS-03026,2024-06-17,France,Taiwan,TW2066363522,P-CS-BS-003,底盤懸吊臂襯套軸套,73269098,36332,9882.49,10609.13,41901
INV-EU-2024-03027,WO-2024-M12-03027,2024-06-17,France,Taiwan,TW2066624444,P-M12-EH-001,高強度引擎汽缸頭螺栓 M12,73181595,20669,1317.67,1421.02,4796
INV-EU-2024-03028,WO-2024-M10-03028,2024-06-17,France,Taiwan,TW2066829782,P-M10-BN-002,電動車電池模組固定螺母 M10,73181699,12497,212.46,223.08,1665
INV-EU-2024-03043,WO-2024-CS-03043,2024-06-17,Spain,Taiwan,TW2066890615,P-CS-BS-003,底盤懸吊臂襯套軸套,73269098,17177,4672.37,5015.91,23642
INV-EU-2024-03045,WO-2024-M10-03045,2024-06-17,Netherlands,Taiwan,TW2066621004,P-M10-BN-002,電動車電池模組固定螺母 M10,73181699,26919,457.64,480.52,3427
INV-EU-2024-02912,WO-2024-M10-02912,2024-06-18,Germany,Taiwan,TW2066771299,P-M10-BN-002,電動車電池模組固定螺母 M10,73181699,38142,648.42,680.84,3793
INV-EU-2024-02937,WO-2024-M10-02937,2024-06-18,Germany,Taiwan,TW2066262434,P-M10-BN-002,電動車電池模組固定螺母 M10,73181699,14550,247.36,259.73,1860
INV-EU-2024-02949,WO-2024-M10-02949,2024-06-18,Spain,Taiwan,TW2066172914,P-M10-BN-002,電動車電池模組固定螺母 M10,73181699,19797,336.56,353.39,1517
INV-EU-2024-02953,WO-2024-M10-02953,2024-06-18,Spain,Taiwan,TW2066296891,P-M10-BN-002,電動車電池模組固定螺母 M10,73181699,38660,657.23,690.09,3279
INV-EU-2024-02957,WO-2024-CS-02957,2024-06-18,Germany,Taiwan,TW2066163829,P-CS-BS-003,底盤懸吊臂襯套軸套,73269098,45953,12499.28,13418.34,73120
INV-EU-2024-02970,WO-2024-M12-02970,2024-06-18,Germany,Taiwan,TW2066819710,P-M12-EH-001,高強度引擎汽缸頭螺栓 M12,73181595,38554,2457.88,2650.65,13911
INV-EU-2024-02999,WO-2024-CS-02999,2024-06-18,Germany,Taiwan,TW2066921800,P-CS-BS-003,底盤懸吊臂襯套軸套,73269098,11880,3231.54,3469.14,23913
INV-EU-2024-03013,WO-2024-M10-03013,2024-06-18,Spain,Taiwan,TW2066856921,P-M10-BN-002,電動車電池模組固定螺母 M10,73181699,48097,817.65,858.53,3425
INV-EU-2024-03016,WO-2024-CS-03016,2024-06-18,France,Taiwan,TW2066190793,P-CS-BS-003,底盤懸吊臂襯套軸套,73269098,33140,9014.23,9677.03,51200
INV-EU-2024-03022,WO-2024-M10-03022,2024-06-18,Germany,Taiwan,TW2066437936,P-M10-BN-002,電動車電池模組固定螺母 M10,73181699,42221,717.76,753.65,4629
INV-EU-2024-03059,WO-2024-M10-03059,2024-06-18,Spain,Taiwan,TW2066180549,P-M10-BN-002,電動車電池模組固定螺母 M10,73181699,46227,785.87,825.16,2915
INV-EU-2024-03064,WO-2024-CS-03064,2024-06-18,Italy,Taiwan,TW2066446425,P-CS-BS-003,底盤懸吊臂襯套軸套,73269098,40628,11050.99,11863.55,52381
INV-EU-2024-02939,WO-2024-M10-02939,2024-06-19,Netherlands,Taiwan,TW2066785493,P-M10-BN-002,電動車電池模組固定螺母 M10,73181699,18745,318.68,334.61,2492
INV-EU-2024-02941,WO-2024-M10-02941,2024-06-19,Italy,Taiwan,TW2066331635,P-M10-BN-002,電動車電池模組固定螺母 M10,73181699,48197,819.35,860.32,5850
INV-EU-2024-02948,WO-2024-M12-02948,2024-06-19,Italy,Taiwan,TW2066127746,P-M12-EH-001,高強度引擎汽缸頭螺栓 M12,73181595,31069,1980.66,2136.01,14280
INV-EU-2024-02950,WO-2024-CS-02950,2024-06-19,Spain,Taiwan,TW2066503786,P-CS-BS-003,底盤懸吊臂襯套軸套,73269098,28626,7786.42,8358.94,40100
INV-EU-2024-02955,WO-2024-CS-02955,2024-06-19,France,Taiwan,TW2066881387,P-CS-BS-003,底盤懸吊臂襯套軸套,73269098,23217,6315.15,6779.49,35933
INV-EU-2024-02956,WO-2024-M10-02956,2024-06-19,Germany,Taiwan,TW2066619687,P-M10-BN-002,電動車電池模組固定螺母 M10,73181699,49615,843.47,885.64,4866
INV-EU-2024-02969,WO-2024-M12-02969,2024-06-19,Italy,Taiwan,TW2066578301,P-M12-EH-001,高強度引擎汽缸頭螺栓 M12,73181595,26417,1684.12,1816.2,9717
INV-EU-2024-02987,WO-2024-M10-02987,2024-06-19,Italy,Taiwan,TW2066897043,P-M10-BN-002,電動車電池模組固定螺母 M10,73181699,11868,201.77,211.86,1069
INV-EU-2024-02994,WO-2024-CS-02994,2024-06-19,France,Taiwan,TW2066533033,P-CS-BS-003,底盤懸吊臂襯套軸套,73269098,18162,4940.07,5303.31,36408
INV-EU-2024-02996,WO-2024-CS-02996,2024-06-19,Netherlands,Taiwan,TW2066694324,P-CS-BS-003,底盤懸吊臂襯套軸套,73269098,13156,3578.69,3841.81,10986
INV-EU-2024-03006,WO-2024-M10-03006,2024-06-19,Spain,Taiwan,TW2066737217,P-M10-BN-002,電動車電池模組固定螺母 M10,73181699,17855,303.54,318.72,1945
INV-EU-2024-03019,WO-2024-M10-03019,2024-06-19,Germany,Taiwan,TW2066909392,P-M10-BN-002,電動車電池模組固定螺母 M10,73181699,40095,681.63,715.71,2665
INV-EU-2024-03031,WO-2024-M12-03031,2024-06-19,Netherlands,Taiwan,TW2066469555,P-M12-EH-001,高強度引擎汽缸頭螺栓 M12,73181595,23695,1510.62,1629.09,6253
INV-EU-2024-03034,WO-2024-CS-03034,2024-06-19,Germany,Taiwan,TW2066335397,P-CS-BS-003,底盤懸吊臂襯套軸套,73269098,23759,6462.61,6937.79,24105
INV-EU-2024-03036,WO-2024-M10-03036,2024-06-19,Germany,Taiwan,TW2066139452,P-M10-BN-002,電動車電池模組固定螺母 M10,73181699,32455,551.75,579.34,1898
INV-EU-2024-03038,WO-2024-M12-03038,2024-06-19,Netherlands,Taiwan,TW2066338948,P-M12-EH-001,高強度引擎汽缸頭螺栓 M12,73181595,37597,2396.87,2584.86,8604
INV-EU-2024-03042,WO-2024-M12-03042,2024-06-19,Germany,Taiwan,TW2066209114,P-M12-EH-001,高強度引擎汽缸頭螺栓 M12,73181595,38261,2439.14,2630.44,17610
INV-EU-2024-03066,WO-2024-M10-03066,2024-06-19,Germany,Taiwan,TW2066378163,P-M10-BN-002,電動車電池模組固定螺母 M10,73181699,45409,771.96,810.56,3898
INV-EU-2024-03076,WO-2024-M12-03076,2024-06-19,Italy,Taiwan,TW2066338232,P-M12-EH-001,高強度引擎汽缸頭螺栓 M12,73181595,20701,1319.75,1423.26,9950
INV-EU-2024-03090,WO-2024-M10-03090,2024-06-19,Netherlands,Taiwan,TW2066827557,P-M10-BN-002,電動車電池模組固定螺母 M10,73181699,48353,822.01,863.11,6239
INV-EU-2024-02972,WO-2024-M10-02972,2024-06-20,France,Taiwan,TW2066427790,P-M10-BN-002,電動車電池模組固定螺母 M10,73181699,48875,830.89,872.43,5891
INV-EU-2024-02979,WO-2024-M10-02979,2024-06-20,Italy,Taiwan,TW2066758185,P-M10-BN-002,電動車電池模組固定螺母 M10,73181699,32645,554.97,582.72,4195
INV-EU-2024-02982,WO-2024-CS-02982,2024-06-20,Germany,Taiwan,TW2066375330,P-CS-BS-003,底盤懸吊臂襯套軸套,73269098,15926,4331.93,4650.45,31969
INV-EU-2024-02988,WO-2024-M12-02988,2024-06-20,Netherlands,Taiwan,TW2066123595,P-M12-EH-001,高強度引擎汽缸頭螺栓 M12,73181595,42172,2688.49,2899.35,11452
INV-EU-2024-02989,WO-2024-M10-02989,2024-06-20,Netherlands,Taiwan,TW2066169854,P-M10-BN-002,電動車電池模組固定螺母 M10,73181699,35254,599.33,629.3,4189
INV-EU-2024-02993,WO-2024-M10-02993,2024-06-20,Spain,Taiwan,TW2066383714,P-M10-BN-002,電動車電池模組固定螺母 M10,73181699,18200,309.41,324.88,2428
INV-EU-2024-02997,WO-2024-CS-02997,2024-06-20,Germany,Taiwan,TW2066357347,P-CS-BS-003,底盤懸吊臂襯套軸套,73269098,11010,2994.97,3215.17,19227
INV-EU-2024-02998,WO-2024-M10-02998,2024-06-20,Italy,Taiwan,TW2066325466,P-M10-BN-002,電動車電池模組固定螺母 M10,73181699,26991,458.86,481.8,2197
INV-EU-2024-03001,WO-2024-M12-03001,2024-06-20,France,Taiwan,TW2066293373,P-M12-EH-001,高強度引擎汽缸頭螺栓 M12,73181595,38272,2439.9,2631.26,7929
INV-EU-2024-03008,WO-2024-CS-03008,2024-06-20,Spain,Taiwan,TW2066795078,P-CS-BS-003,底盤懸吊臂襯套軸套,73269098,34163,9292.52,9975.78,28063
INV-EU-2024-03010,WO-2024-CS-03010,2024-06-20,Germany,Taiwan,TW2066307666,P-CS-BS-003,底盤懸吊臂襯套軸套,73269098,38544,10484.2,11255.08,57767
INV-EU-2024-03030,WO-2024-M10-03030,2024-06-20,Netherlands,Taiwan,TW2066325225,P-M10-BN-002,電動車電池模組固定螺母 M10,73181699,33451,568.68,597.11,3940
INV-EU-2024-03041,WO-2024-CS-03041,2024-06-20,Netherlands,Taiwan,TW2066534534,P-CS-BS-003,底盤懸吊臂襯套軸套,73269098,16281,4428.6,4754.22,26748
INV-EU-2024-03044,WO-2024-CS-03044,2024-06-20,Spain,Taiwan,TW2066186999,P-CS-BS-003,底盤懸吊臂襯套軸套,73269098,12116,3295.58,3537.9,13709
INV-EU-2024-03071,WO-2024-M12-03071,2024-06-20,Italy,Taiwan,TW2066164387,P-M12-EH-001,高強度引擎汽缸頭螺栓 M12,73181595,46252,2948.62,3179.88,20581
INV-EU-2024-03072,WO-2024-CS-03072,2024-06-20,France,Taiwan,TW2066197687,P-CS-BS-003,底盤懸吊臂襯套軸套,73269098,44319,12054.8,12941.18,78356
INV-EU-2024-03073,WO-2024-M10-03073,2024-06-20,Netherlands,Taiwan,TW2066351101,P-M10-BN-002,電動車電池模組固定螺母 M10,73181699,49009,833.16,874.82,5557
INV-EU-2024-03078,WO-2024-M10-03078,2024-06-20,Spain,Taiwan,TW2066279624,P-M10-BN-002,電動車電池模組固定螺母 M10,73181699,17438,296.45,311.27,1390
INV-EU-2024-03079,WO-2024-M12-03079,2024-06-20,Italy,Taiwan,TW2066631652,P-M12-EH-001,高強度引擎汽缸頭螺栓 M12,73181595,35740,2278.44,2457.14,16860
INV-EU-2024-03084,WO-2024-M10-03084,2024-06-20,Netherlands,Taiwan,TW2066495748,P-M10-BN-002,電動車電池模組固定螺母 M10,73181699,35244,599.15,629.11,3918
INV-EU-2024-03096,WO-2024-M12-03096,2024-06-20,Spain,Taiwan,TW2066730922,P-M12-EH-001,高強度引擎汽缸頭螺栓 M12,73181595,41644,2654.82,2863.04,15371
INV-EU-2024-03101,WO-2024-CS-03101,2024-06-20,Germany,Taiwan,TW2066948187,P-CS-BS-003,底盤懸吊臂襯套軸套,73269098,41097,11178.5,12000.44,43037
INV-EU-2024-02976,WO-2024-CS-02976,2024-06-21,Italy,Taiwan,TW2066650838,P-CS-BS-003,底盤懸吊臂襯套軸套,73269098,32497,8839.43,9489.37,51622
INV-EU-2024-02977,WO-2024-M10-02977,2024-06-21,Spain,Taiwan,TW2066445966,P-M10-BN-002,電動車電池模組固定螺母 M10,73181699,36462,619.86,650.85,3576
INV-EU-2024-02985,WO-2024-M10-02985,2024-06-21,Italy,Taiwan,TW2066351152,P-M10-BN-002,電動車電池模組固定螺母 M10,73181699,22540,383.18,402.34,2912
INV-EU-2024-02986,WO-2024-M12-02986,2024-06-21,Spain,Taiwan,TW2066841359,P-M12-EH-001,高強度引擎汽缸頭螺栓 M12,73181595,10867,692.8,747.13,4073
INV-EU-2024-02991,WO-2024-M10-02991,2024-06-21,Italy,Taiwan,TW2066960878,P-M10-BN-002,電動車電池模組固定螺母 M10,73181699,22251,378.27,397.18,2697
INV-EU-2024-03003,WO-2024-M12-03003,2024-06-21,France,Taiwan,TW2066267555,P-M12-EH-001,高強度引擎汽缸頭螺栓 M12,73181595,18011,1148.25,1238.31,5844
INV-EU-2024-03009,WO-2024-CS-03009,2024-06-21,Spain,Taiwan,TW2066641740,P-CS-BS-003,底盤懸吊臂襯套軸套,73269098,45806,12459.27,13375.39,41364
INV-EU-2024-03020,WO-2024-M10-03020,2024-06-21,Germany,Taiwan,TW2066911994,P-M10-BN-002,電動車電池模組固定螺母 M10,73181699,10209,173.57,182.25,532
INV-EU-2024-03029,WO-2024-M10-03029,2024-06-21,Netherlands,Taiwan,TW2066696806,P-M10-BN-002,電動車電池模組固定螺母 M10,73181699,22813,387.83,407.22,2598
INV-EU-2024-03054,WO-2024-M12-03054,2024-06-21,Spain,Taiwan,TW2066205199,P-M12-EH-001,高強度引擎汽缸頭螺栓 M12,73181595,15041,958.88,1034.09,3068
INV-EU-2024-03056,WO-2024-M10-03056,2024-06-21,Italy,Taiwan,TW2066336531,P-M10-BN-002,電動車電池模組固定螺母 M10,73181699,31816,540.88,567.92,1682
INV-EU-2024-03058,WO-2024-CS-03058,2024-06-21,Netherlands,Taiwan,TW2066646513,P-CS-BS-003,底盤懸吊臂襯套軸套,73269098,42679,11608.79,12462.37,79868
INV-EU-2024-03063,WO-2024-M10-03063,2024-06-21,Italy,Taiwan,TW2066368165,P-M10-BN-002,電動車電池模組固定螺母 M10,73181699,34709,590.06,619.56,2820
INV-EU-2024-03065,WO-2024-M10-03065,2024-06-21,France,Taiwan,TW2066140482,P-M10-BN-002,電動車電池模組固定螺母 M10,73181699,32957,560.27,588.28,4202
INV-EU-2024-03068,WO-2024-M10-03068,2024-06-21,France,Taiwan,TW2066628400,P-M10-BN-002,電動車電池模組固定螺母 M10,73181699,33657,572.18,600.79,3736
INV-EU-2024-03074,WO-2024-M10-03074,2024-06-21,Netherlands,Taiwan,TW2066470662,P-M10-BN-002,電動車電池模組固定螺母 M10,73181699,18062,307.06,322.41,2054
INV-EU-2024-03081,WO-2024-M12-03081,2024-06-21,Netherlands,Taiwan,TW2066134856,P-M12-EH-001,高強度引擎汽缸頭螺栓 M12,73181595,44620,2844.57,3067.67,9216
INV-EU-2024-03083,WO-2024-M10-03083,2024-06-21,Germany,Taiwan,TW2066162620,P-M10-BN-002,電動車電池模組固定螺母 M10,73181699,46911,797.5,837.38,4529
INV-EU-2024-03091,WO-2024-M12-03091,2024-06-21,Italy,Taiwan,TW2066471998,P-M12-EH-001,高強度引擎汽缸頭螺栓 M12,73181595,17247,1099.53,1185.76,6520
INV-EU-2024-03117,WO-2024-CS-03117,2024-06-21,Spain,Taiwan,TW2066540770,P-CS-BS-003,底盤懸吊臂襯套軸套,73269098,29706,8080.05,8674.17,41935
INV-EU-2024-03007,WO-2024-M10-03007,2024-06-22,France,Taiwan,TW2066894311,P-M10-BN-002,電動車電池模組固定螺母 M10,73181699,31521,535.86,562.65,2379
INV-EU-2024-03023,WO-2024-M12-03023,2024-06-22,Netherlands,Taiwan,TW2066873576,P-M12-EH-001,高強度引擎汽缸頭螺栓 M12,73181595,21050,1341.99,1447.24,10521
INV-EU-2024-03032,WO-2024-M10-03032,2024-06-22,Germany,Taiwan,TW2066605648,P-M10-BN-002,電動車電池模組固定螺母 M10,73181699,40224,683.81,718,4820
INV-EU-2024-03033,WO-2024-M10-03033,2024-06-22,Netherlands,Taiwan,TW2066817576,P-M10-BN-002,電動車電池模組固定螺母 M10,73181699,45004,765.07,803.32,2379
INV-EU-2024-03037,WO-2024-CS-03037,2024-06-22,France,Taiwan,TW2066170646,P-CS-BS-003,底盤懸吊臂襯套軸套,73269098,36598,9954.67,10686.63,47384
INV-EU-2024-03046,WO-2024-M12-03046,2024-06-22,Germany,Taiwan,TW2066367862,P-M12-EH-001,高強度引擎汽缸頭螺栓 M12,73181595,11350,723.62,780.37,5477
INV-EU-2024-03047,WO-2024-M12-03047,2024-06-22,Netherlands,Taiwan,TW2066449138,P-M12-EH-001,高強度引擎汽缸頭螺栓 M12,73181595,25451,1622.54,1749.8,7901
INV-EU-2024-03053,WO-2024-M10-03053,2024-06-22,Spain,Taiwan,TW2066580884,P-M10-BN-002,電動車電池模組固定螺母 M10,73181699,34242,582.12,611.23,3236
INV-EU-2024-03057,WO-2024-M10-03057,2024-06-22,Spain,Taiwan,TW2066344786,P-M10-BN-002,電動車電池模組固定螺母 M10,73181699,28605,486.3,510.62,1585
INV-EU-2024-03060,WO-2024-CS-03060,2024-06-22,Italy,Taiwan,TW2066900070,P-CS-BS-003,底盤懸吊臂襯套軸套,73269098,37436,10182.64,10931.36,42970
INV-EU-2024-03077,WO-2024-CS-03077,2024-06-22,France,Taiwan,TW2066873295,P-CS-BS-003,底盤懸吊臂襯套軸套,73269098,43763,11903.54,12778.8,60946
INV-EU-2024-03088,WO-2024-M12-03088,2024-06-22,Spain,Taiwan,TW2066848981,P-M12-EH-001,高強度引擎汽缸頭螺栓 M12,73181595,27960,1782.49,1922.29,11265
INV-EU-2024-03089,WO-2024-M12-03089,2024-06-22,Germany,Taiwan,TW2066830223,P-M12-EH-001,高強度引擎汽缸頭螺栓 M12,73181595,32633,2080.37,2243.53,11483
INV-EU-2024-03102,WO-2024-CS-03102,2024-06-22,Spain,Taiwan,TW2066944034,P-CS-BS-003,底盤懸吊臂襯套軸套,73269098,29921,8138.69,8737.11,36705
INV-EU-2024-03116,WO-2024-CS-03116,2024-06-22,Netherlands,Taiwan,TW2066423218,P-CS-BS-003,底盤懸吊臂襯套軸套,73269098,42255,11493.49,12338.59,53444
INV-EU-2024-03121,WO-2024-M12-03121,2024-06-22,Spain,Taiwan,TW2066412419,P-M12-EH-001,高強度引擎汽缸頭螺栓 M12,73181595,25429,1621.11,1748.25,10504
INV-EU-2024-03130,WO-2024-M12-03130,2024-06-22,France,Taiwan,TW2066251967,P-M12-EH-001,高強度引擎汽缸頭螺栓 M12,73181595,36014,2295.93,2476,8288
INV-EU-2024-03136,WO-2024-CS-03136,2024-06-22,Netherlands,Taiwan,TW2066508580,P-CS-BS-003,底盤懸吊臂襯套軸套,73269098,25112,6830.58,7332.82,33743
INV-EU-2024-03137,WO-2024-CS-03137,2024-06-22,France,Taiwan,TW2066722161,P-CS-BS-003,底盤懸吊臂襯套軸套,73269098,47112,12814.56,13756.8,77143
INV-EU-2024-03138,WO-2024-M12-03138,2024-06-22,Germany,Taiwan,TW2066569241,P-M12-EH-001,高強度引擎汽缸頭螺栓 M12,73181595,16553,1055.27,1138.04,7851
INV-EU-2024-03021,WO-2024-M12-03021,2024-06-23,Netherlands,Taiwan,TW2066332929,P-M12-EH-001,高強度引擎汽缸頭螺栓 M12,73181595,24682,1573.53,1696.94,5727
INV-EU-2024-03024,WO-2024-M10-03024,2024-06-23,Spain,Taiwan,TW2066535759,P-M10-BN-002,電動車電池模組固定螺母 M10,73181699,34910,593.47,623.14,3554
INV-EU-2024-03035,WO-2024-CS-03035,2024-06-23,France,Taiwan,TW2066621770,P-CS-BS-003,底盤懸吊臂襯套軸套,73269098,16768,4561.03,4896.39,33432
INV-EU-2024-03039,WO-2024-M12-03039,2024-06-23,Italy,Taiwan,TW2066875020,P-M12-EH-001,高強度引擎汽缸頭螺栓 M12,73181595,24237,1545.16,1666.35,7478
INV-EU-2024-03048,WO-2024-CS-03048,2024-06-23,Netherlands,Taiwan,TW2066565596,P-CS-BS-003,底盤懸吊臂襯套軸套,73269098,13843,3765.43,4042.29,28843
INV-EU-2024-03049,WO-2024-M10-03049,2024-06-23,Netherlands,Taiwan,TW2066817028,P-M10-BN-002,電動車電池模組固定螺母 M10,73181699,17688,300.71,315.75,1118
INV-EU-2024-03052,WO-2024-CS-03052,2024-06-23,France,Taiwan,TW2066348512,P-CS-BS-003,底盤懸吊臂襯套軸套,73269098,15199,4134.15,4438.13,25135
INV-EU-2024-03061,WO-2024-M12-03061,2024-06-23,Italy,Taiwan,TW2066533795,P-M12-EH-001,高強度引擎汽缸頭螺栓 M12,73181595,24688,1573.92,1697.36,12433
INV-EU-2024-03067,WO-2024-M12-03067,2024-06-23,France,Taiwan,TW2066992414,P-M12-EH-001,高強度引擎汽缸頭螺栓 M12,73181595,12309,784.74,846.28,4284
INV-EU-2024-03070,WO-2024-CS-03070,2024-06-23,Spain,Taiwan,TW2066330767,P-CS-BS-003,底盤懸吊臂襯套軸套,73269098,48489,13189.24,14159.02,41546
INV-EU-2024-03086,WO-2024-CS-03086,2024-06-23,Italy,Taiwan,TW2066708688,P-CS-BS-003,底盤懸吊臂襯套軸套,73269098,36020,9797.45,10517.85,31645
INV-EU-2024-03094,WO-2024-CS-03094,2024-06-23,Germany,Taiwan,TW2066472417,P-CS-BS-003,底盤懸吊臂襯套軸套,73269098,43846,11926.24,12803.16,69052
INV-EU-2024-03097,WO-2024-M10-03097,2024-06-23,France,Taiwan,TW2066835294,P-M10-BN-002,電動車電池模組固定螺母 M10,73181699,31026,527.45,553.82,3180
INV-EU-2024-03105,WO-2024-M12-03105,2024-06-23,Netherlands,Taiwan,TW2066157299,P-M12-EH-001,高強度引擎汽缸頭螺栓 M12,73181595,15283,974.3,1050.71,4861
INV-EU-2024-03115,WO-2024-M10-03115,2024-06-23,Italy,Taiwan,TW2066396256,P-M10-BN-002,電動車電池模組固定螺母 M10,73181699,31298,532.08,558.68,3139
INV-EU-2024-03133,WO-2024-M12-03133,2024-06-23,Germany,Taiwan,TW2066498444,P-M12-EH-001,高強度引擎汽缸頭螺栓 M12,73181595,27438,1749.19,1886.38,10984
INV-EU-2024-03141,WO-2024-M12-03141,2024-06-23,Spain,Taiwan,TW2066493996,P-M12-EH-001,高強度引擎汽缸頭螺栓 M12,73181595,20526,1308.58,1411.21,6281
INV-EU-2024-03143,WO-2024-M10-03143,2024-06-23,Italy,Taiwan,TW2066876311,P-M10-BN-002,電動車電池模組固定螺母 M10,73181699,30408,516.94,542.79,2036
INV-EU-2024-03149,WO-2024-CS-03149,2024-06-23,Netherlands,Taiwan,TW2066581546,P-CS-BS-003,底盤懸吊臂襯套軸套,73269098,29514,8027.93,8618.21,51619
INV-EU-2024-03152,WO-2024-M12-03152,2024-06-23,Germany,Taiwan,TW2066726719,P-M12-EH-001,高強度引擎汽缸頭螺栓 M12,73181595,44277,2822.72,3044.1,21367
INV-EU-2024-03154,WO-2024-M10-03154,2024-06-23,Spain,Taiwan,TW2066564467,P-M10-BN-002,電動車電池模組固定螺母 M10,73181699,26568,451.67,474.25,3572
INV-EU-2024-03167,WO-2024-M12-03167,2024-06-23,Germany,Taiwan,TW2066896462,P-M12-EH-001,高強度引擎汽缸頭螺栓 M12,73181595,16854,1074.47,1158.74,4727
INV-EU-2024-03169,WO-2024-M12-03169,2024-06-23,Germany,Taiwan,TW2066695682,P-M12-EH-001,高強度引擎汽缸頭螺栓 M12,73181595,37933,2418.24,2607.9,13711
INV-EU-2024-03040,WO-2024-M12-03040,2024-06-24,France,Taiwan,TW2066277605,P-M12-EH-001,高強度引擎汽缸頭螺栓 M12,73181595,39434,2513.97,2711.14,8522
INV-EU-2024-03050,WO-2024-M12-03050,2024-06-24,France,Taiwan,TW2066265075,P-M12-EH-001,高強度引擎汽缸頭螺栓 M12,73181595,28377,1809.08,1950.96,6892
INV-EU-2024-03051,WO-2024-CS-03051,2024-06-24,Germany,Taiwan,TW2066661429,P-CS-BS-003,底盤懸吊臂襯套軸套,73269098,43513,11835.72,12705.98,39294
INV-EU-2024-03055,WO-2024-M10-03055,2024-06-24,Italy,Taiwan,TW2066667762,P-M10-BN-002,電動車電池模組固定螺母 M10,73181699,15830,269.12,282.58,1114
INV-EU-2024-03069,WO-2024-M12-03069,2024-06-24,Netherlands,Taiwan,TW2066855669,P-M12-EH-001,高強度引擎汽缸頭螺栓 M12,73181595,49226,3138.18,3384.31,19142
INV-EU-2024-03099,WO-2024-M12-03099,2024-06-24,France,Taiwan,TW2066482011,P-M12-EH-001,高強度引擎汽缸頭螺栓 M12,73181595,35645,2272.39,2450.61,11907
INV-EU-2024-03104,WO-2024-M10-03104,2024-06-24,Italy,Taiwan,TW2066540057,P-M10-BN-002,電動車電池模組固定螺母 M10,73181699,48692,827.77,869.16,5711
INV-EU-2024-03107,WO-2024-M10-03107,2024-06-24,Germany,Taiwan,TW2066990494,P-M10-BN-002,電動車電池模組固定螺母 M10,73181699,32628,554.69,582.42,3882
INV-EU-2024-03118,WO-2024-CS-03118,2024-06-24,Spain,Taiwan,TW2066189996,P-CS-BS-003,底盤懸吊臂襯套軸套,73269098,31852,8663.86,9300.9,65238
INV-EU-2024-03123,WO-2024-CS-03123,2024-06-24,Spain,Taiwan,TW2066660124,P-CS-BS-003,底盤懸吊臂襯套軸套,73269098,24860,6762,7259.2,36852
INV-EU-2024-03128,WO-2024-M12-03128,2024-06-24,Netherlands,Taiwan,TW2066484507,P-M12-EH-001,高強度引擎汽缸頭螺栓 M12,73181595,29036,1851.07,1996.25,13475
INV-EU-2024-03134,WO-2024-M10-03134,2024-06-24,Germany,Taiwan,TW2066288329,P-M10-BN-002,電動車電池模組固定螺母 M10,73181699,19635,333.81,350.5,1054
INV-EU-2024-03135,WO-2024-M10-03135,2024-06-24,France,Taiwan,TW2066291263,P-M10-BN-002,電動車電池模組固定螺母 M10,73181699,27458,466.8,490.14,2058
INV-EU-2024-03148,WO-2024-CS-03148,2024-06-24,Italy,Taiwan,TW2066774968,P-CS-BS-003,底盤懸吊臂襯套軸套,73269098,40493,11014.18,11824.04,77870
INV-EU-2024-03150,WO-2024-CS-03150,2024-06-24,France,Taiwan,TW2066483420,P-CS-BS-003,底盤懸吊臂襯套軸套,73269098,38751,10540.37,11315.39,61344
INV-EU-2024-03170,WO-2024-M12-03170,2024-06-24,Spain,Taiwan,TW2066368612,P-M12-EH-001,高強度引擎汽缸頭螺栓 M12,73181595,36136,2303.68,2484.36,17001
INV-EU-2024-03174,WO-2024-CS-03174,2024-06-24,Spain,Taiwan,TW2066965347,P-CS-BS-003,底盤懸吊臂襯套軸套,73269098,33232,9039.12,9703.76,45557
INV-EU-2024-03177,WO-2024-M12-03177,2024-06-24,Germany,Taiwan,TW2066272315,P-M12-EH-001,高強度引擎汽缸頭螺栓 M12,73181595,22179,1413.96,1524.86,8229
INV-EU-2024-03182,WO-2024-M10-03182,2024-06-24,France,Taiwan,TW2066256051,P-M10-BN-002,電動車電池模組固定螺母 M10,73181699,19029,323.5,339.68,1886
INV-EU-2024-03191,WO-2024-M10-03191,2024-06-24,France,Taiwan,TW2066923022,P-M10-BN-002,電動車電池模組固定螺母 M10,73181699,36178,615.04,645.79,3401
INV-EU-2024-03062,WO-2024-CS-03062,2024-06-25,Netherlands,Taiwan,TW2066146414,P-CS-BS-003,底盤懸吊臂襯套軸套,73269098,41289,11230.62,12056.4,62442
INV-EU-2024-03075,WO-2024-M12-03075,2024-06-25,Spain,Taiwan,TW2066890500,P-M12-EH-001,高強度引擎汽缸頭螺栓 M12,73181595,38830,2475.46,2669.61,16164
INV-EU-2024-03082,WO-2024-CS-03082,2024-06-25,Germany,Taiwan,TW2066288960,P-CS-BS-003,底盤懸吊臂襯套軸套,73269098,43957,11956.52,12835.66,75206
INV-EU-2024-03085,WO-2024-CS-03085,2024-06-25,Italy,Taiwan,TW2066398521,P-CS-BS-003,底盤懸吊臂襯套軸套,73269098,37160,10107.53,10850.73,71763
INV-EU-2024-03087,WO-2024-CS-03087,2024-06-25,Netherlands,Taiwan,TW2066365895,P-CS-BS-003,底盤懸吊臂襯套軸套,73269098,25277,6875.42,7380.96,42833
INV-EU-2024-03092,WO-2024-M10-03092,2024-06-25,Italy,Taiwan,TW2066214232,P-M10-BN-002,電動車電池模組固定螺母 M10,73181699,33585,570.95,599.5,3083
INV-EU-2024-03110,WO-2024-M12-03110,2024-06-25,Netherlands,Taiwan,TW2066965489,P-M12-EH-001,高強度引擎汽缸頭螺栓 M12,73181595,27447,1749.76,1886.99,9221
INV-EU-2024-03112,WO-2024-M10-03112,2024-06-25,France,Taiwan,TW2066549281,P-M10-BN-002,電動車電池模組固定螺母 M10,73181699,48308,821.24,862.3,2496
INV-EU-2024-03124,WO-2024-M10-03124,2024-06-25,Germany,Taiwan,TW2066463439,P-M10-BN-002,電動車電池模組固定螺母 M10,73181699,42872,728.84,765.28,4066
INV-EU-2024-03131,WO-2024-M12-03131,2024-06-25,France,Taiwan,TW2066529740,P-M12-EH-001,高強度引擎汽缸頭螺栓 M12,73181595,17314,1103.79,1190.36,8002
INV-EU-2024-03132,WO-2024-M12-03132,2024-06-25,Spain,Taiwan,TW2066200616,P-M12-EH-001,高強度引擎汽缸頭螺栓 M12,73181595,32839,2093.51,2257.71,15847
INV-EU-2024-03140,WO-2024-CS-03140,2024-06-25,Italy,Taiwan,TW2066638201,P-CS-BS-003,底盤懸吊臂襯套軸套,73269098,39925,10859.63,11658.13,57556
INV-EU-2024-03142,WO-2024-M12-03142,2024-06-25,Germany,Taiwan,TW2066648415,P-M12-EH-001,高強度引擎汽缸頭螺栓 M12,73181595,19955,1272.18,1371.96,6424
INV-EU-2024-03145,WO-2024-M10-03145,2024-06-25,Italy,Taiwan,TW2066256787,P-M10-BN-002,電動車電池模組固定螺母 M10,73181699,20097,341.66,358.74,2292
INV-EU-2024-03159,WO-2024-M10-03159,2024-06-25,Italy,Taiwan,TW2066342978,P-M10-BN-002,電動車電池模組固定螺母 M10,73181699,27971,475.52,499.3,3338
INV-EU-2024-03162,WO-2024-M10-03162,2024-06-25,Germany,Taiwan,TW2066229618,P-M10-BN-002,電動車電池模組固定螺母 M10,73181699,10288,174.9,183.65,1372
INV-EU-2024-03163,WO-2024-CS-03163,2024-06-25,Spain,Taiwan,TW2066299847,P-CS-BS-003,底盤懸吊臂襯套軸套,73269098,46736,12712.4,13647.12,61019
INV-EU-2024-03166,WO-2024-M10-03166,2024-06-25,Spain,Taiwan,TW2066139821,P-M10-BN-002,電動車電池模組固定螺母 M10,73181699,10939,185.98,195.28,1086
INV-EU-2024-03171,WO-2024-CS-03171,2024-06-25,Spain,Taiwan,TW2066128108,P-CS-BS-003,底盤懸吊臂襯套軸套,73269098,46270,12585.65,13511.05,95147
INV-EU-2024-03185,WO-2024-CS-03185,2024-06-25,Germany,Taiwan,TW2066202272,P-CS-BS-003,底盤懸吊臂襯套軸套,73269098,12446,3385.35,3634.27,14726
INV-EU-2024-03190,WO-2024-CS-03190,2024-06-25,Netherlands,Taiwan,TW2066372188,P-CS-BS-003,底盤懸吊臂襯套軸套,73269098,40689,11067.44,11881.22,84887
INV-EU-2024-03201,WO-2024-M12-03201,2024-06-25,Italy,Taiwan,TW2066671136,P-M12-EH-001,高強度引擎汽缸頭螺栓 M12,73181595,22770,1451.62,1565.47,5429
INV-EU-2024-03209,WO-2024-CS-03209,2024-06-25,Germany,Taiwan,TW2066675445,P-CS-BS-003,底盤懸吊臂襯套軸套,73269098,26387,7177.44,7705.18,53902
INV-EU-2024-03212,WO-2024-M12-03212,2024-06-25,Spain,Taiwan,TW2066979072,P-M12-EH-001,高強度引擎汽缸頭螺栓 M12,73181595,27779,1770.95,1909.85,6782
INV-EU-2024-03080,WO-2024-M10-03080,2024-06-26,Netherlands,Taiwan,TW2066741476,P-M10-BN-002,電動車電池模組固定螺母 M10,73181699,38904,661.38,694.45,2202
INV-EU-2024-03100,WO-2024-M10-03100,2024-06-26,Spain,Taiwan,TW2066139627,P-M10-BN-002,電動車電池模組固定螺母 M10,73181699,35065,596.11,625.92,2527
INV-EU-2024-03103,WO-2024-M12-03103,2024-06-26,Spain,Taiwan,TW2066669078,P-M12-EH-001,高強度引擎汽缸頭螺栓 M12,73181595,42647,2718.76,2932,17209
INV-EU-2024-03108,WO-2024-M10-03108,2024-06-26,Spain,Taiwan,TW2066257941,P-M10-BN-002,電動車電池模組固定螺母 M10,73181699,46694,793.81,833.5,5628
INV-EU-2024-03119,WO-2024-M10-03119,2024-06-26,Spain,Taiwan,TW2066769291,P-M10-BN-002,電動車電池模組固定螺母 M10,73181699,43479,739.15,776.11,3133
INV-EU-2024-03129,WO-2024-M12-03129,2024-06-26,Germany,Taiwan,TW2066970481,P-M12-EH-001,高強度引擎汽缸頭螺栓 M12,73181595,43883,2797.55,3016.97,10183
INV-EU-2024-03146,WO-2024-M12-03146,2024-06-26,Germany,Taiwan,TW2066783460,P-M12-EH-001,高強度引擎汽缸頭螺栓 M12,73181595,32716,2085.66,2249.24,8384
INV-EU-2024-03155,WO-2024-M12-03155,2024-06-26,France,Taiwan,TW2066168698,P-M12-EH-001,高強度引擎汽缸頭螺栓 M12,73181595,13667,871.28,939.62,2918
INV-EU-2024-03160,WO-2024-CS-03160,2024-06-26,Italy,Taiwan,TW2066253994,P-CS-BS-003,底盤懸吊臂襯套軸套,73269098,22202,6039.03,6483.07,19626
INV-EU-2024-03164,WO-2024-M10-03164,2024-06-26,Spain,Taiwan,TW2066837738,P-M10-BN-002,電動車電池模組固定螺母 M10,73181699,35522,603.88,634.07,4287
INV-EU-2024-03172,WO-2024-CS-03172,2024-06-26,Netherlands,Taiwan,TW2066612790,P-CS-BS-003,底盤懸吊臂襯套軸套,73269098,12573,3419.87,3671.33,19288
INV-EU-2024-03178,WO-2024-M10-03178,2024-06-26,Spain,Taiwan,TW2066725355,P-M10-BN-002,電動車電池模組固定螺母 M10,73181699,44330,753.62,791.3,5456
INV-EU-2024-03184,WO-2024-M12-03184,2024-06-26,France,Taiwan,TW2066187232,P-M12-EH-001,高強度引擎汽缸頭螺栓 M12,73181595,39181,2497.8,2693.71,8292
INV-EU-2024-03194,WO-2024-M10-03194,2024-06-26,Spain,Taiwan,TW2066428194,P-M10-BN-002,電動車電池模組固定螺母 M10,73181699,45715,777.16,816.02,2549
INV-EU-2024-03198,WO-2024-CS-03198,2024-06-26,Netherlands,Taiwan,TW2066536180,P-CS-BS-003,底盤懸吊臂襯套軸套,73269098,11102,3019.76,3241.8,10780
INV-EU-2024-03199,WO-2024-M10-03199,2024-06-26,Italy,Taiwan,TW2066710461,P-M10-BN-002,電動車電池模組固定螺母 M10,73181699,11857,201.57,211.65,1132
INV-EU-2024-03204,WO-2024-M10-03204,2024-06-26,Germany,Taiwan,TW2066107797,P-M10-BN-002,電動車電池模組固定螺母 M10,73181699,13548,230.33,241.85,1301
INV-EU-2024-03214,WO-2024-M10-03214,2024-06-26,Italy,Taiwan,TW2066712603,P-M10-BN-002,電動車電池模組固定螺母 M10,73181699,30552,519.4,545.37,4129
INV-EU-2024-03217,WO-2024-CS-03217,2024-06-26,Spain,Taiwan,TW2066573562,P-CS-BS-003,底盤懸吊臂襯套軸套,73269098,41107,11181.14,12003.28,63508
INV-EU-2024-03224,WO-2024-M10-03224,2024-06-26,Spain,Taiwan,TW2066630674,P-M10-BN-002,電動車電池模組固定螺母 M10,73181699,48642,826.92,868.27,3473
INV-EU-2024-03233,WO-2024-M12-03233,2024-06-26,Netherlands,Taiwan,TW2066398868,P-M12-EH-001,高強度引擎汽缸頭螺栓 M12,73181595,26260,1674.09,1805.39,9609
INV-EU-2024-03093,WO-2024-M10-03093,2024-06-27,Spain,Taiwan,TW2066221263,P-M10-BN-002,電動車電池模組固定螺母 M10,73181699,44541,757.2,795.06,2642
INV-EU-2024-03095,WO-2024-CS-03095,2024-06-27,Germany,Taiwan,TW2066852651,P-CS-BS-003,底盤懸吊臂襯套軸套,73269098,47413,12896.38,13844.64,50553
INV-EU-2024-03098,WO-2024-M10-03098,2024-06-27,France,Taiwan,TW2066865884,P-M10-BN-002,電動車電池模組固定螺母 M10,73181699,22473,382.05,401.15,2422
INV-EU-2024-03106,WO-2024-CS-03106,2024-06-27,Italy,Taiwan,TW2066499093,P-CS-BS-003,底盤懸吊臂襯套軸套,73269098,32147,8744.08,9387.02,48004
INV-EU-2024-03111,WO-2024-CS-03111,2024-06-27,Spain,Taiwan,TW2066545731,P-CS-BS-003,底盤懸吊臂襯套軸套,73269098,11065,3009.83,3231.13,20346
INV-EU-2024-03113,WO-2024-M12-03113,2024-06-27,Spain,Taiwan,TW2066663043,P-M12-EH-001,高強度引擎汽缸頭螺栓 M12,73181595,22333,1423.79,1535.45,9382
INV-EU-2024-03122,WO-2024-M12-03122,2024-06-27,Italy,Taiwan,TW2066551477,P-M12-EH-001,高強度引擎汽缸頭螺栓 M12,73181595,27928,1780.41,1920.05,5501
INV-EU-2024-03125,WO-2024-M12-03125,2024-06-27,Germany,Taiwan,TW2066642938,P-M12-EH-001,高強度引擎汽缸頭螺栓 M12,73181595,30459,1941.78,2094.07,9747
INV-EU-2024-03126,WO-2024-M10-03126,2024-06-27,Germany,Taiwan,TW2066379309,P-M10-BN-002,電動車電池模組固定螺母 M10,73181699,22006,374.11,392.82,2753
INV-EU-2024-03144,WO-2024-M10-03144,2024-06-27,Spain,Taiwan,TW2066116077,P-M10-BN-002,電動車電池模組固定螺母 M10,73181699,49588,843,885.15,3768
INV-EU-2024-03161,WO-2024-M12-03161,2024-06-27,France,Taiwan,TW2066862726,P-M12-EH-001,高強度引擎汽缸頭螺栓 M12,73181595,16094,1026.04,1106.51,5879
INV-EU-2024-03181,WO-2024-CS-03181,2024-06-27,Italy,Taiwan,TW2066411155,P-CS-BS-003,底盤懸吊臂襯套軸套,73269098,28123,7649.46,8211.92,54387
INV-EU-2024-03187,WO-2024-CS-03187,2024-06-27,Spain,Taiwan,TW2066423521,P-CS-BS-003,底盤懸吊臂襯套軸套,73269098,12266,3336.44,3581.76,25356
INV-EU-2024-03206,WO-2024-M12-03206,2024-06-27,Italy,Taiwan,TW2066493009,P-M12-EH-001,高強度引擎汽缸頭螺栓 M12,73181595,38105,2429.21,2619.74,8623
INV-EU-2024-03207,WO-2024-CS-03207,2024-06-27,Italy,Taiwan,TW2066467747,P-CS-BS-003,底盤懸吊臂襯套軸套,73269098,41258,11222.2,12047.36,47694
INV-EU-2024-03215,WO-2024-CS-03215,2024-06-27,Netherlands,Taiwan,TW2066400619,P-CS-BS-003,底盤懸吊臂襯套軸套,73269098,14809,4028.3,4324.48,13817
INV-EU-2024-03216,WO-2024-M10-03216,2024-06-27,Germany,Taiwan,TW2066517769,P-M10-BN-002,電動車電池模組固定螺母 M10,73181699,15107,256.82,269.66,1548
INV-EU-2024-03218,WO-2024-M10-03218,2024-06-27,Italy,Taiwan,TW2066777044,P-M10-BN-002,電動車電池模組固定螺母 M10,73181699,45643,775.94,814.74,4640
INV-EU-2024-03236,WO-2024-CS-03236,2024-06-27,Netherlands,Taiwan,TW2066623575,P-CS-BS-003,底盤懸吊臂襯套軸套,73269098,37587,10223.68,10975.42,76882
INV-EU-2024-03244,WO-2024-M10-03244,2024-06-27,Spain,Taiwan,TW2066228049,P-M10-BN-002,電動車電池模組固定螺母 M10,73181699,30197,513.35,539.02,3449
INV-EU-2024-03257,WO-2024-M10-03257,2024-06-27,Netherlands,Taiwan,TW2066516064,P-M10-BN-002,電動車電池模組固定螺母 M10,73181699,29740,505.59,530.87,2275
INV-EU-2024-03109,WO-2024-M10-03109,2024-06-28,Netherlands,Taiwan,TW2066504335,P-M10-BN-002,電動車電池模組固定螺母 M10,73181699,14461,245.84,258.13,1062
INV-EU-2024-03114,WO-2024-M10-03114,2024-06-28,France,Taiwan,TW2066564252,P-M10-BN-002,電動車電池模組固定螺母 M10,73181699,11178,190.04,199.54,915
INV-EU-2024-03120,WO-2024-CS-03120,2024-06-28,Italy,Taiwan,TW2066317090,P-CS-BS-003,底盤懸吊臂襯套軸套,73269098,19474,5297.15,5686.63,31200
INV-EU-2024-03127,WO-2024-M12-03127,2024-06-28,France,Taiwan,TW2066579705,P-M12-EH-001,高強度引擎汽缸頭螺栓 M12,73181595,20608,1313.79,1416.83,8106
INV-EU-2024-03139,WO-2024-M10-03139,2024-06-28,Spain,Taiwan,TW2066682755,P-M10-BN-002,電動車電池模組固定螺母 M10,73181699,14038,238.65,250.58,1274
INV-EU-2024-03147,WO-2024-M10-03147,2024-06-28,Netherlands,Taiwan,TW2066328659,P-M10-BN-002,電動車電池模組固定螺母 M10,73181699,39405,669.9,703.39,2150
INV-EU-2024-03165,WO-2024-CS-03165,2024-06-28,Italy,Taiwan,TW2066715003,P-CS-BS-003,底盤懸吊臂襯套軸套,73269098,11187,3043.02,3266.76,22274
INV-EU-2024-03179,WO-2024-CS-03179,2024-06-28,Italy,Taiwan,TW2066254194,P-CS-BS-003,底盤懸吊臂襯套軸套,73269098,16090,4376.49,4698.29,15098
INV-EU-2024-03183,WO-2024-M12-03183,2024-06-28,Spain,Taiwan,TW2066942893,P-M12-EH-001,高強度引擎汽缸頭螺栓 M12,73181595,44942,2865.09,3089.8,22032
INV-EU-2024-03189,WO-2024-M12-03189,2024-06-28,Spain,Taiwan,TW2066581659,P-M12-EH-001,高強度引擎汽缸頭螺栓 M12,73181595,47450,3024.95,3262.2,19450
INV-EU-2024-03205,WO-2024-M10-03205,2024-06-28,Spain,Taiwan,TW2066808700,P-M10-BN-002,電動車電池模組固定螺母 M10,73181699,44318,753.42,791.09,3126
INV-EU-2024-03221,WO-2024-M12-03221,2024-06-28,Germany,Taiwan,TW2066214210,P-M12-EH-001,高強度引擎汽缸頭螺栓 M12,73181595,11150,710.85,766.6,5118
INV-EU-2024-03223,WO-2024-M12-03223,2024-06-28,Spain,Taiwan,TW2066258381,P-M12-EH-001,高強度引擎汽缸頭螺栓 M12,73181595,33155,2113.66,2279.43,12153
INV-EU-2024-03225,WO-2024-M12-03225,2024-06-28,Germany,Taiwan,TW2066264430,P-M12-EH-001,高強度引擎汽缸頭螺栓 M12,73181595,26938,1717.31,1852,5272
INV-EU-2024-03266,WO-2024-M10-03266,2024-06-28,Netherlands,Taiwan,TW2066142167,P-M10-BN-002,電動車電池模組固定螺母 M10,73181699,35805,608.7,639.13,4656
INV-EU-2024-03276,WO-2024-M10-03276,2024-06-28,Netherlands,Taiwan,TW2066438327,P-M10-BN-002,電動車電池模組固定螺母 M10,73181699,18523,314.9,330.64,1376
INV-EU-2024-03277,WO-2024-M10-03277,2024-06-28,Germany,Taiwan,TW2066620414,P-M10-BN-002,電動車電池模組固定螺母 M10,73181699,24559,417.52,438.4,1803
INV-EU-2024-03153,WO-2024-M12-03153,2024-06-29,France,Taiwan,TW2066651020,P-M12-EH-001,高強度引擎汽缸頭螺栓 M12,73181595,11224,715.59,771.71,5016
INV-EU-2024-03156,WO-2024-M12-03156,2024-06-29,Italy,Taiwan,TW2066150069,P-M12-EH-001,高強度引擎汽缸頭螺栓 M12,73181595,37474,2389.01,2576.38,11395
INV-EU-2024-03157,WO-2024-M10-03157,2024-06-29,France,Taiwan,TW2066765480,P-M10-BN-002,電動車電池模組固定螺母 M10,73181699,18111,307.89,323.28,939
INV-EU-2024-03186,WO-2024-M10-03186,2024-06-29,France,Taiwan,TW2066936338,P-M10-BN-002,電動車電池模組固定螺母 M10,73181699,37108,630.84,662.38,4649
INV-EU-2024-03188,WO-2024-M10-03188,2024-06-29,Italy,Taiwan,TW2066887419,P-M10-BN-002,電動車電池模組固定螺母 M10,73181699,17238,293.05,307.7,2162
INV-EU-2024-03193,WO-2024-M12-03193,2024-06-29,Germany,Taiwan,TW2066528297,P-M12-EH-001,高強度引擎汽缸頭螺栓 M12,73181595,22623,1442.24,1555.36,11509
INV-EU-2024-03195,WO-2024-M12-03195,2024-06-29,France,Taiwan,TW2066769441,P-M12-EH-001,高強度引擎汽缸頭螺栓 M12,73181595,34194,2179.88,2350.85,14343
INV-EU-2024-03196,WO-2024-M12-03196,2024-06-29,Italy,Taiwan,TW2066567958,P-M12-EH-001,高強度引擎汽缸頭螺栓 M12,73181595,18412,1173.79,1265.85,5152
INV-EU-2024-03203,WO-2024-CS-03203,2024-06-29,France,Taiwan,TW2066741942,P-CS-BS-003,底盤懸吊臂襯套軸套,73269098,26670,7254.45,7787.85,34531
INV-EU-2024-03208,WO-2024-M10-03208,2024-06-29,Netherlands,Taiwan,TW2066631436,P-M10-BN-002,電動車電池模組固定螺母 M10,73181699,35928,610.78,641.32,4849
INV-EU-2024-03210,WO-2024-CS-03210,2024-06-29,Netherlands,Taiwan,TW2066584798,P-CS-BS-003,底盤懸吊臂襯套軸套,73269098,46371,12612.99,13540.41,52217
INV-EU-2024-03219,WO-2024-M12-03219,2024-06-29,Spain,Taiwan,TW2066856592,P-M12-EH-001,高強度引擎汽缸頭螺栓 M12,73181595,25743,1641.17,1769.88,9748
INV-EU-2024-03220,WO-2024-CS-03220,2024-06-29,Italy,Taiwan,TW2066781756,P-CS-BS-003,底盤懸吊臂襯套軸套,73269098,34941,9504.02,10202.84,32408
INV-EU-2024-03222,WO-2024-M10-03222,2024-06-29,Netherlands,Taiwan,TW2066588916,P-M10-BN-002,電動車電池模組固定螺母 M10,73181699,38692,657.78,690.67,2243
INV-EU-2024-03237,WO-2024-CS-03237,2024-06-29,Germany,Taiwan,TW2066996055,P-CS-BS-003,底盤懸吊臂襯套軸套,73269098,47487,12916.62,13866.36,65487
INV-EU-2024-03240,WO-2024-M10-03240,2024-06-29,Spain,Taiwan,TW2066660698,P-M10-BN-002,電動車電池模組固定螺母 M10,73181699,19296,328.04,344.44,2132
INV-EU-2024-03251,WO-2024-CS-03251,2024-06-29,Italy,Taiwan,TW2066527428,P-CS-BS-003,底盤懸吊臂襯套軸套,73269098,24065,6545.86,7027.16,46475
INV-EU-2024-03252,WO-2024-M12-03252,2024-06-29,Netherlands,Taiwan,TW2066541639,P-M12-EH-001,高強度引擎汽缸頭螺栓 M12,73181595,40307,2569.6,2771.13,8376
INV-EU-2024-03253,WO-2024-CS-03253,2024-06-29,Italy,Taiwan,TW2066875379,P-CS-BS-003,底盤懸吊臂襯套軸套,73269098,11444,3113.02,3341.9,24374
INV-EU-2024-03254,WO-2024-M12-03254,2024-06-29,Netherlands,Taiwan,TW2066399866,P-M12-EH-001,高強度引擎汽缸頭螺栓 M12,73181595,38606,2461.19,2654.22,9204
INV-EU-2024-03255,WO-2024-M12-03255,2024-06-29,Germany,Taiwan,TW2066938905,P-M12-EH-001,高強度引擎汽缸頭螺栓 M12,73181595,12585,802.33,865.25,4685
INV-EU-2024-03256,WO-2024-M10-03256,2024-06-29,Netherlands,Taiwan,TW2066534054,P-M10-BN-002,電動車電池模組固定螺母 M10,73181699,40791,693.46,728.13,4396
INV-EU-2024-03258,WO-2024-M10-03258,2024-06-29,Netherlands,Taiwan,TW2066927955,P-M10-BN-002,電動車電池模組固定螺母 M10,73181699,24549,417.34,438.21,3029
INV-EU-2024-03260,WO-2024-M12-03260,2024-06-29,Netherlands,Taiwan,TW2066620209,P-M12-EH-001,高強度引擎汽缸頭螺栓 M12,73181595,35338,2252.8,2429.49,17549
INV-EU-2024-03264,WO-2024-M12-03264,2024-06-29,Italy,Taiwan,TW2066516400,P-M12-EH-001,高強度引擎汽缸頭螺栓 M12,73181595,48171,3070.94,3311.8,24045
INV-EU-2024-03270,WO-2024-M12-03270,2024-06-29,Netherlands,Taiwan,TW2066738985,P-M12-EH-001,高強度引擎汽缸頭螺栓 M12,73181595,41691,2657.84,2866.3,17010
INV-EU-2024-03304,WO-2024-CS-03304,2024-06-29,France,Taiwan,TW2066385831,P-CS-BS-003,底盤懸吊臂襯套軸套,73269098,10657,2898.77,3111.91,22552
INV-EU-2024-03151,WO-2024-M12-03151,2024-06-30,France,Taiwan,TW2066816129,P-M12-EH-001,高強度引擎汽缸頭螺栓 M12,73181595,41372,2637.51,2844.37,17302
INV-EU-2024-03158,WO-2024-M12-03158,2024-06-30,Germany,Taiwan,TW2066375807,P-M12-EH-001,高強度引擎汽缸頭螺栓 M12,73181595,42354,2700.13,2911.9,13959
INV-EU-2024-03168,WO-2024-CS-03168,2024-06-30,Italy,Taiwan,TW2066414852,P-CS-BS-003,底盤懸吊臂襯套軸套,73269098,23268,6328.97,6794.33,39239
INV-EU-2024-03176,WO-2024-M10-03176,2024-06-30,Spain,Taiwan,TW2066810236,P-M10-BN-002,電動車電池模組固定螺母 M10,73181699,41347,702.91,738.06,5391
INV-EU-2024-03202,WO-2024-M12-03202,2024-06-30,Italy,Taiwan,TW2066264815,P-M12-EH-001,高強度引擎汽缸頭螺栓 M12,73181595,11008,701.78,756.82,4358
INV-EU-2024-03226,WO-2024-M10-03226,2024-06-30,Spain,Taiwan,TW2066959319,P-M10-BN-002,電動車電池模組固定螺母 M10,73181699,15607,265.33,278.6,1875
INV-EU-2024-03239,WO-2024-M12-03239,2024-06-30,Germany,Taiwan,TW2066615513,P-M12-EH-001,高強度引擎汽缸頭螺栓 M12,73181595,13679,872.04,940.43,3514
INV-EU-2024-03246,WO-2024-M10-03246,2024-06-30,Germany,Taiwan,TW2066782794,P-M10-BN-002,電動車電池模組固定螺母 M10,73181699,12847,218.41,229.33,1397
INV-EU-2024-03263,WO-2024-M12-03263,2024-06-30,France,Taiwan,TW2066572358,P-M12-EH-001,高強度引擎汽缸頭螺栓 M12,73181595,49349,3146.03,3392.78,9438
INV-EU-2024-03279,WO-2024-M12-03279,2024-06-30,Spain,Taiwan,TW2066715314,P-M12-EH-001,高強度引擎汽缸頭螺栓 M12,73181595,14364,915.75,987.57,3223
INV-EU-2024-03282,WO-2024-M10-03282,2024-06-30,Netherlands,Taiwan,TW2066786998,P-M10-BN-002,電動車電池模組固定螺母 M10,73181699,42465,721.92,758.02,2223
INV-EU-2024-03283,WO-2024-M12-03283,2024-06-30,Italy,Taiwan,TW2066621007,P-M12-EH-001,高強度引擎汽缸頭螺栓 M12,73181595,27266,1738.22,1874.55,11976
INV-EU-2024-03289,WO-2024-M10-03289,2024-06-30,Netherlands,Taiwan,TW2066524671,P-M10-BN-002,電動車電池模組固定螺母 M10,73181699,15417,262.1,275.21,1929
INV-EU-2024-03301,WO-2024-M12-03301,2024-06-30,France,Taiwan,TW2066592453,P-M12-EH-001,高強度引擎汽缸頭螺栓 M12,73181595,40006,2550.39,2750.42,9410
INV-EU-2024-03306,WO-2024-CS-03306,2024-06-30,France,Taiwan,TW2066617717,P-CS-BS-003,底盤懸吊臂襯套軸套,73269098,41271,11225.98,12051.4,39066
INV-EU-2024-03307,WO-2024-M12-03307,2024-06-30,Netherlands,Taiwan,TW2066332591,P-M12-EH-001,高強度引擎汽缸頭螺栓 M12,73181595,10735,684.37,738.04,3764
INV-EU-2024-03309,WO-2024-M10-03309,2024-06-30,Italy,Taiwan,TW2066935628,P-M10-BN-002,電動車電池模組固定螺母 M10,73181699,22579,383.85,403.04,1923
INV-EU-2024-03314,WO-2024-M12-03314,2024-06-30,France,Taiwan,TW2066312899,P-M12-EH-001,高強度引擎汽缸頭螺栓 M12,73181595,10621,677.09,730.2,2721
INV-EU-2024-03173,WO-2024-M12-03173,2024-07-01,Netherlands,Taiwan,TW2066140329,P-M12-EH-001,高強度引擎汽缸頭螺栓 M12,73181595,47251,3012.28,3248.54,10091
INV-EU-2024-03175,WO-2024-M10-03175,2024-07-01,Netherlands,Taiwan,TW2066459742,P-M10-BN-002,電動車電池模組固定螺母 M10,73181699,10972,186.53,195.86,1124
INV-EU-2024-03180,WO-2024-M12-03180,2024-07-01,Spain,Taiwan,TW2066132994,P-M12-EH-001,高強度引擎汽缸頭螺栓 M12,73181595,12043,767.8,828.01,2510
INV-EU-2024-03192,WO-2024-M12-03192,2024-07-01,France,Taiwan,TW2066346022,P-M12-EH-001,高強度引擎汽缸頭螺栓 M12,73181595,19909,1269.23,1368.78,8833
INV-EU-2024-03197,WO-2024-M12-03197,2024-07-01,Italy,Taiwan,TW2066198370,P-M12-EH-001,高強度引擎汽缸頭螺栓 M12,73181595,22912,1460.69,1575.25,11028
INV-EU-2024-03200,WO-2024-M10-03200,2024-07-01,Netherlands,Taiwan,TW2066593467,P-M10-BN-002,電動車電池模組固定螺母 M10,73181699,21421,364.17,382.38,1922
INV-EU-2024-03231,WO-2024-M12-03231,2024-07-01,France,Taiwan,TW2066700426,P-M12-EH-001,高強度引擎汽缸頭螺栓 M12,73181595,38777,2472.07,2665.95,16686
INV-EU-2024-03232,WO-2024-M10-03232,2024-07-01,France,Taiwan,TW2066169033,P-M10-BN-002,電動車電池模組固定螺母 M10,73181699,45554,774.43,813.15,4414
INV-EU-2024-03243,WO-2024-M10-03243,2024-07-01,Netherlands,Taiwan,TW2066331747,P-M10-BN-002,電動車電池模組固定螺母 M10,73181699,23108,392.84,412.48,2372
INV-EU-2024-03245,WO-2024-CS-03245,2024-07-01,France,Taiwan,TW2066263658,P-CS-BS-003,底盤懸吊臂襯套軸套,73269098,27523,7486.49,8036.95,41624
INV-EU-2024-03286,WO-2024-CS-03286,2024-07-01,Italy,Taiwan,TW2066514507,P-CS-BS-003,底盤懸吊臂襯套軸套,73269098,30140,8198.1,8800.9,33612
INV-EU-2024-03288,WO-2024-M10-03288,2024-07-01,Netherlands,Taiwan,TW2066923097,P-M10-BN-002,電動車電池模組固定螺母 M10,73181699,41092,698.57,733.5,5302
INV-EU-2024-03295,WO-2024-M10-03295,2024-07-01,France,Taiwan,TW2066106322,P-M10-BN-002,電動車電池模組固定螺母 M10,73181699,41548,706.33,741.65,3037
INV-EU-2024-03300,WO-2024-M12-03300,2024-07-01,France,Taiwan,TW2066868995,P-M12-EH-001,高強度引擎汽缸頭螺栓 M12,73181595,32303,2059.36,2220.88,11676
INV-EU-2024-03327,WO-2024-M10-03327,2024-07-01,France,Taiwan,TW2066254964,P-M10-BN-002,電動車電池模組固定螺母 M10,73181699,16119,274.03,287.73,1819
INV-EU-2024-03328,WO-2024-M12-03328,2024-07-01,France,Taiwan,TW2066207069,P-M12-EH-001,高強度引擎汽缸頭螺栓 M12,73181595,30374,1936.39,2088.26,11231
INV-EU-2024-03335,WO-2024-CS-03335,2024-07-01,France,Taiwan,TW2066644376,P-CS-BS-003,底盤懸吊臂襯套軸套,73269098,26662,7252.28,7785.52,55624
INV-EU-2024-03337,WO-2024-M12-03337,2024-07-01,Germany,Taiwan,TW2066463454,P-M12-EH-001,高強度引擎汽缸頭螺栓 M12,73181595,17568,1119.97,1207.81,4838
INV-EU-2024-03211,WO-2024-CS-03211,2024-07-02,France,Taiwan,TW2066905969,P-CS-BS-003,底盤懸吊臂襯套軸套,73269098,28391,7722.38,8290.2,39538
INV-EU-2024-03213,WO-2024-M12-03213,2024-07-02,Germany,Taiwan,TW2066985837,P-M12-EH-001,高強度引擎汽缸頭螺栓 M12,73181595,16747,1067.65,1151.38,4270
INV-EU-2024-03228,WO-2024-CS-03228,2024-07-02,Germany,Taiwan,TW2066447335,P-CS-BS-003,底盤懸吊臂襯套軸套,73269098,12485,3396.13,3645.83,15554
INV-EU-2024-03229,WO-2024-M12-03229,2024-07-02,Germany,Taiwan,TW2066896850,P-M12-EH-001,高強度引擎汽缸頭螺栓 M12,73181595,13552,864,931.76,6436
INV-EU-2024-03230,WO-2024-CS-03230,2024-07-02,Germany,Taiwan,TW2066443350,P-CS-BS-003,底盤懸吊臂襯套軸套,73269098,29337,7979.87,8566.61,59689
INV-EU-2024-03234,WO-2024-M12-03234,2024-07-02,Spain,Taiwan,TW2066716839,P-M12-EH-001,高強度引擎汽缸頭螺栓 M12,73181595,37621,2398.38,2586.49,14390
INV-EU-2024-03241,WO-2024-M12-03241,2024-07-02,Italy,Taiwan,TW2066658066,P-M12-EH-001,高強度引擎汽缸頭螺栓 M12,73181595,42493,2708.93,2921.39,18610
INV-EU-2024-03242,WO-2024-CS-03242,2024-07-02,Netherlands,Taiwan,TW2066899736,P-CS-BS-003,底盤懸吊臂襯套軸套,73269098,30214,8218.34,8822.62,48981
INV-EU-2024-03248,WO-2024-M12-03248,2024-07-02,Italy,Taiwan,TW2066216768,P-M12-EH-001,高強度引擎汽缸頭螺栓 M12,73181595,39917,2544.71,2744.3,11782
INV-EU-2024-03249,WO-2024-M12-03249,2024-07-02,Netherlands,Taiwan,TW2066664225,P-M12-EH-001,高強度引擎汽缸頭螺栓 M12,73181595,18629,1187.6,1280.74,8550
INV-EU-2024-03259,WO-2024-M12-03259,2024-07-02,Italy,Taiwan,TW2066207330,P-M12-EH-001,高強度引擎汽缸頭螺栓 M12,73181595,24512,1562.66,1685.22,8610
INV-EU-2024-03268,WO-2024-M10-03268,2024-07-02,Spain,Taiwan,TW2066566700,P-M10-BN-002,電動車電池模組固定螺母 M10,73181699,37274,633.67,665.35,4803
INV-EU-2024-03287,WO-2024-CS-03287,2024-07-02,Germany,Taiwan,TW2066113628,P-CS-BS-003,底盤懸吊臂襯套軸套,73269098,18139,4933.82,5296.6,16676
INV-EU-2024-03310,WO-2024-CS-03310,2024-07-02,Spain,Taiwan,TW2066318774,P-CS-BS-003,底盤懸吊臂襯套軸套,73269098,34488,9380.87,10070.63,57692
INV-EU-2024-03331,WO-2024-M10-03331,2024-07-02,France,Taiwan,TW2066588154,P-M10-BN-002,電動車電池模組固定螺母 M10,73181699,23164,393.79,413.48,2658
INV-EU-2024-03332,WO-2024-M12-03332,2024-07-02,Netherlands,Taiwan,TW2066270611,P-M12-EH-001,高強度引擎汽缸頭螺栓 M12,73181595,27852,1775.58,1914.84,11470
INV-EU-2024-03334,WO-2024-M10-03334,2024-07-02,Italy,Taiwan,TW2066419559,P-M10-BN-002,電動車電池模組固定螺母 M10,73181699,13676,232.5,244.13,1148
INV-EU-2024-03336,WO-2024-M10-03336,2024-07-02,France,Taiwan,TW2066989406,P-M10-BN-002,電動車電池模組固定螺母 M10,73181699,32884,559.03,586.98,2543
INV-EU-2024-03340,WO-2024-M12-03340,2024-07-02,Spain,Taiwan,TW2066428472,P-M12-EH-001,高強度引擎汽缸頭螺栓 M12,73181595,44924,2863.96,3088.58,18100
INV-EU-2024-03351,WO-2024-M10-03351,2024-07-02,Germany,Taiwan,TW2066903791,P-M10-BN-002,電動車電池模組固定螺母 M10,73181699,13309,226.26,237.57,739
INV-EU-2024-03360,WO-2024-M10-03360,2024-07-02,Spain,Taiwan,TW2066213957,P-M10-BN-002,電動車電池模組固定螺母 M10,73181699,40952,696.2,731.01,3000
INV-EU-2024-03227,WO-2024-M12-03227,2024-07-03,Italy,Taiwan,TW2066918666,P-M12-EH-001,高強度引擎汽缸頭螺栓 M12,73181595,16743,1067.38,1151.1,5785
INV-EU-2024-03235,WO-2024-M10-03235,2024-07-03,Germany,Taiwan,TW2066437856,P-M10-BN-002,電動車電池模組固定螺母 M10,73181699,29334,498.68,523.61,3336
INV-EU-2024-03261,WO-2024-CS-03261,2024-07-03,Spain,Taiwan,TW2066764351,P-CS-BS-003,底盤懸吊臂襯套軸套,73269098,45812,12460.88,13377.12,70902
INV-EU-2024-03267,WO-2024-M12-03267,2024-07-03,Italy,Taiwan,TW2066450534,P-M12-EH-001,高強度引擎汽缸頭螺栓 M12,73181595,22397,1427.86,1539.84,4954
INV-EU-2024-03271,WO-2024-M10-03271,2024-07-03,Spain,Taiwan,TW2066514565,P-M10-BN-002,電動車電池模組固定螺母 M10,73181699,18712,318.11,334.02,1899
INV-EU-2024-03272,WO-2024-M10-03272,2024-07-03,France,Taiwan,TW2066845881,P-M10-BN-002,電動車電池模組固定螺母 M10,73181699,44135,750.3,787.81,4044
INV-EU-2024-03273,WO-2024-CS-03273,2024-07-03,Italy,Taiwan,TW2066988946,P-CS-BS-003,底盤懸吊臂襯套軸套,73269098,33622,9145.24,9817.68,44994
INV-EU-2024-03280,WO-2024-M12-03280,2024-07-03,Germany,Taiwan,TW2066686683,P-M12-EH-001,高強度引擎汽缸頭螺栓 M12,73181595,42567,2713.65,2926.49,15983
INV-EU-2024-03284,WO-2024-CS-03284,2024-07-03,Spain,Taiwan,TW2066637414,P-CS-BS-003,底盤懸吊臂襯套軸套,73269098,11724,3189.16,3423.64,19517
INV-EU-2024-03293,WO-2024-M10-03293,2024-07-03,Italy,Taiwan,TW2066325674,P-M10-BN-002,電動車電池模組固定螺母 M10,73181699,10416,177.08,185.93,958
INV-EU-2024-03296,WO-2024-M12-03296,2024-07-03,France,Taiwan,TW2066685065,P-M12-EH-001,高強度引擎汽缸頭螺栓 M12,73181595,23310,1486.03,1602.58,5914
INV-EU-2024-03298,WO-2024-CS-03298,2024-07-03,Germany,Taiwan,TW2066457287,P-CS-BS-003,底盤懸吊臂襯套軸套,73269098,26651,7249.34,7782.36,36536
INV-EU-2024-03302,WO-2024-M12-03302,2024-07-03,France,Taiwan,TW2066318186,P-M12-EH-001,高強度引擎汽缸頭螺栓 M12,73181595,34619,2207.02,2380.11,14478
INV-EU-2024-03316,WO-2024-CS-03316,2024-07-03,France,Taiwan,TW2066329889,P-CS-BS-003,底盤懸吊臂襯套軸套,73269098,41649,11328.71,12161.69,45201
INV-EU-2024-03317,WO-2024-M10-03317,2024-07-03,Italy,Taiwan,TW2066209501,P-M10-BN-002,電動車電池模組固定螺母 M10,73181699,34921,593.66,623.34,4737
INV-EU-2024-03326,WO-2024-CS-03326,2024-07-03,Netherlands,Taiwan,TW2066175166,P-CS-BS-003,底盤懸吊臂襯套軸套,73269098,35054,9534.88,10235.96,51393
INV-EU-2024-03333,WO-2024-M10-03333,2024-07-03,Italy,Taiwan,TW2066704947,P-M10-BN-002,電動車電池模組固定螺母 M10,73181699,46711,794.1,833.81,2882
INV-EU-2024-03342,WO-2024-M12-03342,2024-07-03,Spain,Taiwan,TW2066168869,P-M12-EH-001,高強度引擎汽缸頭螺栓 M12,73181595,25401,1619.32,1746.33,10185
INV-EU-2024-03343,WO-2024-M10-03343,2024-07-03,Spain,Taiwan,TW2066444025,P-M10-BN-002,電動車電池模組固定螺母 M10,73181699,14561,247.55,259.93,1524
INV-EU-2024-03361,WO-2024-CS-03361,2024-07-03,Netherlands,Taiwan,TW2066490478,P-CS-BS-003,底盤懸吊臂襯套軸套,73269098,36897,10036.21,10774.15,62224
INV-EU-2024-03238,WO-2024-M12-03238,2024-07-04,Italy,Taiwan,TW2066302358,P-M12-EH-001,高強度引擎汽缸頭螺栓 M12,73181595,31155,1986.14,2141.91,9751
INV-EU-2024-03247,WO-2024-M10-03247,2024-07-04,Italy,Taiwan,TW2066692718,P-M10-BN-002,電動車電池模組固定螺母 M10,73181699,38788,659.4,692.37,4338
INV-EU-2024-03250,WO-2024-M12-03250,2024-07-04,Netherlands,Taiwan,TW2066964482,P-M12-EH-001,高強度引擎汽缸頭螺栓 M12,73181595,13720,874.69,943.29,4740
INV-EU-2024-03262,WO-2024-M12-03262,2024-07-04,Spain,Taiwan,TW2066648646,P-M12-EH-001,高強度引擎汽缸頭螺栓 M12,73181595,16099,1026.33,1106.82,4218
INV-EU-2024-03274,WO-2024-M12-03274,2024-07-04,Netherlands,Taiwan,TW2066705045,P-M12-EH-001,高強度引擎汽缸頭螺栓 M12,73181595,43353,2763.78,2980.55,17080
INV-EU-2024-03281,WO-2024-M10-03281,2024-07-04,Germany,Taiwan,TW2066337322,P-M10-BN-002,電動車電池模組固定螺母 M10,73181699,14439,245.47,257.74,1791
INV-EU-2024-03292,WO-2024-M12-03292,2024-07-04,Netherlands,Taiwan,TW2066858598,P-M12-EH-001,高強度引擎汽缸頭螺栓 M12,73181595,25525,1627.26,1754.88,10219
INV-EU-2024-03294,WO-2024-M12-03294,2024-07-04,France,Taiwan,TW2066451520,P-M12-EH-001,高強度引擎汽缸頭螺栓 M12,73181595,36062,2298.97,2479.28,13839
INV-EU-2024-03303,WO-2024-M10-03303,2024-07-04,Italy,Taiwan,TW2066499735,P-M10-BN-002,電動車電池模組固定螺母 M10,73181699,34030,578.52,607.45,3633
INV-EU-2024-03308,WO-2024-CS-03308,2024-07-04,Germany,Taiwan,TW2066310138,P-CS-BS-003,底盤懸吊臂襯套軸套,73269098,43648,11872.51,12745.47,63399
INV-EU-2024-03313,WO-2024-M12-03313,2024-07-04,Italy,Taiwan,TW2066390344,P-M12-EH-001,高強度引擎汽缸頭螺栓 M12,73181595,46272,2949.86,3181.22,14631
INV-EU-2024-03323,WO-2024-M10-03323,2024-07-04,Germany,Taiwan,TW2066403128,P-M10-BN-002,電動車電池模組固定螺母 M10,73181699,32500,552.51,580.14,2862
INV-EU-2024-03339,WO-2024-CS-03339,2024-07-04,Netherlands,Taiwan,TW2066296080,P-CS-BS-003,底盤懸吊臂襯套軸套,73269098,41211,11209.52,12033.74,79139
INV-EU-2024-03347,WO-2024-CS-03347,2024-07-04,Netherlands,Taiwan,TW2066504192,P-CS-BS-003,底盤懸吊臂襯套軸套,73269098,17351,4719.56,5066.58,27892
INV-EU-2024-03348,WO-2024-M10-03348,2024-07-04,Spain,Taiwan,TW2066400460,P-M10-BN-002,電動車電池模組固定螺母 M10,73181699,42421,721.17,757.23,4161
INV-EU-2024-03362,WO-2024-CS-03362,2024-07-04,Spain,Taiwan,TW2066610235,P-CS-BS-003,底盤懸吊臂襯套軸套,73269098,43493,11830.33,12700.19,79854
INV-EU-2024-03368,WO-2024-M12-03368,2024-07-04,Netherlands,Taiwan,TW2066331841,P-M12-EH-001,高強度引擎汽缸頭螺栓 M12,73181595,25383,1618.19,1745.11,12557
INV-EU-2024-03374,WO-2024-CS-03374,2024-07-04,Netherlands,Taiwan,TW2066822277,P-CS-BS-003,底盤懸吊臂襯套軸套,73269098,40175,10927.74,11731.24,48846
INV-EU-2024-03385,WO-2024-M12-03385,2024-07-04,France,Taiwan,TW2066922866,P-M12-EH-001,高強度引擎汽缸頭螺栓 M12,73181595,16627,1060,1143.13,5724
INV-EU-2024-03265,WO-2024-M12-03265,2024-07-05,Netherlands,Taiwan,TW2066869817,P-M12-EH-001,高強度引擎汽缸頭螺栓 M12,73181595,35645,2272.39,2450.61,10725
INV-EU-2024-03269,WO-2024-CS-03269,2024-07-05,Netherlands,Taiwan,TW2066364038,P-CS-BS-003,底盤懸吊臂襯套軸套,73269098,44184,12018.09,12901.77,95183
INV-EU-2024-03275,WO-2024-CS-03275,2024-07-05,France,Taiwan,TW2066903986,P-CS-BS-003,底盤懸吊臂襯套軸套,73269098,33142,9014.8,9677.64,58145
INV-EU-2024-03278,WO-2024-M10-03278,2024-07-05,France,Taiwan,TW2066295225,P-M10-BN-002,電動車電池模組固定螺母 M10,73181699,42182,717.11,752.97,4022
INV-EU-2024-03285,WO-2024-CS-03285,2024-07-05,France,Taiwan,TW2066316432,P-CS-BS-003,底盤懸吊臂襯套軸套,73269098,39437,10727.02,11515.76,51704
INV-EU-2024-03329,WO-2024-CS-03329,2024-07-05,Germany,Taiwan,TW2066256728,P-CS-BS-003,底盤懸吊臂襯套軸套,73269098,13107,3565.26,3827.4,12799
INV-EU-2024-03330,WO-2024-CS-03330,2024-07-05,Netherlands,Taiwan,TW2066231435,P-CS-BS-003,底盤懸吊臂襯套軸套,73269098,38660,10515.79,11288.99,50055
INV-EU-2024-03367,WO-2024-M10-03367,2024-07-05,Italy,Taiwan,TW2066496632,P-M10-BN-002,電動車電池模組固定螺母 M10,73181699,35711,607.09,637.44,4079
INV-EU-2024-03372,WO-2024-M12-03372,2024-07-05,France,Taiwan,TW2066812613,P-M12-EH-001,高強度引擎汽缸頭螺栓 M12,73181595,18933,1206.99,1301.65,7012
INV-EU-2024-03373,WO-2024-M10-03373,2024-07-05,France,Taiwan,TW2066460069,P-M10-BN-002,電動車電池模組固定螺母 M10,73181699,16742,284.63,298.86,1739
INV-EU-2024-03379,WO-2024-M12-03379,2024-07-05,Italy,Taiwan,TW2066282726,P-M12-EH-001,高強度引擎汽缸頭螺栓 M12,73181595,20982,1337.62,1442.53,7276
INV-EU-2024-03386,WO-2024-M10-03386,2024-07-05,Netherlands,Taiwan,TW2066671283,P-M10-BN-002,電動車電池模組固定螺母 M10,73181699,44758,760.9,798.94,2564
INV-EU-2024-03395,WO-2024-M12-03395,2024-07-05,Spain,Taiwan,TW2066287169,P-M12-EH-001,高強度引擎汽缸頭螺栓 M12,73181595,10819,689.76,743.86,4048
INV-EU-2024-03402,WO-2024-CS-03402,2024-07-05,Germany,Taiwan,TW2066314219,P-CS-BS-003,底盤懸吊臂襯套軸套,73269098,31707,8624.42,9258.56,66063
INV-EU-2024-03405,WO-2024-M10-03405,2024-07-05,France,Taiwan,TW2066351474,P-M10-BN-002,電動車電池模組固定螺母 M10,73181699,38059,647.01,679.36,2600
INV-EU-2024-03406,WO-2024-CS-03406,2024-07-05,Italy,Taiwan,TW2066311974,P-CS-BS-003,底盤懸吊臂襯套軸套,73269098,28444,7736.95,8305.83,41392
INV-EU-2024-03411,WO-2024-CS-03411,2024-07-05,Spain,Taiwan,TW2066380741,P-CS-BS-003,底盤懸吊臂襯套軸套,73269098,11979,3258.32,3497.9,21667
INV-EU-2024-03412,WO-2024-CS-03412,2024-07-05,Italy,Taiwan,TW2066806810,P-CS-BS-003,底盤懸吊臂襯套軸套,73269098,37664,10244.78,10998.06,55936
INV-EU-2024-03414,WO-2024-M12-03414,2024-07-05,France,Taiwan,TW2066380991,P-M12-EH-001,高強度引擎汽缸頭螺栓 M12,73181595,37726,2405.09,2593.72,12795
INV-EU-2024-03416,WO-2024-M12-03416,2024-07-05,Italy,Taiwan,TW2066652618,P-M12-EH-001,高強度引擎汽缸頭螺栓 M12,73181595,19884,1267.63,1367.05,8746
INV-EU-2024-03290,WO-2024-CS-03290,2024-07-06,Italy,Taiwan,TW2066437457,P-CS-BS-003,底盤懸吊臂襯套軸套,73269098,15142,4118.81,4421.65,31179
INV-EU-2024-03291,WO-2024-M10-03291,2024-07-06,Netherlands,Taiwan,TW2066644187,P-M10-BN-002,電動車電池模組固定螺母 M10,73181699,47022,799.39,839.36,5979
INV-EU-2024-03297,WO-2024-M10-03297,2024-07-06,Netherlands,Taiwan,TW2066517618,P-M10-BN-002,電動車電池模組固定螺母 M10,73181699,22112,375.91,394.71,1593
INV-EU-2024-03299,WO-2024-CS-03299,2024-07-06,Italy,Taiwan,TW2066300226,P-CS-BS-003,底盤懸吊臂襯套軸套,73269098,26412,7184.25,7712.49,40519
INV-EU-2024-03311,WO-2024-CS-03311,2024-07-06,France,Taiwan,TW2066155831,P-CS-BS-003,底盤懸吊臂襯套軸套,73269098,38343,10429.32,11196.18,31600
INV-EU-2024-03315,WO-2024-M12-03315,2024-07-06,France,Taiwan,TW2066992327,P-M12-EH-001,高強度引擎汽缸頭螺栓 M12,73181595,25890,1650.55,1780,11702
INV-EU-2024-03324,WO-2024-M10-03324,2024-07-06,Italy,Taiwan,TW2066270704,P-M10-BN-002,電動車電池模組固定螺母 M10,73181699,15490,263.34,276.51,1379
INV-EU-2024-03349,WO-2024-M12-03349,2024-07-06,Netherlands,Taiwan,TW2066373384,P-M12-EH-001,高強度引擎汽缸頭螺栓 M12,73181595,23651,1507.79,1626.05,6664
INV-EU-2024-03358,WO-2024-M12-03358,2024-07-06,Italy,Taiwan,TW2066497315,P-M12-EH-001,高強度引擎汽缸頭螺栓 M12,73181595,18351,1169.92,1261.68,4749
INV-EU-2024-03364,WO-2024-M12-03364,2024-07-06,France,Taiwan,TW2066111056,P-M12-EH-001,高強度引擎汽缸頭螺栓 M12,73181595,48933,3119.54,3364.2,17531
INV-EU-2024-03366,WO-2024-M10-03366,2024-07-06,France,Taiwan,TW2066400991,P-M10-BN-002,電動車電池模組固定螺母 M10,73181699,10594,180.1,189.1,851
INV-EU-2024-03369,WO-2024-M10-03369,2024-07-06,Spain,Taiwan,TW2066325930,P-M10-BN-002,電動車電池模組固定螺母 M10,73181699,47006,799.11,839.07,3859
INV-EU-2024-03381,WO-2024-M10-03381,2024-07-06,Netherlands,Taiwan,TW2066613127,P-M10-BN-002,電動車電池模組固定螺母 M10,73181699,47150,801.56,841.64,3278
INV-EU-2024-03390,WO-2024-M10-03390,2024-07-06,Germany,Taiwan,TW2066126486,P-M10-BN-002,電動車電池模組固定螺母 M10,73181699,48647,827.01,868.36,4887
INV-EU-2024-03393,WO-2024-M10-03393,2024-07-06,Spain,Taiwan,TW2066661970,P-M10-BN-002,電動車電池模組固定螺母 M10,73181699,39222,666.78,700.12,2127
INV-EU-2024-03396,WO-2024-M10-03396,2024-07-06,Netherlands,Taiwan,TW2066568163,P-M10-BN-002,電動車電池模組固定螺母 M10,73181699,28639,486.87,511.21,2142
INV-EU-2024-03415,WO-2024-M10-03415,2024-07-06,France,Taiwan,TW2066190307,P-M10-BN-002,電動車電池模組固定螺母 M10,73181699,38059,647.01,679.36,3752
INV-EU-2024-03428,WO-2024-CS-03428,2024-07-06,Italy,Taiwan,TW2066616758,P-CS-BS-003,底盤懸吊臂襯套軸套,73269098,29055,7903.07,8484.17,48050
INV-EU-2024-03431,WO-2024-M12-03431,2024-07-06,Netherlands,Taiwan,TW2066149953,P-M12-EH-001,高強度引擎汽缸頭螺栓 M12,73181595,37189,2370.86,2556.81,11332
INV-EU-2024-03432,WO-2024-M12-03432,2024-07-06,Germany,Taiwan,TW2066662376,P-M12-EH-001,高強度引擎汽缸頭螺栓 M12,73181595,35700,2275.88,2454.38,7305
INV-EU-2024-03433,WO-2024-M10-03433,2024-07-06,Spain,Taiwan,TW2066595553,P-M10-BN-002,電動車電池模組固定螺母 M10,73181699,34220,581.74,610.83,2065
INV-EU-2024-03434,WO-2024-M12-03434,2024-07-06,Germany,Taiwan,TW2066957000,P-M12-EH-001,高強度引擎汽缸頭螺栓 M12,73181595,35725,2277.5,2456.13,11615
INV-EU-2024-03305,WO-2024-M10-03305,2024-07-07,France,Taiwan,TW2066202051,P-M10-BN-002,電動車電池模組固定螺母 M10,73181699,31120,529.05,555.5,1661
INV-EU-2024-03312,WO-2024-CS-03312,2024-07-07,Germany,Taiwan,TW2066256654,P-CS-BS-003,底盤懸吊臂襯套軸套,73269098,38191,10388,11151.82,71573
INV-EU-2024-03319,WO-2024-M10-03319,2024-07-07,Spain,Taiwan,TW2066296182,P-M10-BN-002,電動車電池模組固定螺母 M10,73181699,11679,198.55,208.48,1471
INV-EU-2024-03322,WO-2024-M12-03322,2024-07-07,Italy,Taiwan,TW2066465651,P-M12-EH-001,高強度引擎汽缸頭螺栓 M12,73181595,22317,1422.76,1534.35,10727
INV-EU-2024-03341,WO-2024-M12-03341,2024-07-07,France,Taiwan,TW2066611893,P-M12-EH-001,高強度引擎汽缸頭螺栓 M12,73181595,32696,2084.43,2247.91,15529
INV-EU-2024-03346,WO-2024-M10-03346,2024-07-07,Netherlands,Taiwan,TW2066325329,P-M10-BN-002,電動車電池模組固定螺母 M10,73181699,29629,503.7,528.88,3505
INV-EU-2024-03350,WO-2024-M10-03350,2024-07-07,Italy,Taiwan,TW2066891849,P-M10-BN-002,電動車電池模組固定螺母 M10,73181699,23815,404.86,425.1,2599
INV-EU-2024-03352,WO-2024-CS-03352,2024-07-07,Spain,Taiwan,TW2066716946,P-CS-BS-003,底盤懸吊臂襯套軸套,73269098,42442,11544.29,12393.13,35325
INV-EU-2024-03354,WO-2024-M10-03354,2024-07-07,France,Taiwan,TW2066205589,P-M10-BN-002,電動車電池模組固定螺母 M10,73181699,21683,368.62,387.05,2875
INV-EU-2024-03355,WO-2024-M10-03355,2024-07-07,Italy,Taiwan,TW2066405425,P-M10-BN-002,電動車電池模組固定螺母 M10,73181699,46928,797.78,837.67,5544
INV-EU-2024-03356,WO-2024-M12-03356,2024-07-07,Netherlands,Taiwan,TW2066625531,P-M12-EH-001,高強度引擎汽缸頭螺栓 M12,73181595,26377,1681.56,1813.44,9769
INV-EU-2024-03370,WO-2024-M12-03370,2024-07-07,Germany,Taiwan,TW2066169009,P-M12-EH-001,高強度引擎汽缸頭螺栓 M12,73181595,35857,2285.91,2465.19,15635
INV-EU-2024-03371,WO-2024-CS-03371,2024-07-07,France,Taiwan,TW2066492809,P-CS-BS-003,底盤懸吊臂襯套軸套,73269098,27732,7543.23,8097.87,46089
INV-EU-2024-03383,WO-2024-CS-03383,2024-07-07,Italy,Taiwan,TW2066448855,P-CS-BS-003,底盤懸吊臂襯套軸套,73269098,37033,10073.01,10813.67,39586
INV-EU-2024-03391,WO-2024-M12-03391,2024-07-07,Italy,Taiwan,TW2066770716,P-M12-EH-001,高強度引擎汽缸頭螺栓 M12,73181595,30370,1936.11,2087.96,7666
INV-EU-2024-03410,WO-2024-M10-03410,2024-07-07,Netherlands,Taiwan,TW2066754041,P-M10-BN-002,電動車電池模組固定螺母 M10,73181699,20510,348.67,366.1,1792
INV-EU-2024-03420,WO-2024-M10-03420,2024-07-07,Netherlands,Taiwan,TW2066694916,P-M10-BN-002,電動車電池模組固定螺母 M10,73181699,21138,359.35,377.32,1584
INV-EU-2024-03421,WO-2024-CS-03421,2024-07-07,France,Taiwan,TW2066453211,P-CS-BS-003,底盤懸吊臂襯套軸套,73269098,41693,11340.54,12174.4,48083
INV-EU-2024-03422,WO-2024-M12-03422,2024-07-07,France,Taiwan,TW2066434290,P-M12-EH-001,高強度引擎汽缸頭螺栓 M12,73181595,14087,898.06,968.49,4813
INV-EU-2024-03436,WO-2024-M12-03436,2024-07-07,Italy,Taiwan,TW2066531906,P-M12-EH-001,高強度引擎汽缸頭螺栓 M12,73181595,33191,2115.93,2281.88,14642
INV-EU-2024-03438,WO-2024-CS-03438,2024-07-07,Spain,Taiwan,TW2066801522,P-CS-BS-003,底盤懸吊臂襯套軸套,73269098,43049,11709.36,12570.34,52575
INV-EU-2024-03439,WO-2024-M12-03439,2024-07-07,France,Taiwan,TW2066586306,P-M12-EH-001,高強度引擎汽缸頭螺栓 M12,73181595,25782,1643.63,1772.54,7297
INV-EU-2024-03318,WO-2024-CS-03318,2024-07-08,Spain,Taiwan,TW2066939011,P-CS-BS-003,底盤懸吊臂襯套軸套,73269098,37522,10206.18,10956.62,55011
INV-EU-2024-03320,WO-2024-M10-03320,2024-07-08,France,Taiwan,TW2066690813,P-M10-BN-002,電動車電池模組固定螺母 M10,73181699,22969,390.48,410,1940
INV-EU-2024-03321,WO-2024-M10-03321,2024-07-08,Netherlands,Taiwan,TW2066201395,P-M10-BN-002,電動車電池模組固定螺母 M10,73181699,39417,670.09,703.59,2439
INV-EU-2024-03325,WO-2024-CS-03325,2024-07-08,Italy,Taiwan,TW2066341318,P-CS-BS-003,底盤懸吊臂襯套軸套,73269098,15567,4234.41,4545.75,28582
INV-EU-2024-03338,WO-2024-M12-03338,2024-07-08,Netherlands,Taiwan,TW2066198638,P-M12-EH-001,高強度引擎汽缸頭螺栓 M12,73181595,12174,776.13,837,5906
INV-EU-2024-03344,WO-2024-CS-03344,2024-07-08,Germany,Taiwan,TW2066637180,P-CS-BS-003,底盤懸吊臂襯套軸套,73269098,32578,8861.37,9512.93,59105
INV-EU-2024-03345,WO-2024-CS-03345,2024-07-08,Germany,Taiwan,TW2066681177,P-CS-BS-003,底盤懸吊臂襯套軸套,73269098,26741,7273.64,7808.46,53315
INV-EU-2024-03357,WO-2024-M12-03357,2024-07-08,France,Taiwan,TW2066757926,P-M12-EH-001,高強度引擎汽缸頭螺栓 M12,73181595,23159,1476.4,1592.2,11604
INV-EU-2024-03359,WO-2024-M12-03359,2024-07-08,Italy,Taiwan,TW2066783036,P-M12-EH-001,高強度引擎汽缸頭螺栓 M12,73181595,29557,1884.27,2032.06,12360
INV-EU-2024-03389,WO-2024-CS-03389,2024-07-08,Spain,Taiwan,TW2066346963,P-CS-BS-003,底盤懸吊臂襯套軸套,73269098,31123,8465.6,9088.06,64423
INV-EU-2024-03425,WO-2024-CS-03425,2024-07-08,Italy,Taiwan,TW2066744974,P-CS-BS-003,底盤懸吊臂襯套軸套,73269098,46331,12602.2,13528.82,53433
INV-EU-2024-03437,WO-2024-M12-03437,2024-07-08,Italy,Taiwan,TW2066618960,P-M12-EH-001,高強度引擎汽缸頭螺栓 M12,73181595,19801,1262.33,1361.34,7043
INV-EU-2024-03448,WO-2024-CS-03448,2024-07-08,France,Taiwan,TW2066943760,P-CS-BS-003,底盤懸吊臂襯套軸套,73269098,33980,9242.75,9922.35,41592
INV-EU-2024-03454,WO-2024-M12-03454,2024-07-08,France,Taiwan,TW2066910265,P-M12-EH-001,高強度引擎汽缸頭螺栓 M12,73181595,38111,2429.6,2620.15,11078
INV-EU-2024-03353,WO-2024-M12-03353,2024-07-09,Germany,Taiwan,TW2066440986,P-M12-EH-001,高強度引擎汽缸頭螺栓 M12,73181595,28957,1846.05,1990.84,10817
INV-EU-2024-03376,WO-2024-CS-03376,2024-07-09,Spain,Taiwan,TW2066575374,P-CS-BS-003,底盤懸吊臂襯套軸套,73269098,22786,6197.86,6653.58,48963
INV-EU-2024-03377,WO-2024-M10-03377,2024-07-09,Italy,Taiwan,TW2066836951,P-M10-BN-002,電動車電池模組固定螺母 M10,73181699,38598,656.18,688.99,2513
INV-EU-2024-03388,WO-2024-CS-03388,2024-07-09,Germany,Taiwan,TW2066570240,P-CS-BS-003,底盤懸吊臂襯套軸套,73269098,44938,12223.17,13121.93,54148
INV-EU-2024-03394,WO-2024-CS-03394,2024-07-09,Germany,Taiwan,TW2066552992,P-CS-BS-003,底盤懸吊臂襯套軸套,73269098,12720,3459.89,3714.29,25464
INV-EU-2024-03400,WO-2024-M10-03400,2024-07-09,Netherlands,Taiwan,TW2066615100,P-M10-BN-002,電動車電池模組固定螺母 M10,73181699,37887,644.08,676.28,4418
INV-EU-2024-03401,WO-2024-M10-03401,2024-07-09,Italy,Taiwan,TW2066169620,P-M10-BN-002,電動車電池模組固定螺母 M10,73181699,46828,796.09,835.89,2850
INV-EU-2024-03403,WO-2024-M10-03403,2024-07-09,Italy,Taiwan,TW2066673866,P-M10-BN-002,電動車電池模組固定螺母 M10,73181699,40796,693.54,728.22,3516
INV-EU-2024-03419,WO-2024-CS-03419,2024-07-09,Netherlands,Taiwan,TW2066351792,P-CS-BS-003,底盤懸吊臂襯套軸套,73269098,45658,12418.98,13332.14,94260
INV-EU-2024-03424,WO-2024-CS-03424,2024-07-09,Italy,Taiwan,TW2066626173,P-CS-BS-003,底盤懸吊臂襯套軸套,73269098,26798,7289.06,7825.02,43661
INV-EU-2024-03429,WO-2024-M12-03429,2024-07-09,Spain,Taiwan,TW2066529010,P-M12-EH-001,高強度引擎汽缸頭螺栓 M12,73181595,27705,1766.21,1904.74,5881
INV-EU-2024-03450,WO-2024-M10-03450,2024-07-09,France,Taiwan,TW2066290510,P-M10-BN-002,電動車電池模組固定螺母 M10,73181699,17722,301.29,316.35,1021
INV-EU-2024-03452,WO-2024-M12-03452,2024-07-09,Spain,Taiwan,TW2066532430,P-M12-EH-001,高強度引擎汽缸頭螺栓 M12,73181595,41890,2670.51,2879.96,9133
INV-EU-2024-03455,WO-2024-M12-03455,2024-07-09,Germany,Taiwan,TW2066177268,P-M12-EH-001,高強度引擎汽缸頭螺栓 M12,73181595,25794,1644.39,1773.36,12464
INV-EU-2024-03464,WO-2024-M10-03464,2024-07-09,Netherlands,Taiwan,TW2066187627,P-M10-BN-002,電動車電池模組固定螺母 M10,73181699,28934,491.88,516.47,2646
INV-EU-2024-03485,WO-2024-M12-03485,2024-07-09,France,Taiwan,TW2066893469,P-M12-EH-001,高強度引擎汽缸頭螺栓 M12,73181595,33823,2156.22,2325.34,6511
INV-EU-2024-03363,WO-2024-CS-03363,2024-07-10,France,Taiwan,TW2066652670,P-CS-BS-003,底盤懸吊臂襯套軸套,73269098,36866,10027.6,10764.92,67686
INV-EU-2024-03365,WO-2024-CS-03365,2024-07-10,Spain,Taiwan,TW2066352779,P-CS-BS-003,底盤懸吊臂襯套軸套,73269098,25353,6896.23,7403.29,47377
INV-EU-2024-03375,WO-2024-M12-03375,2024-07-10,France,Taiwan,TW2066476456,P-M12-EH-001,高強度引擎汽缸頭螺栓 M12,73181595,30131,1920.88,2071.54,12312
INV-EU-2024-03380,WO-2024-M12-03380,2024-07-10,France,Taiwan,TW2066536091,P-M12-EH-001,高強度引擎汽缸頭螺栓 M12,73181595,28016,1786.08,1926.16,6822
INV-EU-2024-03382,WO-2024-M12-03382,2024-07-10,Netherlands,Taiwan,TW2066584133,P-M12-EH-001,高強度引擎汽缸頭螺栓 M12,73181595,35085,2236.73,2412.16,14605
INV-EU-2024-03384,WO-2024-M10-03384,2024-07-10,France,Taiwan,TW2066589528,P-M10-BN-002,電動車電池模組固定螺母 M10,73181699,15001,255.02,267.77,1586
INV-EU-2024-03387,WO-2024-M12-03387,2024-07-10,Spain,Taiwan,TW2066382133,P-M12-EH-001,高強度引擎汽缸頭螺栓 M12,73181595,18051,1150.81,1241.07,8423
INV-EU-2024-03392,WO-2024-M10-03392,2024-07-10,Germany,Taiwan,TW2066828055,P-M10-BN-002,電動車電池模組固定螺母 M10,73181699,48419,823.13,864.29,5078
INV-EU-2024-03399,WO-2024-M12-03399,2024-07-10,Italy,Taiwan,TW2066462783,P-M12-EH-001,高強度引擎汽缸頭螺栓 M12,73181595,48388,3084.74,3326.68,15917
INV-EU-2024-03426,WO-2024-M10-03426,2024-07-10,Germany,Taiwan,TW2066296889,P-M10-BN-002,電動車電池模組固定螺母 M10,73181699,13832,235.16,246.92,898
INV-EU-2024-03440,WO-2024-CS-03440,2024-07-10,France,Taiwan,TW2066391005,P-CS-BS-003,底盤懸吊臂襯套軸套,73269098,43028,11703.68,12564.24,77946
INV-EU-2024-03442,WO-2024-M12-03442,2024-07-10,Netherlands,Taiwan,TW2066552163,P-M12-EH-001,高強度引擎汽缸頭螺栓 M12,73181595,41788,2663.99,2872.93,10549
INV-EU-2024-03443,WO-2024-M12-03443,2024-07-10,Spain,Taiwan,TW2066344463,P-M12-EH-001,高強度引擎汽缸頭螺栓 M12,73181595,26546,1692.35,1825.08,7294
INV-EU-2024-03446,WO-2024-M12-03446,2024-07-10,Netherlands,Taiwan,TW2066234862,P-M12-EH-001,高強度引擎汽缸頭螺栓 M12,73181595,22396,1427.77,1539.75,10494
INV-EU-2024-03449,WO-2024-M10-03449,2024-07-10,Netherlands,Taiwan,TW2066440429,P-M10-BN-002,電動車電池模組固定螺母 M10,73181699,19747,335.71,352.5,2118
INV-EU-2024-03457,WO-2024-M10-03457,2024-07-10,Italy,Taiwan,TW2066543388,P-M10-BN-002,電動車電池模組固定螺母 M10,73181699,28344,481.85,505.94,2216
INV-EU-2024-03468,WO-2024-M10-03468,2024-07-10,Italy,Taiwan,TW2066105587,P-M10-BN-002,電動車電池模組固定螺母 M10,73181699,47162,801.76,841.85,3022
INV-EU-2024-03474,WO-2024-CS-03474,2024-07-10,Germany,Taiwan,TW2066370267,P-CS-BS-003,底盤懸吊臂襯套軸套,73269098,45321,12327.4,13233.82,54117
INV-EU-2024-03481,WO-2024-M10-03481,2024-07-10,France,Taiwan,TW2066588815,P-M10-BN-002,電動車電池模組固定螺母 M10,73181699,28227,479.86,503.85,1737
INV-EU-2024-03487,WO-2024-M10-03487,2024-07-10,Italy,Taiwan,TW2066682610,P-M10-BN-002,電動車電池模組固定螺母 M10,73181699,35671,606.42,636.74,2753
INV-EU-2024-03499,WO-2024-CS-03499,2024-07-10,Germany,Taiwan,TW2066969791,P-CS-BS-003,底盤懸吊臂襯套軸套,73269098,48996,13326.96,14306.88,95287
INV-EU-2024-03501,WO-2024-M10-03501,2024-07-10,Netherlands,Taiwan,TW2066604383,P-M10-BN-002,電動車電池模組固定螺母 M10,73181699,10360,176.13,184.94,634
INV-EU-2024-03378,WO-2024-M12-03378,2024-07-11,Germany,Taiwan,TW2066828020,P-M12-EH-001,高強度引擎汽缸頭螺栓 M12,73181595,31061,1980.19,2135.49,15504
INV-EU-2024-03397,WO-2024-CS-03397,2024-07-11,Spain,Taiwan,TW2066274058,P-CS-BS-003,底盤懸吊臂襯套軸套,73269098,25331,6890.27,7396.89,25700
INV-EU-2024-03398,WO-2024-M12-03398,2024-07-11,Germany,Taiwan,TW2066562211,P-M12-EH-001,高強度引擎汽缸頭螺栓 M12,73181595,17807,1135.2,1224.24,5766
INV-EU-2024-03404,WO-2024-M10-03404,2024-07-11,Spain,Taiwan,TW2066897224,P-M10-BN-002,電動車電池模組固定螺母 M10,73181699,46061,783.04,822.19,3876
INV-EU-2024-03409,WO-2024-M10-03409,2024-07-11,Netherlands,Taiwan,TW2066477704,P-M10-BN-002,電動車電池模組固定螺母 M10,73181699,14767,251.05,263.6,1782
INV-EU-2024-03418,WO-2024-M12-03418,2024-07-11,Germany,Taiwan,TW2066441618,P-M12-EH-001,高強度引擎汽缸頭螺栓 M12,73181595,22503,1434.58,1547.1,8736
INV-EU-2024-03430,WO-2024-M10-03430,2024-07-11,Netherlands,Taiwan,TW2066367583,P-M10-BN-002,電動車電池模組固定螺母 M10,73181699,43924,746.71,784.05,5032
INV-EU-2024-03445,WO-2024-M12-03445,2024-07-11,Spain,Taiwan,TW2066340615,P-M12-EH-001,高強度引擎汽缸頭螺栓 M12,73181595,22381,1426.83,1538.73,8004
INV-EU-2024-03453,WO-2024-M10-03453,2024-07-11,Spain,Taiwan,TW2066811103,P-M10-BN-002,電動車電池模組固定螺母 M10,73181699,18818,319.91,335.91,2428
INV-EU-2024-03458,WO-2024-M12-03458,2024-07-11,Italy,Taiwan,TW2066234203,P-M12-EH-001,高強度引擎汽缸頭螺栓 M12,73181595,10994,700.92,755.89,4520
INV-EU-2024-03466,WO-2024-M12-03466,2024-07-11,Germany,Taiwan,TW2066419637,P-M12-EH-001,高強度引擎汽缸頭螺栓 M12,73181595,10365,660.82,712.65,4341
INV-EU-2024-03470,WO-2024-M10-03470,2024-07-11,Italy,Taiwan,TW2066645910,P-M10-BN-002,電動車電池模組固定螺母 M10,73181699,35176,598,627.9,2995
INV-EU-2024-03471,WO-2024-M10-03471,2024-07-11,Germany,Taiwan,TW2066148347,P-M10-BN-002,電動車電池模組固定螺母 M10,73181699,43167,733.84,770.53,5180
INV-EU-2024-03482,WO-2024-CS-03482,2024-07-11,Spain,Taiwan,TW2066991244,P-CS-BS-003,底盤懸吊臂襯套軸套,73269098,31757,8637.94,9273.08,56060
INV-EU-2024-03483,WO-2024-M10-03483,2024-07-11,Netherlands,Taiwan,TW2066130451,P-M10-BN-002,電動車電池模組固定螺母 M10,73181699,29122,495.09,519.84,3490
INV-EU-2024-03484,WO-2024-M10-03484,2024-07-11,Spain,Taiwan,TW2066258453,P-M10-BN-002,電動車電池模組固定螺母 M10,73181699,24722,420.28,441.29,2950
INV-EU-2024-03493,WO-2024-M10-03493,2024-07-11,Italy,Taiwan,TW2066592888,P-M10-BN-002,電動車電池模組固定螺母 M10,73181699,34965,594.41,624.13,2020
INV-EU-2024-03494,WO-2024-M12-03494,2024-07-11,France,Taiwan,TW2066787444,P-M12-EH-001,高強度引擎汽缸頭螺栓 M12,73181595,16655,1061.8,1145.08,3567
INV-EU-2024-03503,WO-2024-CS-03503,2024-07-11,Netherlands,Taiwan,TW2066769772,P-CS-BS-003,底盤懸吊臂襯套軸套,73269098,28277,7691.55,8257.09,28227
INV-EU-2024-03505,WO-2024-M12-03505,2024-07-11,France,Taiwan,TW2066979168,P-M12-EH-001,高強度引擎汽缸頭螺栓 M12,73181595,21023,1340.27,1445.38,6969
INV-EU-2024-03511,WO-2024-M10-03511,2024-07-11,Italy,Taiwan,TW2066487829,P-M10-BN-002,電動車電池模組固定螺母 M10,73181699,46689,793.72,833.41,3500
INV-EU-2024-03526,WO-2024-M12-03526,2024-07-11,France,Taiwan,TW2066470998,P-M12-EH-001,高強度引擎汽缸頭螺栓 M12,73181595,24945,1590.28,1715,11275
INV-EU-2024-03407,WO-2024-M10-03407,2024-07-12,Spain,Taiwan,TW2066210041,P-M10-BN-002,電動車電池模組固定螺母 M10,73181699,12007,204.13,214.34,922
INV-EU-2024-03408,WO-2024-M10-03408,2024-07-12,Netherlands,Taiwan,TW2066114884,P-M10-BN-002,電動車電池模組固定螺母 M10,73181699,38281,650.79,683.33,3891
INV-EU-2024-03413,WO-2024-M10-03413,2024-07-12,Netherlands,Taiwan,TW2066717361,P-M10-BN-002,電動車電池模組固定螺母 M10,73181699,18339,311.77,327.36,1527
INV-EU-2024-03417,WO-2024-M12-03417,2024-07-12,Netherlands,Taiwan,TW2066753538,P-M12-EH-001,高強度引擎汽缸頭螺栓 M12,73181595,41768,2662.76,2871.6,19731
INV-EU-2024-03427,WO-2024-M12-03427,2024-07-12,Spain,Taiwan,TW2066378335,P-M12-EH-001,高強度引擎汽缸頭螺栓 M12,73181595,22437,1430.42,1542.61,10513
INV-EU-2024-03435,WO-2024-CS-03435,2024-07-12,Spain,Taiwan,TW2066995976,P-CS-BS-003,底盤懸吊臂襯套軸套,73269098,20223,5500.9,5905.36,26789
INV-EU-2024-03456,WO-2024-M10-03456,2024-07-12,Italy,Taiwan,TW2066261031,P-M10-BN-002,電動車電池模組固定螺母 M10,73181699,43011,731.19,767.75,4738
INV-EU-2024-03460,WO-2024-CS-03460,2024-07-12,Netherlands,Taiwan,TW2066263286,P-CS-BS-003,底盤懸吊臂襯套軸套,73269098,46733,12711.54,13646.2,49193
INV-EU-2024-03461,WO-2024-CS-03461,2024-07-12,Italy,Taiwan,TW2066658334,P-CS-BS-003,底盤懸吊臂襯套軸套,73269098,22656,6162.48,6615.6,26930
INV-EU-2024-03462,WO-2024-M12-03462,2024-07-12,Spain,Taiwan,TW2066510773,P-M12-EH-001,高強度引擎汽缸頭螺栓 M12,73181595,29288,1867.15,2013.59,12696
INV-EU-2024-03463,WO-2024-M12-03463,2024-07-12,Germany,Taiwan,TW2066699093,P-M12-EH-001,高強度引擎汽缸頭螺栓 M12,73181595,17731,1130.36,1219.01,4057
INV-EU-2024-03469,WO-2024-M12-03469,2024-07-12,France,Taiwan,TW2066142708,P-M12-EH-001,高強度引擎汽缸頭螺栓 M12,73181595,11954,762.12,821.89,3078
INV-EU-2024-03472,WO-2024-M10-03472,2024-07-12,Netherlands,Taiwan,TW2066681660,P-M10-BN-002,電動車電池模組固定螺母 M10,73181699,17616,299.48,314.45,1521
INV-EU-2024-03473,WO-2024-M10-03473,2024-07-12,Italy,Taiwan,TW2066829694,P-M10-BN-002,電動車電池模組固定螺母 M10,73181699,38698,657.88,690.77,2585
INV-EU-2024-03475,WO-2024-CS-03475,2024-07-12,Italy,Taiwan,TW2066214037,P-CS-BS-003,底盤懸吊臂襯套軸套,73269098,39953,10867.48,11666.54,33580
INV-EU-2024-03489,WO-2024-M10-03489,2024-07-12,Spain,Taiwan,TW2066571474,P-M10-BN-002,電動車電池模組固定螺母 M10,73181699,18607,316.32,332.14,1363
INV-EU-2024-03490,WO-2024-CS-03490,2024-07-12,Italy,Taiwan,TW2066380935,P-CS-BS-003,底盤懸吊臂襯套軸套,73269098,30402,8269.42,8877.46,60532
INV-EU-2024-03507,WO-2024-M10-03507,2024-07-12,France,Taiwan,TW2066840948,P-M10-BN-002,電動車電池模組固定螺母 M10,73181699,47090,800.54,840.57,2529
INV-EU-2024-03515,WO-2024-M10-03515,2024-07-12,France,Taiwan,TW2066332697,P-M10-BN-002,電動車電池模組固定螺母 M10,73181699,18862,320.66,336.69,2504
INV-EU-2024-03524,WO-2024-CS-03524,2024-07-12,France,Taiwan,TW2066180322,P-CS-BS-003,底盤懸吊臂襯套軸套,73269098,38845,10566.01,11342.91,70052
INV-EU-2024-03530,WO-2024-CS-03530,2024-07-12,Netherlands,Taiwan,TW2066963879,P-CS-BS-003,底盤懸吊臂襯套軸套,73269098,33278,9051.78,9717.34,69879
INV-EU-2024-03542,WO-2024-M10-03542,2024-07-12,Spain,Taiwan,TW2066859361,P-M10-BN-002,電動車電池模組固定螺母 M10,73181699,21945,373.07,391.72,2872
INV-EU-2024-03553,WO-2024-M10-03553,2024-07-12,Germany,Taiwan,TW2066788807,P-M10-BN-002,電動車電池模組固定螺母 M10,73181699,15868,269.76,283.25,825
INV-EU-2024-03423,WO-2024-CS-03423,2024-07-13,Spain,Taiwan,TW2066417194,P-CS-BS-003,底盤懸吊臂襯套軸套,73269098,22149,6024.74,6467.72,27292
INV-EU-2024-03441,WO-2024-M10-03441,2024-07-13,France,Taiwan,TW2066586590,P-M10-BN-002,電動車電池模組固定螺母 M10,73181699,33268,565.57,593.85,2448
INV-EU-2024-03447,WO-2024-CS-03447,2024-07-13,France,Taiwan,TW2066914045,P-CS-BS-003,底盤懸吊臂襯套軸套,73269098,48294,13135.98,14101.86,98913
INV-EU-2024-03467,WO-2024-CS-03467,2024-07-13,France,Taiwan,TW2066947145,P-CS-BS-003,底盤懸吊臂襯套軸套,73269098,48814,13277.59,14253.87,72628
INV-EU-2024-03509,WO-2024-M10-03509,2024-07-13,Germany,Taiwan,TW2066581692,P-M10-BN-002,電動車電池模組固定螺母 M10,73181699,16481,280.18,294.19,1045
INV-EU-2024-03525,WO-2024-M12-03525,2024-07-13,Spain,Taiwan,TW2066457916,P-M12-EH-001,高強度引擎汽缸頭螺栓 M12,73181595,45628,2908.79,3136.93,16434
INV-EU-2024-03533,WO-2024-CS-03533,2024-07-13,Spain,Taiwan,TW2066813346,P-CS-BS-003,底盤懸吊臂襯套軸套,73269098,39412,10720.29,11508.53,39557
INV-EU-2024-03537,WO-2024-CS-03537,2024-07-13,Spain,Taiwan,TW2066660161,P-CS-BS-003,底盤懸吊臂襯套軸套,73269098,38852,10567.9,11344.94,45547
INV-EU-2024-03556,WO-2024-CS-03556,2024-07-13,France,Taiwan,TW2066455165,P-CS-BS-003,底盤懸吊臂襯套軸套,73269098,35650,9696.9,10409.9,70399
INV-EU-2024-03560,WO-2024-CS-03560,2024-07-13,France,Taiwan,TW2066368688,P-CS-BS-003,底盤懸吊臂襯套軸套,73269098,34075,9268.49,9949.99,42078
INV-EU-2024-03444,WO-2024-CS-03444,2024-07-14,Italy,Taiwan,TW2066971456,P-CS-BS-003,底盤懸吊臂襯套軸套,73269098,32865,8939.41,9596.71,61592
INV-EU-2024-03451,WO-2024-CS-03451,2024-07-14,Italy,Taiwan,TW2066551052,P-CS-BS-003,底盤懸吊臂襯套軸套,73269098,20074,5460.13,5861.61,29375
INV-EU-2024-03465,WO-2024-CS-03465,2024-07-14,France,Taiwan,TW2066102657,P-CS-BS-003,底盤懸吊臂襯套軸套,73269098,28097,7642.64,8204.58,33780
INV-EU-2024-03480,WO-2024-M10-03480,2024-07-14,Germany,Taiwan,TW2066510675,P-M10-BN-002,電動車電池模組固定螺母 M10,73181699,27899,474.29,498,2205
INV-EU-2024-03491,WO-2024-CS-03491,2024-07-14,Italy,Taiwan,TW2066960766,P-CS-BS-003,底盤懸吊臂襯套軸套,73269098,23413,6368.59,6836.85,36555
INV-EU-2024-03500,WO-2024-M10-03500,2024-07-14,Germany,Taiwan,TW2066824108,P-M10-BN-002,電動車電池模組固定螺母 M10,73181699,46199,785.4,824.67,5254
INV-EU-2024-03518,WO-2024-M10-03518,2024-07-14,Netherlands,Taiwan,TW2066406335,P-M10-BN-002,電動車電池模組固定螺母 M10,73181699,15746,267.69,281.07,1622
INV-EU-2024-03528,WO-2024-M10-03528,2024-07-14,Spain,Taiwan,TW2066473693,P-M10-BN-002,電動車電池模組固定螺母 M10,73181699,37785,642.36,674.48,4631
INV-EU-2024-03529,WO-2024-M12-03529,2024-07-14,Germany,Taiwan,TW2066862320,P-M12-EH-001,高強度引擎汽缸頭螺栓 M12,73181595,14039,895.03,965.23,3105
INV-EU-2024-03535,WO-2024-CS-03535,2024-07-14,France,Taiwan,TW2066954789,P-CS-BS-003,底盤懸吊臂襯套軸套,73269098,10891,2962.53,3180.35,22130
INV-EU-2024-03549,WO-2024-M12-03549,2024-07-14,Germany,Taiwan,TW2066503376,P-M12-EH-001,高強度引擎汽缸頭螺栓 M12,73181595,43133,2749.78,2965.45,18753
INV-EU-2024-03550,WO-2024-CS-03550,2024-07-14,Germany,Taiwan,TW2066573942,P-CS-BS-003,底盤懸吊臂襯套軸套,73269098,37116,10095.71,10838.03,51286
INV-EU-2024-03564,WO-2024-M10-03564,2024-07-14,Italy,Taiwan,TW2066544782,P-M10-BN-002,電動車電池模組固定螺母 M10,73181699,18333,311.67,327.25,1997
INV-EU-2024-03567,WO-2024-M12-03567,2024-07-14,Germany,Taiwan,TW2066973191,P-M12-EH-001,高強度引擎汽缸頭螺栓 M12,73181595,17121,1091.5,1177.11,6985
INV-EU-2024-03580,WO-2024-M10-03580,2024-07-14,Spain,Taiwan,TW2066634577,P-M10-BN-002,電動車電池模組固定螺母 M10,73181699,37391,635.66,667.44,3674
INV-EU-2024-03583,WO-2024-M10-03583,2024-07-14,France,Taiwan,TW2066550204,P-M10-BN-002,電動車電池模組固定螺母 M10,73181699,41798,710.57,746.1,4696
INV-EU-2024-03459,WO-2024-M12-03459,2024-07-15,Spain,Taiwan,TW2066911424,P-M12-EH-001,高強度引擎汽缸頭螺栓 M12,73181595,35468,2261.13,2438.47,13453
INV-EU-2024-03476,WO-2024-M12-03476,2024-07-15,Netherlands,Taiwan,TW2066494067,P-M12-EH-001,高強度引擎汽缸頭螺栓 M12,73181595,24792,1580.54,1704.5,5563
INV-EU-2024-03478,WO-2024-M12-03478,2024-07-15,Germany,Taiwan,TW2066147099,P-M12-EH-001,高強度引擎汽缸頭螺栓 M12,73181595,45065,2872.94,3098.26,19076
INV-EU-2024-03479,WO-2024-M12-03479,2024-07-15,Netherlands,Taiwan,TW2066128313,P-M12-EH-001,高強度引擎汽缸頭螺栓 M12,73181595,26451,1686.29,1818.55,10050
INV-EU-2024-03486,WO-2024-M10-03486,2024-07-15,Netherlands,Taiwan,TW2066770085,P-M10-BN-002,電動車電池模組固定螺母 M10,73181699,32355,550.05,577.55,2321
INV-EU-2024-03488,WO-2024-M10-03488,2024-07-15,France,Taiwan,TW2066747235,P-M10-BN-002,電動車電池模組固定螺母 M10,73181699,45832,779.15,818.11,5313
INV-EU-2024-03495,WO-2024-CS-03495,2024-07-15,Spain,Taiwan,TW2066379595,P-CS-BS-003,底盤懸吊臂襯套軸套,73269098,16441,4472.12,4800.94,20482
INV-EU-2024-03508,WO-2024-CS-03508,2024-07-15,France,Taiwan,TW2066644893,P-CS-BS-003,底盤懸吊臂襯套軸套,73269098,15771,4289.74,4605.16,19175
INV-EU-2024-03512,WO-2024-CS-03512,2024-07-15,France,Taiwan,TW2066220429,P-CS-BS-003,底盤懸吊臂襯套軸套,73269098,39553,10758.61,11549.67,78107
INV-EU-2024-03514,WO-2024-M12-03514,2024-07-15,Italy,Taiwan,TW2066541271,P-M12-EH-001,高強度引擎汽缸頭螺栓 M12,73181595,32035,2042.25,2202.43,13152
INV-EU-2024-03522,WO-2024-CS-03522,2024-07-15,Germany,Taiwan,TW2066922838,P-CS-BS-003,底盤懸吊臂襯套軸套,73269098,12998,3535.47,3795.43,10747
INV-EU-2024-03523,WO-2024-M12-03523,2024-07-15,France,Taiwan,TW2066304033,P-M12-EH-001,高強度引擎汽缸頭螺栓 M12,73181595,29870,1904.22,2053.57,11044
INV-EU-2024-03538,WO-2024-M12-03538,2024-07-15,Netherlands,Taiwan,TW2066689463,P-M12-EH-001,高強度引擎汽缸頭螺栓 M12,73181595,31438,2004.22,2161.41,13127
INV-EU-2024-03554,WO-2024-M10-03554,2024-07-15,Germany,Taiwan,TW2066735175,P-M10-BN-002,電動車電池模組固定螺母 M10,73181699,11234,190.98,200.53,1084
INV-EU-2024-03557,WO-2024-M12-03557,2024-07-15,Spain,Taiwan,TW2066972655,P-M12-EH-001,高強度引擎汽缸頭螺栓 M12,73181595,49048,3126.83,3372.07,15165
INV-EU-2024-03563,WO-2024-CS-03563,2024-07-15,Netherlands,Taiwan,TW2066654726,P-CS-BS-003,底盤懸吊臂襯套軸套,73269098,21041,5723.19,6144.01,23865
INV-EU-2024-03572,WO-2024-M10-03572,2024-07-15,France,Taiwan,TW2066101396,P-M10-BN-002,電動車電池模組固定螺母 M10,73181699,20966,356.43,374.25,2651
INV-EU-2024-03573,WO-2024-CS-03573,2024-07-15,Netherlands,Taiwan,TW2066508609,P-CS-BS-003,底盤懸吊臂襯套軸套,73269098,25461,6925.65,7434.87,50487
INV-EU-2024-03577,WO-2024-CS-03577,2024-07-15,Italy,Taiwan,TW2066406611,P-CS-BS-003,底盤懸吊臂襯套軸套,73269098,18889,5138.04,5515.82,28927
INV-EU-2024-03585,WO-2024-CS-03585,2024-07-15,France,Taiwan,TW2066907545,P-CS-BS-003,底盤懸吊臂襯套軸套,73269098,23174,6303.51,6766.99,30445
INV-EU-2024-03586,WO-2024-CS-03586,2024-07-15,Germany,Taiwan,TW2066304478,P-CS-BS-003,底盤懸吊臂襯套軸套,73269098,32167,8749.47,9392.81,55821
INV-EU-2024-03590,WO-2024-M12-03590,2024-07-15,France,Taiwan,TW2066405230,P-M12-EH-001,高強度引擎汽缸頭螺栓 M12,73181595,23829,1519.15,1638.3,6486
INV-EU-2024-03477,WO-2024-M10-03477,2024-07-16,Germany,Taiwan,TW2066585940,P-M10-BN-002,電動車電池模組固定螺母 M10,73181699,47541,808.2,848.61,5075
INV-EU-2024-03492,WO-2024-M10-03492,2024-07-16,Italy,Taiwan,TW2066862925,P-M10-BN-002,電動車電池模組固定螺母 M10,73181699,23887,406.08,426.38,2217
INV-EU-2024-03498,WO-2024-CS-03498,2024-07-16,Italy,Taiwan,TW2066653725,P-CS-BS-003,底盤懸吊臂襯套軸套,73269098,16602,4515.92,4847.96,24747
INV-EU-2024-03502,WO-2024-CS-03502,2024-07-16,Netherlands,Taiwan,TW2066816722,P-CS-BS-003,底盤懸吊臂襯套軸套,73269098,45434,12358.26,13266.94,77486
INV-EU-2024-03504,WO-2024-M12-03504,2024-07-16,France,Taiwan,TW2066951329,P-M12-EH-001,高強度引擎汽缸頭螺栓 M12,73181595,26656,1699.35,1832.63,12167
INV-EU-2024-03506,WO-2024-M12-03506,2024-07-16,France,Taiwan,TW2066246405,P-M12-EH-001,高強度引擎汽缸頭螺栓 M12,73181595,37096,2364.9,2550.38,9199
INV-EU-2024-03516,WO-2024-M10-03516,2024-07-16,Germany,Taiwan,TW2066814901,P-M10-BN-002,電動車電池模組固定螺母 M10,73181699,35956,611.26,641.82,3154
INV-EU-2024-03517,WO-2024-M10-03517,2024-07-16,Spain,Taiwan,TW2066464780,P-M10-BN-002,電動車電池模組固定螺母 M10,73181699,22168,376.86,395.7,1560
INV-EU-2024-03531,WO-2024-M12-03531,2024-07-16,France,Taiwan,TW2066510237,P-M12-EH-001,高強度引擎汽缸頭螺栓 M12,73181595,24589,1567.57,1690.51,7587
INV-EU-2024-03534,WO-2024-M12-03534,2024-07-16,Germany,Taiwan,TW2066597371,P-M12-EH-001,高強度引擎汽缸頭螺栓 M12,73181595,22083,1407.82,1518.23,5434
INV-EU-2024-03536,WO-2024-M10-03536,2024-07-16,Italy,Taiwan,TW2066185920,P-M10-BN-002,電動車電池模組固定螺母 M10,73181699,27275,463.69,486.87,1525
INV-EU-2024-03541,WO-2024-M12-03541,2024-07-16,Germany,Taiwan,TW2066241190,P-M12-EH-001,高強度引擎汽缸頭螺栓 M12,73181595,47987,3059.2,3299.13,20190
INV-EU-2024-03545,WO-2024-M12-03545,2024-07-16,Italy,Taiwan,TW2066167667,P-M12-EH-001,高強度引擎汽缸頭螺栓 M12,73181595,21282,1356.73,1463.14,4911
INV-EU-2024-03551,WO-2024-M10-03551,2024-07-16,France,Taiwan,TW2066217044,P-M10-BN-002,電動車電池模組固定螺母 M10,73181699,32617,554.49,582.21,2694
INV-EU-2024-03555,WO-2024-M12-03555,2024-07-16,Spain,Taiwan,TW2066757073,P-M12-EH-001,高強度引擎汽缸頭螺栓 M12,73181595,45672,2911.64,3140,16974
INV-EU-2024-03566,WO-2024-CS-03566,2024-07-16,Spain,Taiwan,TW2066865675,P-CS-BS-003,底盤懸吊臂襯套軸套,73269098,44685,12154.49,13048.19,58098
INV-EU-2024-03569,WO-2024-M10-03569,2024-07-16,Italy,Taiwan,TW2066823351,P-M10-BN-002,電動車電池模組固定螺母 M10,73181699,33235,565,593.25,4056
INV-EU-2024-03570,WO-2024-CS-03570,2024-07-16,Italy,Taiwan,TW2066188226,P-CS-BS-003,底盤懸吊臂襯套軸套,73269098,42613,11591,12443.26,86932
INV-EU-2024-03574,WO-2024-M12-03574,2024-07-16,Spain,Taiwan,TW2066691287,P-M12-EH-001,高強度引擎汽缸頭螺栓 M12,73181595,20408,1301.01,1403.05,8937
INV-EU-2024-03614,WO-2024-CS-03614,2024-07-16,Netherlands,Taiwan,TW2066872257,P-CS-BS-003,底盤懸吊臂襯套軸套,73269098,47114,12815.03,13757.31,98675
INV-EU-2024-03496,WO-2024-CS-03496,2024-07-17,France,Taiwan,TW2066535467,P-CS-BS-003,底盤懸吊臂襯套軸套,73269098,17680,4809.05,5162.65,16831
INV-EU-2024-03497,WO-2024-CS-03497,2024-07-17,Netherlands,Taiwan,TW2066666878,P-CS-BS-003,底盤懸吊臂襯套軸套,73269098,30495,8294.86,8904.76,29695
INV-EU-2024-03510,WO-2024-M12-03510,2024-07-17,Netherlands,Taiwan,TW2066990796,P-M12-EH-001,高強度引擎汽缸頭螺栓 M12,73181595,41146,2623.12,2828.85,10597
INV-EU-2024-03513,WO-2024-CS-03513,2024-07-17,Spain,Taiwan,TW2066481123,P-CS-BS-003,底盤懸吊臂襯套軸套,73269098,32598,8866.76,9518.72,65348
INV-EU-2024-03519,WO-2024-M12-03519,2024-07-17,Netherlands,Taiwan,TW2066699542,P-M12-EH-001,高強度引擎汽缸頭螺栓 M12,73181595,46592,2970.27,3203.23,16633
INV-EU-2024-03521,WO-2024-M10-03521,2024-07-17,Italy,Taiwan,TW2066844079,P-M10-BN-002,電動車電池模組固定螺母 M10,73181699,14895,253.22,265.88,1169
INV-EU-2024-03544,WO-2024-M10-03544,2024-07-17,France,Taiwan,TW2066858610,P-M10-BN-002,電動車電池模組固定螺母 M10,73181699,45253,769.31,807.78,2484
INV-EU-2024-03547,WO-2024-M10-03547,2024-07-17,Spain,Taiwan,TW2066872635,P-M10-BN-002,電動車電池模組固定螺母 M10,73181699,46266,786.53,825.86,4522
INV-EU-2024-03579,WO-2024-M10-03579,2024-07-17,France,Taiwan,TW2066864605,P-M10-BN-002,電動車電池模組固定螺母 M10,73181699,44263,752.48,790.1,5515
INV-EU-2024-03604,WO-2024-M12-03604,2024-07-17,Netherlands,Taiwan,TW2066178925,P-M12-EH-001,高強度引擎汽缸頭螺栓 M12,73181595,28245,1800.65,1941.88,9651
INV-EU-2024-03611,WO-2024-CS-03611,2024-07-17,Germany,Taiwan,TW2066601743,P-CS-BS-003,底盤懸吊臂襯套軸套,73269098,46684,12698.12,13631.8,74410
INV-EU-2024-03615,WO-2024-M10-03615,2024-07-17,Netherlands,Taiwan,TW2066388986,P-M10-BN-002,電動車電池模組固定螺母 M10,73181699,44312,753.32,790.99,4489
INV-EU-2024-03617,WO-2024-M10-03617,2024-07-17,France,Taiwan,TW2066557819,P-M10-BN-002,電動車電池模組固定螺母 M10,73181699,14389,244.62,256.85,750
INV-EU-2024-03618,WO-2024-CS-03618,2024-07-17,Netherlands,Taiwan,TW2066517526,P-CS-BS-003,底盤懸吊臂襯套軸套,73269098,32362,8802.73,9449.97,33802
INV-EU-2024-03619,WO-2024-M10-03619,2024-07-17,Italy,Taiwan,TW2066966160,P-M10-BN-002,電動車電池模組固定螺母 M10,73181699,20287,344.89,362.13,1672
INV-EU-2024-03625,WO-2024-M10-03625,2024-07-17,France,Taiwan,TW2066953658,P-M10-BN-002,電動車電池模組固定螺母 M10,73181699,21005,357.09,374.94,1938
INV-EU-2024-03629,WO-2024-CS-03629,2024-07-17,Germany,Taiwan,TW2066441363,P-CS-BS-003,底盤懸吊臂襯套軸套,73269098,10480,2850.71,3060.31,17617
INV-EU-2024-03631,WO-2024-M10-03631,2024-07-17,France,Taiwan,TW2066164543,P-M10-BN-002,電動車電池模組固定螺母 M10,73181699,34008,578.14,607.05,2387
INV-EU-2024-03632,WO-2024-CS-03632,2024-07-17,Netherlands,Taiwan,TW2066940683,P-CS-BS-003,底盤懸吊臂襯套軸套,73269098,47836,13011.5,13968.22,103571
INV-EU-2024-03638,WO-2024-M10-03638,2024-07-17,Italy,Taiwan,TW2066215397,P-M10-BN-002,電動車電池模組固定螺母 M10,73181699,15434,262.39,275.51,2065
INV-EU-2024-03520,WO-2024-M12-03520,2024-07-18,Germany,Taiwan,TW2066879457,P-M12-EH-001,高強度引擎汽缸頭螺栓 M12,73181595,37581,2395.83,2583.74,16794
INV-EU-2024-03527,WO-2024-M10-03527,2024-07-18,Germany,Taiwan,TW2066908316,P-M10-BN-002,電動車電池模組固定螺母 M10,73181699,34030,578.52,607.45,3019
INV-EU-2024-03539,WO-2024-CS-03539,2024-07-18,France,Taiwan,TW2066590030,P-CS-BS-003,底盤懸吊臂襯套軸套,73269098,31344,8525.58,9152.46,28475
INV-EU-2024-03540,WO-2024-M12-03540,2024-07-18,France,Taiwan,TW2066427223,P-M12-EH-001,高強度引擎汽缸頭螺栓 M12,73181595,12034,767.22,827.39,2700
INV-EU-2024-03546,WO-2024-M10-03546,2024-07-18,France,Taiwan,TW2066694310,P-M10-BN-002,電動車電池模組固定螺母 M10,73181699,46105,783.79,822.98,5886
INV-EU-2024-03548,WO-2024-M12-03548,2024-07-18,France,Taiwan,TW2066580019,P-M12-EH-001,高強度引擎汽缸頭螺栓 M12,73181595,20918,1333.56,1438.15,7761
INV-EU-2024-03552,WO-2024-M10-03552,2024-07-18,Germany,Taiwan,TW2066236286,P-M10-BN-002,電動車電池模組固定螺母 M10,73181699,42938,729.96,766.46,3204
INV-EU-2024-03562,WO-2024-CS-03562,2024-07-18,Spain,Taiwan,TW2066715249,P-CS-BS-003,底盤懸吊臂襯套軸套,73269098,25981,7066.97,7586.59,44309
INV-EU-2024-03568,WO-2024-M12-03568,2024-07-18,Netherlands,Taiwan,TW2066926523,P-M12-EH-001,高強度引擎汽缸頭螺栓 M12,73181595,42203,2690.48,2901.49,12860
INV-EU-2024-03587,WO-2024-M12-03587,2024-07-18,Netherlands,Taiwan,TW2066519744,P-M12-EH-001,高強度引擎汽缸頭螺栓 M12,73181595,16010,1020.65,1100.7,4603
INV-EU-2024-03602,WO-2024-M12-03602,2024-07-18,Italy,Taiwan,TW2066882343,P-M12-EH-001,高強度引擎汽缸頭螺栓 M12,73181595,24608,1568.82,1691.86,5255
INV-EU-2024-03607,WO-2024-M10-03607,2024-07-18,Spain,Taiwan,TW2066245291,P-M10-BN-002,電動車電池模組固定螺母 M10,73181699,11501,195.52,205.3,1249
INV-EU-2024-03613,WO-2024-M12-03613,2024-07-18,France,Taiwan,TW2066875603,P-M12-EH-001,高強度引擎汽缸頭螺栓 M12,73181595,15067,960.57,1035.9,7454
INV-EU-2024-03616,WO-2024-M12-03616,2024-07-18,Netherlands,Taiwan,TW2066459404,P-M12-EH-001,高強度引擎汽缸頭螺栓 M12,73181595,27980,1783.73,1923.63,13770
INV-EU-2024-03622,WO-2024-M12-03622,2024-07-18,France,Taiwan,TW2066703827,P-M12-EH-001,高強度引擎汽缸頭螺栓 M12,73181595,30199,1925.23,2076.22,6314
INV-EU-2024-03633,WO-2024-CS-03633,2024-07-18,France,Taiwan,TW2066872116,P-CS-BS-003,底盤懸吊臂襯套軸套,73269098,27755,7549.47,8104.57,57602
INV-EU-2024-03653,WO-2024-M12-03653,2024-07-18,Germany,Taiwan,TW2066595413,P-M12-EH-001,高強度引擎汽缸頭螺栓 M12,73181595,48303,3079.34,3320.86,20354
INV-EU-2024-03658,WO-2024-M10-03658,2024-07-18,Germany,Taiwan,TW2066197396,P-M10-BN-002,電動車電池模組固定螺母 M10,73181699,27241,463.11,486.27,2324
INV-EU-2024-03532,WO-2024-M12-03532,2024-07-19,Germany,Taiwan,TW2066236823,P-M12-EH-001,高強度引擎汽缸頭螺栓 M12,73181595,45236,2883.83,3110.01,21744
INV-EU-2024-03543,WO-2024-M10-03543,2024-07-19,Germany,Taiwan,TW2066356779,P-M10-BN-002,電動車電池模組固定螺母 M10,73181699,42215,717.67,753.55,2389
INV-EU-2024-03558,WO-2024-M10-03558,2024-07-19,Netherlands,Taiwan,TW2066271239,P-M10-BN-002,電動車電池模組固定螺母 M10,73181699,29061,494.05,518.75,3320
INV-EU-2024-03559,WO-2024-CS-03559,2024-07-19,Spain,Taiwan,TW2066792889,P-CS-BS-003,底盤懸吊臂襯套軸套,73269098,46652,12689.41,13622.45,77912
INV-EU-2024-03561,WO-2024-M10-03561,2024-07-19,Germany,Taiwan,TW2066845329,P-M10-BN-002,電動車電池模組固定螺母 M10,73181699,38932,661.86,694.95,4116
INV-EU-2024-03565,WO-2024-CS-03565,2024-07-19,Spain,Taiwan,TW2066683338,P-CS-BS-003,底盤懸吊臂襯套軸套,73269098,39049,10621.35,11402.33,69994
INV-EU-2024-03594,WO-2024-CS-03594,2024-07-19,Germany,Taiwan,TW2066302370,P-CS-BS-003,底盤懸吊臂襯套軸套,73269098,26351,7167.51,7694.53,39062
INV-EU-2024-03596,WO-2024-CS-03596,2024-07-19,Italy,Taiwan,TW2066489821,P-CS-BS-003,底盤懸吊臂襯套軸套,73269098,38388,10441.73,11209.49,46987
INV-EU-2024-03599,WO-2024-M10-03599,2024-07-19,France,Taiwan,TW2066772152,P-M10-BN-002,電動車電池模組固定螺母 M10,73181699,26246,446.19,468.5,1744
INV-EU-2024-03600,WO-2024-M10-03600,2024-07-19,France,Taiwan,TW2066670171,P-M10-BN-002,電動車電池模組固定螺母 M10,73181699,30480,518.17,544.08,3689
INV-EU-2024-03608,WO-2024-M10-03608,2024-07-19,France,Taiwan,TW2066331180,P-M10-BN-002,電動車電池模組固定螺母 M10,73181699,18934,321.89,337.98,2153
INV-EU-2024-03628,WO-2024-M10-03628,2024-07-19,Spain,Taiwan,TW2066762312,P-M10-BN-002,電動車電池模組固定螺母 M10,73181699,26780,455.27,478.03,1406
INV-EU-2024-03635,WO-2024-M10-03635,2024-07-19,Netherlands,Taiwan,TW2066227757,P-M10-BN-002,電動車電池模組固定螺母 M10,73181699,15813,268.83,282.27,1887
INV-EU-2024-03642,WO-2024-M12-03642,2024-07-19,France,Taiwan,TW2066313742,P-M12-EH-001,高強度引擎汽缸頭螺栓 M12,73181595,13141,837.8,903.5,4406
INV-EU-2024-03665,WO-2024-M12-03665,2024-07-19,Italy,Taiwan,TW2066212889,P-M12-EH-001,高強度引擎汽缸頭螺栓 M12,73181595,12054,768.46,828.73,5740
INV-EU-2024-03673,WO-2024-CS-03673,2024-07-19,Spain,Taiwan,TW2066281581,P-CS-BS-003,底盤懸吊臂襯套軸套,73269098,38840,10564.69,11341.49,58422
INV-EU-2024-03675,WO-2024-M12-03675,2024-07-19,Netherlands,Taiwan,TW2066199546,P-M12-EH-001,高強度引擎汽缸頭螺栓 M12,73181595,43648,2782.62,3000.86,14747
INV-EU-2024-03571,WO-2024-M12-03571,2024-07-20,Spain,Taiwan,TW2066199113,P-M12-EH-001,高強度引擎汽缸頭螺栓 M12,73181595,47040,2998.85,3234.05,17273
INV-EU-2024-03578,WO-2024-M12-03578,2024-07-20,Spain,Taiwan,TW2066310168,P-M12-EH-001,高強度引擎汽缸頭螺栓 M12,73181595,47831,3049.27,3288.43,22381
INV-EU-2024-03582,WO-2024-M12-03582,2024-07-20,Germany,Taiwan,TW2066916353,P-M12-EH-001,高強度引擎汽缸頭螺栓 M12,73181595,16082,1025.28,1105.69,5187
INV-EU-2024-03588,WO-2024-M12-03588,2024-07-20,France,Taiwan,TW2066283699,P-M12-EH-001,高強度引擎汽缸頭螺栓 M12,73181595,18967,1209.17,1304.01,4377
INV-EU-2024-03592,WO-2024-M12-03592,2024-07-20,France,Taiwan,TW2066814883,P-M12-EH-001,高強度引擎汽缸頭螺栓 M12,73181595,13784,878.75,947.67,2812
INV-EU-2024-03603,WO-2024-CS-03603,2024-07-20,Germany,Taiwan,TW2066865680,P-CS-BS-003,底盤懸吊臂襯套軸套,73269098,16931,4605.31,4943.93,28230
INV-EU-2024-03605,WO-2024-M12-03605,2024-07-20,France,Taiwan,TW2066704800,P-M12-EH-001,高強度引擎汽缸頭螺栓 M12,73181595,42923,2736.36,2950.98,19920
INV-EU-2024-03610,WO-2024-M10-03610,2024-07-20,Italy,Taiwan,TW2066589462,P-M10-BN-002,電動車電池模組固定螺母 M10,73181699,37057,629.98,661.48,3899
INV-EU-2024-03634,WO-2024-M12-03634,2024-07-20,Italy,Taiwan,TW2066620506,P-M12-EH-001,高強度引擎汽缸頭螺栓 M12,73181595,31625,2016.13,2174.26,9294
INV-EU-2024-03650,WO-2024-M12-03650,2024-07-20,Spain,Taiwan,TW2066605180,P-M12-EH-001,高強度引擎汽缸頭螺栓 M12,73181595,33104,2110.43,2275.95,13443
INV-EU-2024-03660,WO-2024-CS-03660,2024-07-20,Spain,Taiwan,TW2066354704,P-CS-BS-003,底盤懸吊臂襯套軸套,73269098,34106,9277.1,9959.22,52322
INV-EU-2024-03662,WO-2024-M12-03662,2024-07-20,France,Taiwan,TW2066728796,P-M12-EH-001,高強度引擎汽缸頭螺栓 M12,73181595,22862,1457.48,1571.79,9036
INV-EU-2024-03683,WO-2024-CS-03683,2024-07-20,Spain,Taiwan,TW2066792995,P-CS-BS-003,底盤懸吊臂襯套軸套,73269098,46597,12674.56,13606.5,58556
INV-EU-2024-03575,WO-2024-CS-03575,2024-07-21,Spain,Taiwan,TW2066583407,P-CS-BS-003,底盤懸吊臂襯套軸套,73269098,43760,11902.78,12777.98,52372
INV-EU-2024-03576,WO-2024-CS-03576,2024-07-21,Spain,Taiwan,TW2066432821,P-CS-BS-003,底盤懸吊臂襯套軸套,73269098,19442,5288.26,5677.1,34426
INV-EU-2024-03581,WO-2024-M10-03581,2024-07-21,France,Taiwan,TW2066743693,P-M10-BN-002,電動車電池模組固定螺母 M10,73181699,27681,470.59,494.12,1807
INV-EU-2024-03584,WO-2024-M10-03584,2024-07-21,Spain,Taiwan,TW2066248964,P-M10-BN-002,電動車電池模組固定螺母 M10,73181699,41948,713.13,748.79,5163
INV-EU-2024-03593,WO-2024-CS-03593,2024-07-21,Italy,Taiwan,TW2066897766,P-CS-BS-003,底盤懸吊臂襯套軸套,73269098,38974,10601.1,11380.58,83218
INV-EU-2024-03595,WO-2024-M12-03595,2024-07-21,Germany,Taiwan,TW2066150931,P-M12-EH-001,高強度引擎汽缸頭螺栓 M12,73181595,26775,1706.91,1840.79,10275
INV-EU-2024-03597,WO-2024-M10-03597,2024-07-21,France,Taiwan,TW2066742880,P-M10-BN-002,電動車電池模組固定螺母 M10,73181699,10171,172.92,181.57,1210
INV-EU-2024-03620,WO-2024-M10-03620,2024-07-21,Italy,Taiwan,TW2066594601,P-M10-BN-002,電動車電池模組固定螺母 M10,73181699,16187,275.18,288.94,1879
INV-EU-2024-03630,WO-2024-M10-03630,2024-07-21,France,Taiwan,TW2066501026,P-M10-BN-002,電動車電池模組固定螺母 M10,73181699,43295,736.02,772.82,4614
INV-EU-2024-03641,WO-2024-CS-03641,2024-07-21,Netherlands,Taiwan,TW2066367038,P-CS-BS-003,底盤懸吊臂襯套軸套,73269098,38665,10517.11,11290.41,83821
INV-EU-2024-03644,WO-2024-M10-03644,2024-07-21,France,Taiwan,TW2066377375,P-M10-BN-002,電動車電池模組固定螺母 M10,73181699,39300,668.1,701.5,5064
INV-EU-2024-03647,WO-2024-M12-03647,2024-07-21,Italy,Taiwan,TW2066566347,P-M12-EH-001,高強度引擎汽缸頭螺栓 M12,73181595,36105,2301.7,2482.22,10219
INV-EU-2024-03649,WO-2024-M12-03649,2024-07-21,Netherlands,Taiwan,TW2066527658,P-M12-EH-001,高強度引擎汽缸頭螺栓 M12,73181595,26266,1674.47,1805.8,5877
INV-EU-2024-03656,WO-2024-M10-03656,2024-07-21,Netherlands,Taiwan,TW2066699373,P-M10-BN-002,電動車電池模組固定螺母 M10,73181699,37580,638.87,670.81,3686
INV-EU-2024-03657,WO-2024-M10-03657,2024-07-21,Italy,Taiwan,TW2066813367,P-M10-BN-002,電動車電池模組固定螺母 M10,73181699,42098,715.68,751.46,5546
INV-EU-2024-03674,WO-2024-CS-03674,2024-07-21,Italy,Taiwan,TW2066472024,P-CS-BS-003,底盤懸吊臂襯套軸套,73269098,12599,3427.16,3679.14,15285
INV-EU-2024-03678,WO-2024-M10-03678,2024-07-21,France,Taiwan,TW2066207546,P-M10-BN-002,電動車電池模組固定螺母 M10,73181699,35600,605.2,635.46,2069
INV-EU-2024-03680,WO-2024-M10-03680,2024-07-21,France,Taiwan,TW2066733053,P-M10-BN-002,電動車電池模組固定螺母 M10,73181699,39667,674.35,708.07,2602
INV-EU-2024-03681,WO-2024-M10-03681,2024-07-21,Spain,Taiwan,TW2066219489,P-M10-BN-002,電動車電池模組固定螺母 M10,73181699,19196,326.34,342.66,1847
INV-EU-2024-03693,WO-2024-M12-03693,2024-07-21,Italy,Taiwan,TW2066694564,P-M12-EH-001,高強度引擎汽缸頭螺栓 M12,73181595,48463,3089.56,3331.88,10751
INV-EU-2024-03694,WO-2024-M12-03694,2024-07-21,Spain,Taiwan,TW2066296357,P-M12-EH-001,高強度引擎汽缸頭螺栓 M12,73181595,33640,2144.58,2312.78,15633
INV-EU-2024-03589,WO-2024-CS-03589,2024-07-22,Italy,Taiwan,TW2066464079,P-CS-BS-003,底盤懸吊臂襯套軸套,73269098,22598,6146.87,6598.83,20161
INV-EU-2024-03591,WO-2024-CS-03591,2024-07-22,Italy,Taiwan,TW2066259573,P-CS-BS-003,底盤懸吊臂襯套軸套,73269098,30106,8188.91,8791.03,38651
INV-EU-2024-03601,WO-2024-M12-03601,2024-07-22,Italy,Taiwan,TW2066279493,P-M12-EH-001,高強度引擎汽缸頭螺栓 M12,73181595,41748,2661.44,2870.18,13679
INV-EU-2024-03623,WO-2024-M12-03623,2024-07-22,Germany,Taiwan,TW2066904109,P-M12-EH-001,高強度引擎汽缸頭螺栓 M12,73181595,44414,2831.42,3053.49,19168
INV-EU-2024-03624,WO-2024-M12-03624,2024-07-22,Spain,Taiwan,TW2066795820,P-M12-EH-001,高強度引擎汽缸頭螺栓 M12,73181595,41436,2641.58,2848.76,16509
INV-EU-2024-03639,WO-2024-M12-03639,2024-07-22,Germany,Taiwan,TW2066757092,P-M12-EH-001,高強度引擎汽缸頭螺栓 M12,73181595,21336,1360.23,1466.91,9290
INV-EU-2024-03645,WO-2024-CS-03645,2024-07-22,Spain,Taiwan,TW2066390472,P-CS-BS-003,底盤懸吊臂襯套軸套,73269098,44672,12151,13044.44,69139
INV-EU-2024-03651,WO-2024-CS-03651,2024-07-22,Netherlands,Taiwan,TW2066465494,P-CS-BS-003,底盤懸吊臂襯套軸套,73269098,36385,9896.87,10624.57,43546
INV-EU-2024-03654,WO-2024-M10-03654,2024-07-22,Netherlands,Taiwan,TW2066356720,P-M10-BN-002,電動車電池模組固定螺母 M10,73181699,37068,630.17,661.68,3743
INV-EU-2024-03655,WO-2024-CS-03655,2024-07-22,France,Taiwan,TW2066600462,P-CS-BS-003,底盤懸吊臂襯套軸套,73269098,12301,3345.91,3591.93,15056
INV-EU-2024-03668,WO-2024-CS-03668,2024-07-22,France,Taiwan,TW2066106221,P-CS-BS-003,底盤懸吊臂襯套軸套,73269098,25891,7042.36,7560.18,38451
INV-EU-2024-03671,WO-2024-M10-03671,2024-07-22,Spain,Taiwan,TW2066536253,P-M10-BN-002,電動車電池模組固定螺母 M10,73181699,26068,443.16,465.32,2078
INV-EU-2024-03672,WO-2024-M12-03672,2024-07-22,Germany,Taiwan,TW2066972165,P-M12-EH-001,高強度引擎汽缸頭螺栓 M12,73181595,10649,678.89,732.13,2260
INV-EU-2024-03682,WO-2024-CS-03682,2024-07-22,Spain,Taiwan,TW2066430326,P-CS-BS-003,底盤懸吊臂襯套軸套,73269098,11353,3088.14,3315.2,9912
INV-EU-2024-03697,WO-2024-M10-03697,2024-07-22,Netherlands,Taiwan,TW2066856188,P-M10-BN-002,電動車電池模組固定螺母 M10,73181699,31298,532.08,558.68,2516
INV-EU-2024-03707,WO-2024-M12-03707,2024-07-22,Italy,Taiwan,TW2066876886,P-M12-EH-001,高強度引擎汽缸頭螺栓 M12,73181595,48502,3092.02,3334.53,19170
INV-EU-2024-03723,WO-2024-M10-03723,2024-07-22,Netherlands,Taiwan,TW2066831390,P-M10-BN-002,電動車電池模組固定螺母 M10,73181699,36584,621.94,653.04,3943
INV-EU-2024-03598,WO-2024-CS-03598,2024-07-23,Spain,Taiwan,TW2066293862,P-CS-BS-003,底盤懸吊臂襯套軸套,73269098,15531,4224.66,4535.28,13180
INV-EU-2024-03606,WO-2024-M12-03606,2024-07-23,France,Taiwan,TW2066860843,P-M12-EH-001,高強度引擎汽缸頭螺栓 M12,73181595,42803,2728.7,2942.71,9141
INV-EU-2024-03609,WO-2024-M10-03609,2024-07-23,Italy,Taiwan,TW2066489291,P-M10-BN-002,電動車電池模組固定螺母 M10,73181699,24415,415.07,435.82,1710
INV-EU-2024-03612,WO-2024-M12-03612,2024-07-23,Germany,Taiwan,TW2066950326,P-M12-EH-001,高強度引擎汽缸頭螺栓 M12,73181595,48846,3113.97,3358.2,23448
INV-EU-2024-03646,WO-2024-CS-03646,2024-07-23,Italy,Taiwan,TW2066699620,P-CS-BS-003,底盤懸吊臂襯套軸套,73269098,21987,5980.68,6420.42,32953
INV-EU-2024-03648,WO-2024-M10-03648,2024-07-23,Netherlands,Taiwan,TW2066372529,P-M10-BN-002,電動車電池模組固定螺母 M10,73181699,19374,329.36,345.83,2401
INV-EU-2024-03652,WO-2024-M10-03652,2024-07-23,Italy,Taiwan,TW2066605728,P-M10-BN-002,電動車電池模組固定螺母 M10,73181699,14416,245.08,257.33,1624
INV-EU-2024-03659,WO-2024-CS-03659,2024-07-23,Germany,Taiwan,TW2066225774,P-CS-BS-003,底盤懸吊臂襯套軸套,73269098,30406,8270.54,8878.66,50450
INV-EU-2024-03666,WO-2024-M10-03666,2024-07-23,Italy,Taiwan,TW2066859034,P-M10-BN-002,電動車電池模組固定螺母 M10,73181699,19458,330.79,347.33,2570
INV-EU-2024-03667,WO-2024-CS-03667,2024-07-23,Spain,Taiwan,TW2066767135,P-CS-BS-003,底盤懸吊臂襯套軸套,73269098,41795,11368.34,12204.24,59797
INV-EU-2024-03684,WO-2024-M12-03684,2024-07-23,Netherlands,Taiwan,TW2066325806,P-M12-EH-001,高強度引擎汽缸頭螺栓 M12,73181595,19841,1264.87,1364.07,8386
INV-EU-2024-03685,WO-2024-CS-03685,2024-07-23,Italy,Taiwan,TW2066666193,P-CS-BS-003,底盤懸吊臂襯套軸套,73269098,26322,7159.66,7686.1,24414
INV-EU-2024-03686,WO-2024-M10-03686,2024-07-23,Spain,Taiwan,TW2066149637,P-M10-BN-002,電動車電池模組固定螺母 M10,73181699,10622,180.58,189.61,1392
INV-EU-2024-03687,WO-2024-M12-03687,2024-07-23,France,Taiwan,TW2066215876,P-M12-EH-001,高強度引擎汽缸頭螺栓 M12,73181595,17209,1097.08,1183.13,4673
INV-EU-2024-03690,WO-2024-M12-03690,2024-07-23,Italy,Taiwan,TW2066568203,P-M12-EH-001,高強度引擎汽缸頭螺栓 M12,73181595,23163,1476.67,1592.49,9997
INV-EU-2024-03701,WO-2024-M10-03701,2024-07-23,Germany,Taiwan,TW2066959571,P-M10-BN-002,電動車電池模組固定螺母 M10,73181699,17627,299.67,314.65,1090
INV-EU-2024-03708,WO-2024-M12-03708,2024-07-23,Germany,Taiwan,TW2066100706,P-M12-EH-001,高強度引擎汽缸頭螺栓 M12,73181595,37005,2359.13,2544.16,7124
INV-EU-2024-03710,WO-2024-CS-03710,2024-07-23,Netherlands,Taiwan,TW2066543850,P-CS-BS-003,底盤懸吊臂襯套軸套,73269098,27025,7350.92,7891.42,26389
INV-EU-2024-03719,WO-2024-CS-03719,2024-07-23,Spain,Taiwan,TW2066220091,P-CS-BS-003,底盤懸吊臂襯套軸套,73269098,23526,6399.13,6869.65,20733
INV-EU-2024-03721,WO-2024-M10-03721,2024-07-23,France,Taiwan,TW2066695105,P-M10-BN-002,電動車電池模組固定螺母 M10,73181699,27331,464.64,487.87,1579
INV-EU-2024-03725,WO-2024-CS-03725,2024-07-23,Italy,Taiwan,TW2066257361,P-CS-BS-003,底盤懸吊臂襯套軸套,73269098,26458,7196.65,7725.81,41452
INV-EU-2024-03729,WO-2024-M12-03729,2024-07-23,Germany,Taiwan,TW2066425411,P-M12-EH-001,高強度引擎汽缸頭螺栓 M12,73181595,11104,707.93,763.45,4205
INV-EU-2024-03731,WO-2024-CS-03731,2024-07-23,France,Taiwan,TW2066431422,P-CS-BS-003,底盤懸吊臂襯套軸套,73269098,15667,4261.46,4574.8,31066
INV-EU-2024-03734,WO-2024-M10-03734,2024-07-23,Spain,Taiwan,TW2066313991,P-M10-BN-002,電動車電池模組固定螺母 M10,73181699,47857,813.58,854.26,2985
INV-EU-2024-03737,WO-2024-M12-03737,2024-07-23,Spain,Taiwan,TW2066924467,P-M12-EH-001,高強度引擎汽缸頭螺栓 M12,73181595,23135,1474.88,1590.56,8126
INV-EU-2024-03743,WO-2024-M12-03743,2024-07-23,Spain,Taiwan,TW2066663233,P-M12-EH-001,高強度引擎汽缸頭螺栓 M12,73181595,41446,2642.23,2849.46,18918
INV-EU-2024-03744,WO-2024-CS-03744,2024-07-23,Italy,Taiwan,TW2066724563,P-CS-BS-003,底盤懸吊臂襯套軸套,73269098,33644,9151.2,9824.08,61404
INV-EU-2024-03746,WO-2024-CS-03746,2024-07-23,Germany,Taiwan,TW2066539296,P-CS-BS-003,底盤懸吊臂襯套軸套,73269098,22435,6102.49,6551.19,21846
INV-EU-2024-03621,WO-2024-M10-03621,2024-07-24,Germany,Taiwan,TW2066609499,P-M10-BN-002,電動車電池模組固定螺母 M10,73181699,40345,685.88,720.17,2462
INV-EU-2024-03626,WO-2024-CS-03626,2024-07-24,France,Taiwan,TW2066544606,P-CS-BS-003,底盤懸吊臂襯套軸套,73269098,43918,11945.74,12824.1,91623
INV-EU-2024-03627,WO-2024-M12-03627,2024-07-24,France,Taiwan,TW2066251225,P-M12-EH-001,高強度引擎汽缸頭螺栓 M12,73181595,41896,2670.9,2880.38,16158
INV-EU-2024-03636,WO-2024-M12-03636,2024-07-24,Italy,Taiwan,TW2066345442,P-M12-EH-001,高強度引擎汽缸頭螺栓 M12,73181595,29348,1870.94,2017.68,9074
INV-EU-2024-03637,WO-2024-M10-03637,2024-07-24,Italy,Taiwan,TW2066757750,P-M10-BN-002,電動車電池模組固定螺母 M10,73181699,35577,604.82,635.06,2957
INV-EU-2024-03640,WO-2024-M10-03640,2024-07-24,Germany,Taiwan,TW2066435081,P-M10-BN-002,電動車電池模組固定螺母 M10,73181699,14951,254.17,266.88,1016
INV-EU-2024-03643,WO-2024-CS-03643,2024-07-24,Italy,Taiwan,TW2066262207,P-CS-BS-003,底盤懸吊臂襯套軸套,73269098,17995,4894.66,5254.56,14977
INV-EU-2024-03661,WO-2024-M10-03661,2024-07-24,Germany,Taiwan,TW2066954842,P-M10-BN-002,電動車電池模組固定螺母 M10,73181699,21650,368.05,386.45,1174
INV-EU-2024-03663,WO-2024-M10-03663,2024-07-24,Italy,Taiwan,TW2066643853,P-M10-BN-002,電動車電池模組固定螺母 M10,73181699,34087,579.48,608.45,3726
INV-EU-2024-03677,WO-2024-M10-03677,2024-07-24,Germany,Taiwan,TW2066904401,P-M10-BN-002,電動車電池模組固定螺母 M10,73181699,22067,375.15,393.91,1253
INV-EU-2024-03696,WO-2024-M12-03696,2024-07-24,Netherlands,Taiwan,TW2066951921,P-M12-EH-001,高強度引擎汽缸頭螺栓 M12,73181595,42172,2688.49,2899.35,12286
INV-EU-2024-03703,WO-2024-M10-03703,2024-07-24,Spain,Taiwan,TW2066584357,P-M10-BN-002,電動車電池模組固定螺母 M10,73181699,35416,602.08,632.18,4738
INV-EU-2024-03715,WO-2024-M12-03715,2024-07-24,Spain,Taiwan,TW2066840555,P-M12-EH-001,高強度引擎汽缸頭螺栓 M12,73181595,38394,2447.66,2639.63,10965
INV-EU-2024-03720,WO-2024-M10-03720,2024-07-24,Spain,Taiwan,TW2066795049,P-M10-BN-002,電動車電池模組固定螺母 M10,73181699,49510,841.68,883.76,4814
INV-EU-2024-03730,WO-2024-M12-03730,2024-07-24,Italy,Taiwan,TW2066898084,P-M12-EH-001,高強度引擎汽缸頭螺栓 M12,73181595,32349,2062.3,2224.05,9692
INV-EU-2024-03758,WO-2024-CS-03758,2024-07-24,Netherlands,Taiwan,TW2066128570,P-CS-BS-003,底盤懸吊臂襯套軸套,73269098,29296,7968.72,8554.64,53788
INV-EU-2024-03670,WO-2024-M10-03670,2024-07-25,Italy,Taiwan,TW2066255878,P-M10-BN-002,電動車電池模組固定螺母 M10,73181699,24126,410.15,430.66,2998
INV-EU-2024-03679,WO-2024-CS-03679,2024-07-25,Germany,Taiwan,TW2066884559,P-CS-BS-003,底盤懸吊臂襯套軸套,73269098,35829,9745.53,10462.11,69680
INV-EU-2024-03698,WO-2024-M12-03698,2024-07-25,France,Taiwan,TW2066723737,P-M12-EH-001,高強度引擎汽缸頭螺栓 M12,73181595,11776,750.77,809.65,4264
INV-EU-2024-03700,WO-2024-CS-03700,2024-07-25,Netherlands,Taiwan,TW2066846304,P-CS-BS-003,底盤懸吊臂襯套軸套,73269098,45973,12504.67,13424.13,61272
INV-EU-2024-03705,WO-2024-CS-03705,2024-07-25,Germany,Taiwan,TW2066323958,P-CS-BS-003,底盤懸吊臂襯套軸套,73269098,33133,9012.34,9675,59030
INV-EU-2024-03726,WO-2024-CS-03726,2024-07-25,France,Taiwan,TW2066260037,P-CS-BS-003,底盤懸吊臂襯套軸套,73269098,24400,6636.86,7124.86,40086
INV-EU-2024-03738,WO-2024-M12-03738,2024-07-25,Spain,Taiwan,TW2066542290,P-M12-EH-001,高強度引擎汽缸頭螺栓 M12,73181595,24841,1583.65,1707.86,4877
INV-EU-2024-03740,WO-2024-M12-03740,2024-07-25,France,Taiwan,TW2066154088,P-M12-EH-001,高強度引擎汽缸頭螺栓 M12,73181595,26184,1669.26,1800.18,8179
INV-EU-2024-03741,WO-2024-M12-03741,2024-07-25,Netherlands,Taiwan,TW2066879499,P-M12-EH-001,高強度引擎汽缸頭螺栓 M12,73181595,31827,2029,2188.14,8846
INV-EU-2024-03745,WO-2024-CS-03745,2024-07-25,Netherlands,Taiwan,TW2066809759,P-CS-BS-003,底盤懸吊臂襯套軸套,73269098,16038,4362.49,4683.25,26305
INV-EU-2024-03747,WO-2024-M10-03747,2024-07-25,France,Taiwan,TW2066368177,P-M10-BN-002,電動車電池模組固定螺母 M10,73181699,34781,591.29,620.85,4121
INV-EU-2024-03764,WO-2024-M12-03764,2024-07-25,France,Taiwan,TW2066910406,P-M12-EH-001,高強度引擎汽缸頭螺栓 M12,73181595,17973,1145.79,1235.65,4067
INV-EU-2024-03774,WO-2024-CS-03774,2024-07-25,Germany,Taiwan,TW2066248797,P-CS-BS-003,底盤懸吊臂襯套軸套,73269098,9945,2705.05,2903.95,14958
INV-EU-2024-03780,WO-2024-M12-03780,2024-07-25,Netherlands,Taiwan,TW2066226023,P-M12-EH-001,高強度引擎汽缸頭螺栓 M12,73181595,18286,1165.75,1257.18,3532
INV-EU-2024-03664,WO-2024-M12-03664,2024-07-26,Netherlands,Taiwan,TW2066578983,P-M12-EH-001,高強度引擎汽缸頭螺栓 M12,73181595,48417,3086.63,3328.72,12809
INV-EU-2024-03669,WO-2024-CS-03669,2024-07-26,Spain,Taiwan,TW2066185053,P-CS-BS-003,底盤懸吊臂襯套軸套,73269098,36420,9906.33,10634.73,34969
INV-EU-2024-03676,WO-2024-CS-03676,2024-07-26,France,Taiwan,TW2066602170,P-CS-BS-003,底盤懸吊臂襯套軸套,73269098,16403,4461.62,4789.68,17757
INV-EU-2024-03688,WO-2024-M10-03688,2024-07-26,France,Taiwan,TW2066593502,P-M10-BN-002,電動車電池模組固定螺母 M10,73181699,22462,381.86,400.95,2627
INV-EU-2024-03692,WO-2024-CS-03692,2024-07-26,Italy,Taiwan,TW2066324277,P-CS-BS-003,底盤懸吊臂襯套軸套,73269098,30474,8289.19,8898.67,54211
INV-EU-2024-03695,WO-2024-CS-03695,2024-07-26,Germany,Taiwan,TW2066965759,P-CS-BS-003,底盤懸吊臂襯套軸套,73269098,21296,5792.62,6218.54,26182
INV-EU-2024-03713,WO-2024-CS-03713,2024-07-26,Italy,Taiwan,TW2066931807,P-CS-BS-003,底盤懸吊臂襯套軸套,73269098,23220,6315.91,6780.31,37832
INV-EU-2024-03735,WO-2024-CS-03735,2024-07-26,France,Taiwan,TW2066970839,P-CS-BS-003,底盤懸吊臂襯套軸套,73269098,20883,5680.25,6097.91,17779
INV-EU-2024-03742,WO-2024-M10-03742,2024-07-26,Spain,Taiwan,TW2066309472,P-M10-BN-002,電動車電池模組固定螺母 M10,73181699,46611,792.4,832.02,4057
INV-EU-2024-03756,WO-2024-M10-03756,2024-07-26,Italy,Taiwan,TW2066650695,P-M10-BN-002,電動車電池模組固定螺母 M10,73181699,30954,526.22,552.53,2262
INV-EU-2024-03767,WO-2024-CS-03767,2024-07-26,Netherlands,Taiwan,TW2066101255,P-CS-BS-003,底盤懸吊臂襯套軸套,73269098,16624,4521.88,4854.36,16369
INV-EU-2024-03769,WO-2024-M10-03769,2024-07-26,France,Taiwan,TW2066130548,P-M10-BN-002,電動車電池模組固定螺母 M10,73181699,15746,267.69,281.07,1300
INV-EU-2024-03777,WO-2024-M12-03777,2024-07-26,Italy,Taiwan,TW2066150886,P-M12-EH-001,高強度引擎汽缸頭螺栓 M12,73181595,42868,2732.85,2947.19,9319
INV-EU-2024-03779,WO-2024-M10-03779,2024-07-26,Netherlands,Taiwan,TW2066781931,P-M10-BN-002,電動車電池模組固定螺母 M10,73181699,12218,207.72,218.11,1152
INV-EU-2024-03783,WO-2024-M10-03783,2024-07-26,France,Taiwan,TW2066280437,P-M10-BN-002,電動車電池模組固定螺母 M10,73181699,27236,463.02,486.17,2541
INV-EU-2024-03689,WO-2024-CS-03689,2024-07-27,Spain,Taiwan,TW2066485720,P-CS-BS-003,底盤懸吊臂襯套軸套,73269098,47615,12951.44,13903.74,85868
INV-EU-2024-03691,WO-2024-M12-03691,2024-07-27,Netherlands,Taiwan,TW2066502087,P-M12-EH-001,高強度引擎汽缸頭螺栓 M12,73181595,19606,1249.94,1347.97,7462
INV-EU-2024-03699,WO-2024-M12-03699,2024-07-27,Spain,Taiwan,TW2066467780,P-M12-EH-001,高強度引擎汽缸頭螺栓 M12,73181595,18370,1171.14,1262.99,3525
INV-EU-2024-03709,WO-2024-CS-03709,2024-07-27,Italy,Taiwan,TW2066947697,P-CS-BS-003,底盤懸吊臂襯套軸套,73269098,49158,13371.04,14354.2,45996
INV-EU-2024-03712,WO-2024-CS-03712,2024-07-27,Spain,Taiwan,TW2066390276,P-CS-BS-003,底盤懸吊臂襯套軸套,73269098,39955,10867.76,11666.86,46622
INV-EU-2024-03718,WO-2024-M12-03718,2024-07-27,France,Taiwan,TW2066536249,P-M12-EH-001,高強度引擎汽缸頭螺栓 M12,73181595,41411,2639.97,2847.02,15549
INV-EU-2024-03724,WO-2024-M10-03724,2024-07-27,Germany,Taiwan,TW2066892290,P-M10-BN-002,電動車電池模組固定螺母 M10,73181699,42071,715.22,750.98,4963
INV-EU-2024-03752,WO-2024-M12-03752,2024-07-27,Spain,Taiwan,TW2066377308,P-M12-EH-001,高強度引擎汽缸頭螺栓 M12,73181595,39247,2502.05,2698.29,11184
INV-EU-2024-03771,WO-2024-M10-03771,2024-07-27,Italy,Taiwan,TW2066187238,P-M10-BN-002,電動車電池模組固定螺母 M10,73181699,34842,592.33,621.95,1996
INV-EU-2024-03775,WO-2024-M12-03775,2024-07-27,Spain,Taiwan,TW2066693769,P-M12-EH-001,高強度引擎汽缸頭螺栓 M12,73181595,33984,2166.54,2336.46,7214
INV-EU-2024-03782,WO-2024-M10-03782,2024-07-27,Germany,Taiwan,TW2066540999,P-M10-BN-002,電動車電池模組固定螺母 M10,73181699,45130,767.22,805.58,3705
INV-EU-2024-03787,WO-2024-CS-03787,2024-07-27,France,Taiwan,TW2066824648,P-CS-BS-003,底盤懸吊臂襯套軸套,73269098,15819,4302.8,4619.18,21384
INV-EU-2024-03799,WO-2024-M12-03799,2024-07-27,Germany,Taiwan,TW2066916187,P-M12-EH-001,高強度引擎汽缸頭螺栓 M12,73181595,37224,2373.04,2559.16,17489
INV-EU-2024-03807,WO-2024-M12-03807,2024-07-27,Spain,Taiwan,TW2066332662,P-M12-EH-001,高強度引擎汽缸頭螺栓 M12,73181595,37241,2374.16,2560.36,17592
INV-EU-2024-03811,WO-2024-CS-03811,2024-07-27,Germany,Taiwan,TW2066263539,P-CS-BS-003,底盤懸吊臂襯套軸套,73269098,30448,8281.9,8890.86,36274
INV-EU-2024-03702,WO-2024-CS-03702,2024-07-28,France,Taiwan,TW2066932251,P-CS-BS-003,底盤懸吊臂襯套軸套,73269098,24614,6695.22,7187.5,31936
INV-EU-2024-03704,WO-2024-M12-03704,2024-07-28,Italy,Taiwan,TW2066560726,P-M12-EH-001,高強度引擎汽缸頭螺栓 M12,73181595,16625,1059.9,1143.03,7143
INV-EU-2024-03706,WO-2024-M12-03706,2024-07-28,Spain,Taiwan,TW2066429971,P-M12-EH-001,高強度引擎汽缸頭螺栓 M12,73181595,22270,1419.74,1531.09,8717
INV-EU-2024-03714,WO-2024-CS-03714,2024-07-28,Germany,Taiwan,TW2066275511,P-CS-BS-003,底盤懸吊臂襯套軸套,73269098,34068,9266.6,9947.96,50410
INV-EU-2024-03716,WO-2024-M12-03716,2024-07-28,Spain,Taiwan,TW2066896367,P-M12-EH-001,高強度引擎汽缸頭螺栓 M12,73181595,22970,1464.37,1579.22,8727
INV-EU-2024-03733,WO-2024-M12-03733,2024-07-28,Spain,Taiwan,TW2066542829,P-M12-EH-001,高強度引擎汽缸頭螺栓 M12,73181595,24792,1580.54,1704.5,4915
INV-EU-2024-03751,WO-2024-CS-03751,2024-07-28,Netherlands,Taiwan,TW2066330520,P-CS-BS-003,底盤懸吊臂襯套軸套,73269098,30400,8268.85,8876.85,47380
INV-EU-2024-03754,WO-2024-M10-03754,2024-07-28,Italy,Taiwan,TW2066217617,P-M10-BN-002,電動車電池模組固定螺母 M10,73181699,22145,376.48,395.3,2353
INV-EU-2024-03760,WO-2024-CS-03760,2024-07-28,Italy,Taiwan,TW2066533797,P-CS-BS-003,底盤懸吊臂襯套軸套,73269098,26190,7123.71,7647.51,38254
INV-EU-2024-03788,WO-2024-M12-03788,2024-07-28,France,Taiwan,TW2066822702,P-M12-EH-001,高強度引擎汽缸頭螺栓 M12,73181595,34157,2177.51,2348.3,13065
INV-EU-2024-03789,WO-2024-M10-03789,2024-07-28,Netherlands,Taiwan,TW2066331913,P-M10-BN-002,電動車電池模組固定螺母 M10,73181699,15257,259.38,272.35,1579
INV-EU-2024-03793,WO-2024-M10-03793,2024-07-28,Germany,Taiwan,TW2066823137,P-M10-BN-002,電動車電池模組固定螺母 M10,73181699,31076,528.3,554.71,4073
INV-EU-2024-03795,WO-2024-M12-03795,2024-07-28,Italy,Taiwan,TW2066573925,P-M12-EH-001,高強度引擎汽缸頭螺栓 M12,73181595,23859,1521.04,1640.34,7787
INV-EU-2024-03800,WO-2024-CS-03800,2024-07-28,Spain,Taiwan,TW2066860272,P-CS-BS-003,底盤懸吊臂襯套軸套,73269098,36674,9975.47,10708.95,42495
INV-EU-2024-03802,WO-2024-M10-03802,2024-07-28,Germany,Taiwan,TW2066339846,P-M10-BN-002,電動車電池模組固定螺母 M10,73181699,33875,575.88,604.67,2971
INV-EU-2024-03820,WO-2024-CS-03820,2024-07-28,Italy,Taiwan,TW2066558412,P-CS-BS-003,底盤懸吊臂襯套軸套,73269098,36760,9998.93,10734.13,42095
INV-EU-2024-03821,WO-2024-CS-03821,2024-07-28,Spain,Taiwan,TW2066123347,P-CS-BS-003,底盤懸吊臂襯套軸套,73269098,24577,6685,7176.54,29614
INV-EU-2024-03832,WO-2024-M10-03832,2024-07-28,Spain,Taiwan,TW2066370829,P-M10-BN-002,電動車電池模組固定螺母 M10,73181699,36779,625.25,656.51,4951
INV-EU-2024-03849,WO-2024-M12-03849,2024-07-28,Italy,Taiwan,TW2066163448,P-M12-EH-001,高強度引擎汽缸頭螺栓 M12,73181595,10153,647.3,698.06,4479
INV-EU-2024-03711,WO-2024-M12-03711,2024-07-29,Netherlands,Taiwan,TW2066901730,P-M12-EH-001,高強度引擎汽缸頭螺栓 M12,73181595,42360,2700.51,2912.31,15284
INV-EU-2024-03717,WO-2024-CS-03717,2024-07-29,France,Taiwan,TW2066316630,P-CS-BS-003,底盤懸吊臂襯套軸套,73269098,11451,3114.92,3343.94,17630
INV-EU-2024-03722,WO-2024-M12-03722,2024-07-29,France,Taiwan,TW2066986821,P-M12-EH-001,高強度引擎汽缸頭螺栓 M12,73181595,17422,1110.71,1197.82,7586
INV-EU-2024-03727,WO-2024-M12-03727,2024-07-29,Spain,Taiwan,TW2066873602,P-M12-EH-001,高強度引擎汽缸頭螺栓 M12,73181595,28257,1801.42,1942.71,12754
INV-EU-2024-03728,WO-2024-M12-03728,2024-07-29,Italy,Taiwan,TW2066668006,P-M12-EH-001,高強度引擎汽缸頭螺栓 M12,73181595,16473,1050.16,1132.53,5061
INV-EU-2024-03739,WO-2024-M12-03739,2024-07-29,Netherlands,Taiwan,TW2066966781,P-M12-EH-001,高強度引擎汽缸頭螺栓 M12,73181595,22679,1445.84,1559.23,9860
INV-EU-2024-03749,WO-2024-M12-03749,2024-07-29,Italy,Taiwan,TW2066720637,P-M12-EH-001,高強度引擎汽缸頭螺栓 M12,73181595,24461,1559.44,1681.75,7454
INV-EU-2024-03750,WO-2024-CS-03750,2024-07-29,Netherlands,Taiwan,TW2066333894,P-CS-BS-003,底盤懸吊臂襯套軸套,73269098,41041,11163.36,11984.18,86404
INV-EU-2024-03761,WO-2024-CS-03761,2024-07-29,Italy,Taiwan,TW2066261461,P-CS-BS-003,底盤懸吊臂襯套軸套,73269098,10854,2952.49,3169.57,15323
INV-EU-2024-03763,WO-2024-M10-03763,2024-07-29,Italy,Taiwan,TW2066790272,P-M10-BN-002,電動車電池模組固定螺母 M10,73181699,22924,389.72,409.21,2790
INV-EU-2024-03766,WO-2024-M10-03766,2024-07-29,France,Taiwan,TW2066445871,P-M10-BN-002,電動車電池模組固定螺母 M10,73181699,30853,524.51,550.74,2098
INV-EU-2024-03790,WO-2024-CS-03790,2024-07-29,Italy,Taiwan,TW2066993686,P-CS-BS-003,底盤懸吊臂襯套軸套,73269098,21180,5761.03,6184.63,21891
INV-EU-2024-03791,WO-2024-M12-03791,2024-07-29,Spain,Taiwan,TW2066536422,P-M12-EH-001,高強度引擎汽缸頭螺栓 M12,73181595,34085,2172.96,2343.39,11994
INV-EU-2024-03804,WO-2024-M12-03804,2024-07-29,Germany,Taiwan,TW2066323012,P-M12-EH-001,高強度引擎汽缸頭螺栓 M12,73181595,12664,807.34,870.66,3754
INV-EU-2024-03816,WO-2024-M10-03816,2024-07-29,Germany,Taiwan,TW2066212333,P-M10-BN-002,電動車電池模組固定螺母 M10,73181699,15173,257.95,270.85,1785
INV-EU-2024-03822,WO-2024-CS-03822,2024-07-29,Germany,Taiwan,TW2066635761,P-CS-BS-003,底盤懸吊臂襯套軸套,73269098,12725,3461.21,3715.71,24643
INV-EU-2024-03839,WO-2024-M10-03839,2024-07-29,Germany,Taiwan,TW2066823526,P-M10-BN-002,電動車電池模組固定螺母 M10,73181699,41887,712.09,747.69,5632
INV-EU-2024-03845,WO-2024-M10-03845,2024-07-29,France,Taiwan,TW2066536617,P-M10-BN-002,電動車電池模組固定螺母 M10,73181699,13893,236.19,248,1610
INV-EU-2024-03732,WO-2024-M10-03732,2024-07-30,Netherlands,Taiwan,TW2066367094,P-M10-BN-002,電動車電池模組固定螺母 M10,73181699,37297,634.05,665.75,3392
INV-EU-2024-03736,WO-2024-CS-03736,2024-07-30,Italy,Taiwan,TW2066381692,P-CS-BS-003,底盤懸吊臂襯套軸套,73269098,48487,13188.68,14158.42,84539
INV-EU-2024-03748,WO-2024-M12-03748,2024-07-30,Netherlands,Taiwan,TW2066318614,P-M12-EH-001,高強度引擎汽缸頭螺栓 M12,73181595,46763,2981.16,3214.97,21881
INV-EU-2024-03753,WO-2024-M12-03753,2024-07-30,Spain,Taiwan,TW2066685352,P-M12-EH-001,高強度引擎汽缸頭螺栓 M12,73181595,36585,2332.35,2515.28,7743
INV-EU-2024-03757,WO-2024-CS-03757,2024-07-30,Italy,Taiwan,TW2066668824,P-CS-BS-003,底盤懸吊臂襯套軸套,73269098,31270,8505.52,9130.92,42527
INV-EU-2024-03759,WO-2024-CS-03759,2024-07-30,Italy,Taiwan,TW2066182426,P-CS-BS-003,底盤懸吊臂襯套軸套,73269098,38032,10344.77,11105.41,59378
INV-EU-2024-03781,WO-2024-M10-03781,2024-07-30,Spain,Taiwan,TW2066643259,P-M10-BN-002,電動車電池模組固定螺母 M10,73181699,21878,371.93,390.53,1681
INV-EU-2024-03785,WO-2024-M12-03785,2024-07-30,Netherlands,Taiwan,TW2066454517,P-M12-EH-001,高強度引擎汽缸頭螺栓 M12,73181595,38952,2483.22,2677.98,13310
INV-EU-2024-03786,WO-2024-M12-03786,2024-07-30,Germany,Taiwan,TW2066101090,P-M12-EH-001,高強度引擎汽缸頭螺栓 M12,73181595,47997,3059.86,3299.85,12147
INV-EU-2024-03794,WO-2024-M10-03794,2024-07-30,Germany,Taiwan,TW2066583564,P-M10-BN-002,電動車電池模組固定螺母 M10,73181699,15563,264.58,277.81,1084
INV-EU-2024-03805,WO-2024-M12-03805,2024-07-30,Germany,Taiwan,TW2066536190,P-M12-EH-001,高強度引擎汽缸頭螺栓 M12,73181595,22368,1425.97,1537.81,7600
INV-EU-2024-03814,WO-2024-CS-03814,2024-07-30,Germany,Taiwan,TW2066597696,P-CS-BS-003,底盤懸吊臂襯套軸套,73269098,34358,9345.49,10032.65,30185
INV-EU-2024-03819,WO-2024-M12-03819,2024-07-30,Germany,Taiwan,TW2066348338,P-M12-EH-001,高強度引擎汽缸頭螺栓 M12,73181595,19851,1265.54,1364.8,6935
INV-EU-2024-03823,WO-2024-M12-03823,2024-07-30,Germany,Taiwan,TW2066684464,P-M12-EH-001,高強度引擎汽缸頭螺栓 M12,73181595,12604,803.55,866.57,2410
INV-EU-2024-03843,WO-2024-M12-03843,2024-07-30,Germany,Taiwan,TW2066470958,P-M12-EH-001,高強度引擎汽缸頭螺栓 M12,73181595,30428,1939.79,2091.93,7875
INV-EU-2024-03847,WO-2024-M12-03847,2024-07-30,Italy,Taiwan,TW2066504217,P-M12-EH-001,高強度引擎汽缸頭螺栓 M12,73181595,24082,1535.23,1655.64,10562
INV-EU-2024-03857,WO-2024-M10-03857,2024-07-30,Germany,Taiwan,TW2066979922,P-M10-BN-002,電動車電池模組固定螺母 M10,73181699,26296,447.04,469.39,2212
INV-EU-2024-03860,WO-2024-CS-03860,2024-07-30,Italy,Taiwan,TW2066567252,P-CS-BS-003,底盤懸吊臂襯套軸套,73269098,33518,9117.16,9787.52,32548
INV-EU-2024-03864,WO-2024-M12-03864,2024-07-30,Germany,Taiwan,TW2066472756,P-M12-EH-001,高強度引擎汽缸頭螺栓 M12,73181595,37366,2382.11,2568.94,13816
INV-EU-2024-03876,WO-2024-M12-03876,2024-07-30,Spain,Taiwan,TW2066570957,P-M12-EH-001,高強度引擎汽缸頭螺栓 M12,73181595,27879,1777.3,1916.69,8068
INV-EU-2024-03755,WO-2024-M12-03755,2024-07-31,Germany,Taiwan,TW2066729539,P-M12-EH-001,高強度引擎汽缸頭螺栓 M12,73181595,38427,2449.74,2641.88,17638
INV-EU-2024-03762,WO-2024-M12-03762,2024-07-31,Spain,Taiwan,TW2066727084,P-M12-EH-001,高強度引擎汽缸頭螺栓 M12,73181595,44427,2832.27,3054.4,11923
INV-EU-2024-03765,WO-2024-M10-03765,2024-07-31,Germany,Taiwan,TW2066134580,P-M10-BN-002,電動車電池模組固定螺母 M10,73181699,16987,288.78,303.22,1484
INV-EU-2024-03768,WO-2024-M10-03768,2024-07-31,Germany,Taiwan,TW2066263037,P-M10-BN-002,電動車電池模組固定螺母 M10,73181699,40824,694.02,728.72,3511
INV-EU-2024-03776,WO-2024-M10-03776,2024-07-31,Italy,Taiwan,TW2066105380,P-M10-BN-002,電動車電池模組固定螺母 M10,73181699,17665,300.32,315.34,1976
INV-EU-2024-03778,WO-2024-CS-03778,2024-07-31,Netherlands,Taiwan,TW2066260155,P-CS-BS-003,底盤懸吊臂襯套軸套,73269098,26635,7244.98,7777.68,55134
INV-EU-2024-03797,WO-2024-M10-03797,2024-07-31,France,Taiwan,TW2066740164,P-M10-BN-002,電動車電池模組固定螺母 M10,73181699,12385,210.56,221.09,1313
INV-EU-2024-03801,WO-2024-CS-03801,2024-07-31,Netherlands,Taiwan,TW2066210020,P-CS-BS-003,底盤懸吊臂襯套軸套,73269098,24139,6565.81,7048.59,39854
INV-EU-2024-03803,WO-2024-M10-03803,2024-07-31,Italy,Taiwan,TW2066487000,P-M10-BN-002,電動車電池模組固定螺母 M10,73181699,21695,368.82,387.26,2570
INV-EU-2024-03806,WO-2024-M10-03806,2024-07-31,France,Taiwan,TW2066530295,P-M10-BN-002,電動車電池模組固定螺母 M10,73181699,33841,575.31,604.08,3549
INV-EU-2024-03813,WO-2024-M10-03813,2024-07-31,Netherlands,Taiwan,TW2066875859,P-M10-BN-002,電動車電池模組固定螺母 M10,73181699,16453,279.71,293.7,1952
INV-EU-2024-03815,WO-2024-CS-03815,2024-07-31,Spain,Taiwan,TW2066552213,P-CS-BS-003,底盤懸吊臂襯套軸套,73269098,21144,5751.28,6174.16,38361
INV-EU-2024-03817,WO-2024-CS-03817,2024-07-31,Germany,Taiwan,TW2066105419,P-CS-BS-003,底盤懸吊臂襯套軸套,73269098,44522,12110.22,13000.66,78232
INV-EU-2024-03848,WO-2024-CS-03848,2024-07-31,Italy,Taiwan,TW2066834745,P-CS-BS-003,底盤懸吊臂襯套軸套,73269098,11213,3050.03,3274.29,23851
INV-EU-2024-03854,WO-2024-M10-03854,2024-07-31,Italy,Taiwan,TW2066718108,P-M10-BN-002,電動車電池模組固定螺母 M10,73181699,31177,530.01,556.51,2104
INV-EU-2024-03858,WO-2024-CS-03858,2024-07-31,France,Taiwan,TW2066298390,P-CS-BS-003,底盤懸吊臂襯套軸套,73269098,41759,11358.69,12193.87,45661
INV-EU-2024-03892,WO-2024-M12-03892,2024-07-31,Spain,Taiwan,TW2066344539,P-M12-EH-001,高強度引擎汽缸頭螺栓 M12,73181595,27966,1782.87,1922.7,7309
INV-EU-2024-03770,WO-2024-M10-03770,2024-08-01,Germany,Taiwan,TW2066314485,P-M10-BN-002,電動車電池模組固定螺母 M10,73181699,33491,569.35,597.82,1850
INV-EU-2024-03772,WO-2024-M12-03772,2024-08-01,Netherlands,Taiwan,TW2066434974,P-M12-EH-001,高強度引擎汽缸頭螺栓 M12,73181595,21954,1399.59,1509.36,5668
INV-EU-2024-03773,WO-2024-CS-03773,2024-08-01,Spain,Taiwan,TW2066194961,P-CS-BS-003,底盤懸吊臂襯套軸套,73269098,34121,9281.17,9963.59,54294
INV-EU-2024-03784,WO-2024-CS-03784,2024-08-01,France,Taiwan,TW2066863483,P-CS-BS-003,底盤懸吊臂襯套軸套,73269098,19590,5328.54,5720.34,18490
INV-EU-2024-03792,WO-2024-CS-03792,2024-08-01,Italy,Taiwan,TW2066642792,P-CS-BS-003,底盤懸吊臂襯套軸套,73269098,22822,6207.6,6664.04,36376
INV-EU-2024-03798,WO-2024-M10-03798,2024-08-01,Spain,Taiwan,TW2066633237,P-M10-BN-002,電動車電池模組固定螺母 M10,73181699,36607,622.32,653.44,2190
INV-EU-2024-03808,WO-2024-M10-03808,2024-08-01,Netherlands,Taiwan,TW2066967761,P-M10-BN-002,電動車電池模組固定螺母 M10,73181699,33274,565.66,593.94,2833
INV-EU-2024-03810,WO-2024-M12-03810,2024-08-01,France,Taiwan,TW2066392397,P-M12-EH-001,高強度引擎汽缸頭螺栓 M12,73181595,30226,1926.93,2078.06,11176
INV-EU-2024-03824,WO-2024-CS-03824,2024-08-01,Germany,Taiwan,TW2066680741,P-CS-BS-003,底盤懸吊臂襯套軸套,73269098,44922,12218.82,13117.26,93840
INV-EU-2024-03833,WO-2024-M12-03833,2024-08-01,Netherlands,Taiwan,TW2066819909,P-M12-EH-001,高強度引擎汽缸頭螺栓 M12,73181595,46739,2979.65,3213.35,16119
INV-EU-2024-03838,WO-2024-M12-03838,2024-08-01,Germany,Taiwan,TW2066908546,P-M12-EH-001,高強度引擎汽缸頭螺栓 M12,73181595,25691,1637.86,1766.31,5454
INV-EU-2024-03846,WO-2024-M12-03846,2024-08-01,France,Taiwan,TW2066909789,P-M12-EH-001,高強度引擎汽缸頭螺栓 M12,73181595,41650,2655.2,2863.45,18267
INV-EU-2024-03859,WO-2024-CS-03859,2024-08-01,Italy,Taiwan,TW2066740568,P-CS-BS-003,底盤懸吊臂襯套軸套,73269098,29037,7898.24,8478.98,59236
INV-EU-2024-03863,WO-2024-M12-03863,2024-08-01,Germany,Taiwan,TW2066367160,P-M12-EH-001,高強度引擎汽缸頭螺栓 M12,73181595,11889,757.96,817.41,3941
INV-EU-2024-03865,WO-2024-M10-03865,2024-08-01,France,Taiwan,TW2066777150,P-M10-BN-002,電動車電池模組固定螺母 M10,73181699,14244,242.15,254.26,799
INV-EU-2024-03870,WO-2024-CS-03870,2024-08-01,France,Taiwan,TW2066198129,P-CS-BS-003,底盤懸吊臂襯套軸套,73269098,15670,4262.5,4575.9,19863
INV-EU-2024-03872,WO-2024-M12-03872,2024-08-01,Italy,Taiwan,TW2066722053,P-M12-EH-001,高強度引擎汽缸頭螺栓 M12,73181595,41436,2641.58,2848.76,20234
INV-EU-2024-03877,WO-2024-M10-03877,2024-08-01,France,Taiwan,TW2066108145,P-M10-BN-002,電動車電池模組固定螺母 M10,73181699,17582,298.91,313.86,1234
INV-EU-2024-03880,WO-2024-CS-03880,2024-08-01,Germany,Taiwan,TW2066129960,P-CS-BS-003,底盤懸吊臂襯套軸套,73269098,39919,10858.03,11656.41,67428
INV-EU-2024-03881,WO-2024-M12-03881,2024-08-01,Spain,Taiwan,TW2066608505,P-M12-EH-001,高強度引擎汽缸頭螺栓 M12,73181595,10588,675.01,727.95,4360
INV-EU-2024-03894,WO-2024-M10-03894,2024-08-01,Italy,Taiwan,TW2066739258,P-M10-BN-002,電動車電池模組固定螺母 M10,73181699,38521,654.86,687.6,2815
INV-EU-2024-03897,WO-2024-CS-03897,2024-08-01,Spain,Taiwan,TW2066603332,P-CS-BS-003,底盤懸吊臂襯套軸套,73269098,16290,4431.07,4756.87,20648
INV-EU-2024-03899,WO-2024-M10-03899,2024-08-01,Netherlands,Taiwan,TW2066335419,P-M10-BN-002,電動車電池模組固定螺母 M10,73181699,32611,554.4,582.12,4119
INV-EU-2024-03903,WO-2024-CS-03903,2024-08-01,Germany,Taiwan,TW2066115966,P-CS-BS-003,底盤懸吊臂襯套軸套,73269098,45519,12381.42,13291.8,92984
INV-EU-2024-03796,WO-2024-M12-03796,2024-08-02,France,Taiwan,TW2066678016,P-M12-EH-001,高強度引擎汽缸頭螺栓 M12,73181595,12087,770.55,830.98,2589
INV-EU-2024-03809,WO-2024-CS-03809,2024-08-02,Germany,Taiwan,TW2066398194,P-CS-BS-003,底盤懸吊臂襯套軸套,73269098,23738,6456.94,6931.7,35448
INV-EU-2024-03812,WO-2024-M12-03812,2024-08-02,Spain,Taiwan,TW2066916933,P-M12-EH-001,高強度引擎汽缸頭螺栓 M12,73181595,22158,1412.63,1523.42,6116
INV-EU-2024-03825,WO-2024-M12-03825,2024-08-02,Netherlands,Taiwan,TW2066473751,P-M12-EH-001,高強度引擎汽缸頭螺栓 M12,73181595,14379,916.69,988.59,3593
INV-EU-2024-03827,WO-2024-M10-03827,2024-08-02,Netherlands,Taiwan,TW2066316080,P-M10-BN-002,電動車電池模組固定螺母 M10,73181699,26279,446.75,469.09,3547
INV-EU-2024-03830,WO-2024-M10-03830,2024-08-02,Italy,Taiwan,TW2066865796,P-M10-BN-002,電動車電池模組固定螺母 M10,73181699,45693,776.79,815.63,2664
INV-EU-2024-03834,WO-2024-M12-03834,2024-08-02,Italy,Taiwan,TW2066292367,P-M12-EH-001,高強度引擎汽缸頭螺栓 M12,73181595,17953,1144.56,1234.33,4921
INV-EU-2024-03836,WO-2024-M12-03836,2024-08-02,France,Taiwan,TW2066291367,P-M12-EH-001,高強度引擎汽缸頭螺栓 M12,73181595,45266,2885.72,3112.05,14197
INV-EU-2024-03841,WO-2024-M12-03841,2024-08-02,Spain,Taiwan,TW2066570272,P-M12-EH-001,高強度引擎汽缸頭螺栓 M12,73181595,46074,2937.26,3167.63,18827
INV-EU-2024-03842,WO-2024-M12-03842,2024-08-02,Germany,Taiwan,TW2066252009,P-M12-EH-001,高強度引擎汽缸頭螺栓 M12,73181595,35645,2272.39,2450.61,15770
INV-EU-2024-03850,WO-2024-M10-03850,2024-08-02,Italy,Taiwan,TW2066615491,P-M10-BN-002,電動車電池模組固定螺母 M10,73181699,47535,808.1,848.5,3749
INV-EU-2024-03856,WO-2024-M12-03856,2024-08-02,Germany,Taiwan,TW2066595846,P-M12-EH-001,高強度引擎汽缸頭螺栓 M12,73181595,16480,1050.63,1133.03,7417
INV-EU-2024-03862,WO-2024-M12-03862,2024-08-02,Germany,Taiwan,TW2066466596,P-M12-EH-001,高強度引擎汽缸頭螺栓 M12,73181595,11555,736.69,794.47,5436
INV-EU-2024-03868,WO-2024-M12-03868,2024-08-02,Spain,Taiwan,TW2066871249,P-M12-EH-001,高強度引擎汽缸頭螺栓 M12,73181595,47416,3022.78,3259.86,15597
INV-EU-2024-03871,WO-2024-CS-03871,2024-08-02,Italy,Taiwan,TW2066932725,P-CS-BS-003,底盤懸吊臂襯套軸套,73269098,21617,5879.92,6312.26,43511
INV-EU-2024-03878,WO-2024-CS-03878,2024-08-02,France,Taiwan,TW2066814195,P-CS-BS-003,底盤懸吊臂襯套軸套,73269098,44519,12109.37,12999.75,56914
INV-EU-2024-03879,WO-2024-M12-03879,2024-08-02,Italy,Taiwan,TW2066979919,P-M12-EH-001,高強度引擎汽缸頭螺栓 M12,73181595,33803,2155,2324.01,8210
INV-EU-2024-03884,WO-2024-CS-03884,2024-08-02,Spain,Taiwan,TW2066550724,P-CS-BS-003,底盤懸吊臂襯套軸套,73269098,22656,6162.48,6615.6,26437
INV-EU-2024-03885,WO-2024-M10-03885,2024-08-02,Netherlands,Taiwan,TW2066309684,P-M10-BN-002,電動車電池模組固定螺母 M10,73181699,24176,411,431.55,1680
INV-EU-2024-03887,WO-2024-M12-03887,2024-08-02,Italy,Taiwan,TW2066253436,P-M12-EH-001,高強度引擎汽缸頭螺栓 M12,73181595,16183,1031.72,1112.63,4766
INV-EU-2024-03889,WO-2024-M10-03889,2024-08-02,Germany,Taiwan,TW2066525579,P-M10-BN-002,電動車電池模組固定螺母 M10,73181699,42154,716.63,752.46,2658
INV-EU-2024-03910,WO-2024-M10-03910,2024-08-02,Italy,Taiwan,TW2066688934,P-M10-BN-002,電動車電池模組固定螺母 M10,73181699,25817,438.9,460.84,2997
INV-EU-2024-03912,WO-2024-M10-03912,2024-08-02,France,Taiwan,TW2066670213,P-M10-BN-002,電動車電池模組固定螺母 M10,73181699,33419,568.13,596.54,1897
INV-EU-2024-03943,WO-2024-M10-03943,2024-08-02,Netherlands,Taiwan,TW2066848567,P-M10-BN-002,電動車電池模組固定螺母 M10,73181699,48948,832.12,873.73,5375
INV-EU-2024-03945,WO-2024-CS-03945,2024-08-02,Spain,Taiwan,TW2066176350,P-CS-BS-003,底盤懸吊臂襯套軸套,73269098,29020,7893.6,8474,53518
INV-EU-2024-03818,WO-2024-CS-03818,2024-08-03,Italy,Taiwan,TW2066781327,P-CS-BS-003,底盤懸吊臂襯套軸套,73269098,29544,8036.05,8626.93,42189
INV-EU-2024-03828,WO-2024-M12-03828,2024-08-03,Germany,Taiwan,TW2066214852,P-M12-EH-001,高強度引擎汽缸頭螺栓 M12,73181595,25893,1650.71,1780.17,12826
INV-EU-2024-03835,WO-2024-CS-03835,2024-08-03,Spain,Taiwan,TW2066937104,P-CS-BS-003,底盤懸吊臂襯套軸套,73269098,44546,12116.65,13007.57,40833
INV-EU-2024-03844,WO-2024-CS-03844,2024-08-03,Netherlands,Taiwan,TW2066897305,P-CS-BS-003,底盤懸吊臂襯套軸套,73269098,25124,6833.79,7336.27,54328
INV-EU-2024-03882,WO-2024-M12-03882,2024-08-03,Netherlands,Taiwan,TW2066147641,P-M12-EH-001,高強度引擎汽缸頭螺栓 M12,73181595,28272,1802.35,1943.71,8543
INV-EU-2024-03888,WO-2024-CS-03888,2024-08-03,Netherlands,Taiwan,TW2066376816,P-CS-BS-003,底盤懸吊臂襯套軸套,73269098,36478,9922.22,10651.78,48023
INV-EU-2024-03893,WO-2024-M10-03893,2024-08-03,Netherlands,Taiwan,TW2066502102,P-M10-BN-002,電動車電池模組固定螺母 M10,73181699,43952,747.19,784.55,4722
INV-EU-2024-03898,WO-2024-M10-03898,2024-08-03,France,Taiwan,TW2066296300,P-M10-BN-002,電動車電池模組固定螺母 M10,73181699,46517,790.79,830.33,6286
INV-EU-2024-03906,WO-2024-M10-03906,2024-08-03,Netherlands,Taiwan,TW2066387955,P-M10-BN-002,電動車電池模組固定螺母 M10,73181699,29908,508.44,533.86,3635
INV-EU-2024-03920,WO-2024-M10-03920,2024-08-03,France,Taiwan,TW2066134390,P-M10-BN-002,電動車電池模組固定螺母 M10,73181699,26402,448.84,471.28,1503
INV-EU-2024-03924,WO-2024-M10-03924,2024-08-03,Netherlands,Taiwan,TW2066155866,P-M10-BN-002,電動車電池模組固定螺母 M10,73181699,47362,805.16,845.42,5314
INV-EU-2024-03929,WO-2024-M12-03929,2024-08-03,Netherlands,Taiwan,TW2066146008,P-M12-EH-001,高強度引擎汽缸頭螺栓 M12,73181595,34386,2192.16,2364.09,6927
INV-EU-2024-03944,WO-2024-M10-03944,2024-08-03,Netherlands,Taiwan,TW2066504824,P-M10-BN-002,電動車電池模組固定螺母 M10,73181699,40596,690.14,724.65,3388
INV-EU-2024-03951,WO-2024-CS-03951,2024-08-03,Germany,Taiwan,TW2066232438,P-CS-BS-003,底盤懸吊臂襯套軸套,73269098,20216,5499.01,5903.33,17431
INV-EU-2024-03959,WO-2024-CS-03959,2024-08-03,Italy,Taiwan,TW2066602581,P-CS-BS-003,底盤懸吊臂襯套軸套,73269098,12226,3325.57,3570.09,11140
INV-EU-2024-03826,WO-2024-CS-03826,2024-08-04,Netherlands,Taiwan,TW2066767192,P-CS-BS-003,底盤懸吊臂襯套軸套,73269098,28074,7636.22,8197.7,31919
INV-EU-2024-03829,WO-2024-M12-03829,2024-08-04,Germany,Taiwan,TW2066213205,P-M12-EH-001,高強度引擎汽缸頭螺栓 M12,73181595,13474,858.99,926.36,4191
INV-EU-2024-03831,WO-2024-M12-03831,2024-08-04,Spain,Taiwan,TW2066783759,P-M12-EH-001,高強度引擎汽缸頭螺栓 M12,73181595,49650,3165.23,3413.48,13325
INV-EU-2024-03837,WO-2024-CS-03837,2024-08-04,Italy,Taiwan,TW2066593800,P-CS-BS-003,底盤懸吊臂襯套軸套,73269098,19379,5271.23,5658.81,34368
INV-EU-2024-03840,WO-2024-M10-03840,2024-08-04,Germany,Taiwan,TW2066493848,P-M10-BN-002,電動車電池模組固定螺母 M10,73181699,26985,458.76,481.7,1646
INV-EU-2024-03851,WO-2024-CS-03851,2024-08-04,Germany,Taiwan,TW2066478614,P-CS-BS-003,底盤懸吊臂襯套軸套,73269098,44445,12089.13,12978.03,57181
INV-EU-2024-03853,WO-2024-CS-03853,2024-08-04,Italy,Taiwan,TW2066379408,P-CS-BS-003,底盤懸吊臂襯套軸套,73269098,20647,5616.02,6028.96,33359
INV-EU-2024-03855,WO-2024-M10-03855,2024-08-04,Italy,Taiwan,TW2066535556,P-M10-BN-002,電動車電池模組固定螺母 M10,73181699,16709,284.06,298.26,1866
INV-EU-2024-03861,WO-2024-M12-03861,2024-08-04,Netherlands,Taiwan,TW2066234268,P-M12-EH-001,高強度引擎汽缸頭螺栓 M12,73181595,30245,1928.17,2079.39,6902
INV-EU-2024-03866,WO-2024-M10-03866,2024-08-04,Germany,Taiwan,TW2066236073,P-M10-BN-002,電動車電池模組固定螺母 M10,73181699,35355,601.04,631.09,2007
INV-EU-2024-03873,WO-2024-M10-03873,2024-08-04,France,Taiwan,TW2066951054,P-M10-BN-002,電動車電池模組固定螺母 M10,73181699,35449,602.64,632.77,3501
INV-EU-2024-03883,WO-2024-M12-03883,2024-08-04,Italy,Taiwan,TW2066458610,P-M12-EH-001,高強度引擎汽缸頭螺栓 M12,73181595,22559,1438.18,1550.98,7737
INV-EU-2024-03886,WO-2024-M10-03886,2024-08-04,Italy,Taiwan,TW2066947992,P-M10-BN-002,電動車電池模組固定螺母 M10,73181699,34014,578.24,607.15,3278
INV-EU-2024-03890,WO-2024-M10-03890,2024-08-04,Germany,Taiwan,TW2066433391,P-M10-BN-002,電動車電池模組固定螺母 M10,73181699,47362,805.16,845.42,2793
INV-EU-2024-03891,WO-2024-M12-03891,2024-08-04,Germany,Taiwan,TW2066348828,P-M12-EH-001,高強度引擎汽缸頭螺栓 M12,73181595,14338,914.05,985.74,5274
INV-EU-2024-03902,WO-2024-M10-03902,2024-08-04,Germany,Taiwan,TW2066660102,P-M10-BN-002,電動車電池模組固定螺母 M10,73181699,27042,459.72,482.71,2799
INV-EU-2024-03908,WO-2024-M10-03908,2024-08-04,Netherlands,Taiwan,TW2066146624,P-M10-BN-002,電動車電池模組固定螺母 M10,73181699,11045,187.77,197.16,722
INV-EU-2024-03909,WO-2024-CS-03909,2024-08-04,France,Taiwan,TW2066703756,P-CS-BS-003,底盤懸吊臂襯套軸套,73269098,43232,11759.29,12623.93,82785
INV-EU-2024-03913,WO-2024-CS-03913,2024-08-04,Italy,Taiwan,TW2066103627,P-CS-BS-003,底盤懸吊臂襯套軸套,73269098,16002,4352.74,4672.78,15931
INV-EU-2024-03916,WO-2024-CS-03916,2024-08-04,Germany,Taiwan,TW2066143032,P-CS-BS-003,底盤懸吊臂襯套軸套,73269098,13892,3778.67,4056.51,29133
INV-EU-2024-03921,WO-2024-M12-03921,2024-08-04,France,Taiwan,TW2066567523,P-M12-EH-001,高強度引擎汽缸頭螺栓 M12,73181595,26224,1671.81,1802.93,8158
INV-EU-2024-03925,WO-2024-M12-03925,2024-08-04,Netherlands,Taiwan,TW2066555979,P-M12-EH-001,高強度引擎汽缸頭螺栓 M12,73181595,17581,1120.83,1208.73,5323
INV-EU-2024-03928,WO-2024-M12-03928,2024-08-04,France,Taiwan,TW2066875665,P-M12-EH-001,高強度引擎汽缸頭螺栓 M12,73181595,43881,2797.46,3016.87,17623
INV-EU-2024-03936,WO-2024-M12-03936,2024-08-04,France,Taiwan,TW2066360993,P-M12-EH-001,高強度引擎汽缸頭螺栓 M12,73181595,20068,1279.35,1379.69,6230
INV-EU-2024-03947,WO-2024-CS-03947,2024-08-04,Spain,Taiwan,TW2066379814,P-CS-BS-003,底盤懸吊臂襯套軸套,73269098,43108,11725.52,12587.68,43267
INV-EU-2024-03957,WO-2024-M10-03957,2024-08-04,Germany,Taiwan,TW2066197030,P-M10-BN-002,電動車電池模組固定螺母 M10,73181699,34225,581.83,610.92,2955
INV-EU-2024-03963,WO-2024-M10-03963,2024-08-04,Italy,Taiwan,TW2066618049,P-M10-BN-002,電動車電池模組固定螺母 M10,73181699,22290,378.94,397.89,1894
INV-EU-2024-03967,WO-2024-M10-03967,2024-08-04,Netherlands,Taiwan,TW2066773952,P-M10-BN-002,電動車電池模組固定螺母 M10,73181699,18561,315.55,331.33,1953
INV-EU-2024-03972,WO-2024-M12-03972,2024-08-04,Germany,Taiwan,TW2066362357,P-M12-EH-001,高強度引擎汽缸頭螺栓 M12,73181595,34851,2221.78,2396.04,16418
INV-EU-2024-03975,WO-2024-M10-03975,2024-08-04,Spain,Taiwan,TW2066132335,P-M10-BN-002,電動車電池模組固定螺母 M10,73181699,19602,333.25,349.91,2442
INV-EU-2024-03852,WO-2024-CS-03852,2024-08-05,Netherlands,Taiwan,TW2066456189,P-CS-BS-003,底盤懸吊臂襯套軸套,73269098,35761,9727.17,10442.39,29862
INV-EU-2024-03867,WO-2024-M12-03867,2024-08-05,France,Taiwan,TW2066167314,P-M12-EH-001,高強度引擎汽缸頭螺栓 M12,73181595,33551,2138.91,2306.66,16084
INV-EU-2024-03900,WO-2024-M10-03900,2024-08-05,Spain,Taiwan,TW2066717349,P-M10-BN-002,電動車電池模組固定螺母 M10,73181699,46266,786.53,825.86,2878
INV-EU-2024-03917,WO-2024-CS-03917,2024-08-05,Germany,Taiwan,TW2066322828,P-CS-BS-003,底盤懸吊臂襯套軸套,73269098,12005,3265.59,3505.69,21258
INV-EU-2024-03923,WO-2024-CS-03923,2024-08-05,Italy,Taiwan,TW2066813822,P-CS-BS-003,底盤懸吊臂襯套軸套,73269098,31804,8650.9,9286.98,32613
INV-EU-2024-03930,WO-2024-CS-03930,2024-08-05,Netherlands,Taiwan,TW2066504478,P-CS-BS-003,底盤懸吊臂襯套軸套,73269098,48119,13088.41,14050.79,63478
INV-EU-2024-03932,WO-2024-M12-03932,2024-08-05,France,Taiwan,TW2066805738,P-M12-EH-001,高強度引擎汽缸頭螺栓 M12,73181595,24555,1565.4,1688.18,11004
INV-EU-2024-03946,WO-2024-M10-03946,2024-08-05,France,Taiwan,TW2066799173,P-M10-BN-002,電動車電池模組固定螺母 M10,73181699,31405,533.89,560.58,1948
INV-EU-2024-03950,WO-2024-CS-03950,2024-08-05,Spain,Taiwan,TW2066608970,P-CS-BS-003,底盤懸吊臂襯套軸套,73269098,49398,13436.41,14424.37,100638
INV-EU-2024-03971,WO-2024-M12-03971,2024-08-05,Germany,Taiwan,TW2066545983,P-M12-EH-001,高強度引擎汽缸頭螺栓 M12,73181595,44151,2814.68,3035.43,11709
INV-EU-2024-03974,WO-2024-CS-03974,2024-08-05,France,Taiwan,TW2066593622,P-CS-BS-003,底盤懸吊臂襯套軸套,73269098,36937,10047.07,10785.81,39585
INV-EU-2024-03984,WO-2024-M12-03984,2024-08-05,Netherlands,Taiwan,TW2066411761,P-M12-EH-001,高強度引擎汽缸頭螺栓 M12,73181595,41114,2621.05,2826.62,13314
INV-EU-2024-03869,WO-2024-M10-03869,2024-08-06,Italy,Taiwan,TW2066276719,P-M10-BN-002,電動車電池模組固定螺母 M10,73181699,42821,727.97,764.37,5619
INV-EU-2024-03874,WO-2024-M10-03874,2024-08-06,France,Taiwan,TW2066290694,P-M10-BN-002,電動車電池模組固定螺母 M10,73181699,24559,417.52,438.4,1891
INV-EU-2024-03875,WO-2024-M12-03875,2024-08-06,France,Taiwan,TW2066424753,P-M12-EH-001,高強度引擎汽缸頭螺栓 M12,73181595,32189,2052.07,2213.02,7756
INV-EU-2024-03895,WO-2024-M12-03895,2024-08-06,Netherlands,Taiwan,TW2066919837,P-M12-EH-001,高強度引擎汽缸頭螺栓 M12,73181595,19596,1249.28,1347.26,9894
INV-EU-2024-03905,WO-2024-CS-03905,2024-08-06,Netherlands,Taiwan,TW2066702796,P-CS-BS-003,底盤懸吊臂襯套軸套,73269098,43053,11710.67,12571.73,84433
INV-EU-2024-03907,WO-2024-M10-03907,2024-08-06,Italy,Taiwan,TW2066172709,P-M10-BN-002,電動車電池模組固定螺母 M10,73181699,21149,359.54,377.52,1668
INV-EU-2024-03911,WO-2024-M10-03911,2024-08-06,France,Taiwan,TW2066196886,P-M10-BN-002,電動車電池模組固定螺母 M10,73181699,17521,297.87,312.76,1036
INV-EU-2024-03914,WO-2024-CS-03914,2024-08-06,Italy,Taiwan,TW2066463763,P-CS-BS-003,底盤懸吊臂襯套軸套,73269098,31862,8666.52,9303.76,42292
INV-EU-2024-03919,WO-2024-CS-03919,2024-08-06,Spain,Taiwan,TW2066346441,P-CS-BS-003,底盤懸吊臂襯套軸套,73269098,27521,7485.72,8036.14,29269
INV-EU-2024-03922,WO-2024-M12-03922,2024-08-06,Netherlands,Taiwan,TW2066103315,P-M12-EH-001,高強度引擎汽缸頭螺栓 M12,73181595,17224,1098.03,1184.15,3810
INV-EU-2024-03927,WO-2024-M10-03927,2024-08-06,Germany,Taiwan,TW2066200068,P-M10-BN-002,電動車電池模組固定螺母 M10,73181699,17349,294.94,309.69,2250
INV-EU-2024-03948,WO-2024-M10-03948,2024-08-06,Germany,Taiwan,TW2066256955,P-M10-BN-002,電動車電池模組固定螺母 M10,73181699,22741,386.6,405.93,1507
INV-EU-2024-03949,WO-2024-CS-03949,2024-08-06,France,Taiwan,TW2066132378,P-CS-BS-003,底盤懸吊臂襯套軸套,73269098,11642,3166.75,3399.59,11400
INV-EU-2024-03956,WO-2024-CS-03956,2024-08-06,Germany,Taiwan,TW2066308074,P-CS-BS-003,底盤懸吊臂襯套軸套,73269098,39835,10835.13,11631.83,59918
INV-EU-2024-03966,WO-2024-M10-03966,2024-08-06,Italy,Taiwan,TW2066782325,P-M10-BN-002,電動車電池模組固定螺母 M10,73181699,48074,817.27,858.13,4396
INV-EU-2024-03997,WO-2024-M10-03997,2024-08-06,Italy,Taiwan,TW2066920625,P-M10-BN-002,電動車電池模組固定螺母 M10,73181699,43879,745.95,783.25,3722
INV-EU-2024-04000,WO-2024-CS-04000,2024-08-06,France,Taiwan,TW2066747351,P-CS-BS-003,底盤懸吊臂襯套軸套,73269098,35976,9785.53,10505.05,63801
INV-EU-2024-04002,WO-2024-M12-04002,2024-08-06,Spain,Taiwan,TW2066187738,P-M12-EH-001,高強度引擎汽缸頭螺栓 M12,73181595,31348,1998.45,2155.19,6634
INV-EU-2024-04004,WO-2024-M10-04004,2024-08-06,Spain,Taiwan,TW2066317620,P-M10-BN-002,電動車電池模組固定螺母 M10,73181699,21294,362.01,380.11,1538
INV-EU-2024-04011,WO-2024-CS-04011,2024-08-06,Netherlands,Taiwan,TW2066349523,P-CS-BS-003,底盤懸吊臂襯套軸套,73269098,38181,10385.24,11148.86,37802
INV-EU-2024-04019,WO-2024-M12-04019,2024-08-06,Germany,Taiwan,TW2066128901,P-M12-EH-001,高強度引擎汽缸頭螺栓 M12,73181595,48171,3070.94,3311.8,20882
INV-EU-2024-03896,WO-2024-M12-03896,2024-08-07,Italy,Taiwan,TW2066153201,P-M12-EH-001,高強度引擎汽缸頭螺栓 M12,73181595,17726,1130.09,1218.72,7322
INV-EU-2024-03901,WO-2024-M12-03901,2024-08-07,France,Taiwan,TW2066235648,P-M12-EH-001,高強度引擎汽缸頭螺栓 M12,73181595,11210,714.64,770.69,2293
INV-EU-2024-03904,WO-2024-CS-03904,2024-08-07,France,Taiwan,TW2066638679,P-CS-BS-003,底盤懸吊臂襯套軸套,73269098,48702,13247.03,14221.07,42787
INV-EU-2024-03915,WO-2024-CS-03915,2024-08-07,Netherlands,Taiwan,TW2066517170,P-CS-BS-003,底盤懸吊臂襯套軸套,73269098,38709,10529.02,11303.2,44748
INV-EU-2024-03926,WO-2024-M10-03926,2024-08-07,Netherlands,Taiwan,TW2066806367,P-M10-BN-002,電動車電池模組固定螺母 M10,73181699,48269,820.58,861.61,2584
INV-EU-2024-03931,WO-2024-M12-03931,2024-08-07,Germany,Taiwan,TW2066863417,P-M12-EH-001,高強度引擎汽缸頭螺栓 M12,73181595,28957,1846.05,1990.84,11482
INV-EU-2024-03935,WO-2024-CS-03935,2024-08-07,Netherlands,Taiwan,TW2066427883,P-CS-BS-003,底盤懸吊臂襯套軸套,73269098,40478,11010.12,11819.68,60555
INV-EU-2024-03953,WO-2024-M10-03953,2024-08-07,Italy,Taiwan,TW2066704948,P-M10-BN-002,電動車電池模組固定螺母 M10,73181699,12035,204.6,214.83,1262
INV-EU-2024-03955,WO-2024-M12-03955,2024-08-07,Spain,Taiwan,TW2066692507,P-M12-EH-001,高強度引擎汽缸頭螺栓 M12,73181595,37154,2368.59,2554.36,16698
INV-EU-2024-03958,WO-2024-M12-03958,2024-08-07,Netherlands,Taiwan,TW2066994023,P-M12-EH-001,高強度引擎汽缸頭螺栓 M12,73181595,42421,2704.39,2916.49,20742
INV-EU-2024-03973,WO-2024-M12-03973,2024-08-07,France,Taiwan,TW2066277174,P-M12-EH-001,高強度引擎汽缸頭螺栓 M12,73181595,21053,1342.17,1447.44,4979
INV-EU-2024-03978,WO-2024-CS-03978,2024-08-07,Spain,Taiwan,TW2066302384,P-CS-BS-003,底盤懸吊臂襯套軸套,73269098,22990,6253.29,6713.09,28202
INV-EU-2024-03987,WO-2024-CS-03987,2024-08-07,Italy,Taiwan,TW2066569127,P-CS-BS-003,底盤懸吊臂襯套軸套,73269098,17544,4771.98,5122.86,19326
INV-EU-2024-03989,WO-2024-M12-03989,2024-08-07,Germany,Taiwan,TW2066330160,P-M12-EH-001,高強度引擎汽缸頭螺栓 M12,73181595,35977,2293.57,2473.45,9495
INV-EU-2024-04022,WO-2024-CS-04022,2024-08-07,Spain,Taiwan,TW2066795023,P-CS-BS-003,底盤懸吊臂襯套軸套,73269098,20797,5656.79,6072.73,37674
INV-EU-2024-04034,WO-2024-M10-04034,2024-08-07,Netherlands,Taiwan,TW2066399653,P-M10-BN-002,電動車電池模組固定螺母 M10,73181699,41809,710.77,746.31,4378
INV-EU-2024-03918,WO-2024-M12-03918,2024-08-08,France,Taiwan,TW2066769184,P-M12-EH-001,高強度引擎汽缸頭螺栓 M12,73181595,47834,3049.45,3288.62,9910
INV-EU-2024-03933,WO-2024-M12-03933,2024-08-08,Spain,Taiwan,TW2066954812,P-M12-EH-001,高強度引擎汽缸頭螺栓 M12,73181595,16498,1051.76,1134.25,7583
INV-EU-2024-03941,WO-2024-M10-03941,2024-08-08,Netherlands,Taiwan,TW2066130293,P-M10-BN-002,電動車電池模組固定螺母 M10,73181699,41453,704.71,739.95,4841
INV-EU-2024-03961,WO-2024-CS-03961,2024-08-08,France,Taiwan,TW2066579024,P-CS-BS-003,底盤懸吊臂襯套軸套,73269098,37344,10157.57,10904.45,44083
INV-EU-2024-03962,WO-2024-CS-03962,2024-08-08,Netherlands,Taiwan,TW2066864473,P-CS-BS-003,底盤懸吊臂襯套軸套,73269098,37686,10250.74,11004.46,45000
INV-EU-2024-03964,WO-2024-M12-03964,2024-08-08,France,Taiwan,TW2066337805,P-M12-EH-001,高強度引擎汽缸頭螺栓 M12,73181595,16620,1059.53,1142.63,6653
INV-EU-2024-03968,WO-2024-M12-03968,2024-08-08,Germany,Taiwan,TW2066672282,P-M12-EH-001,高強度引擎汽缸頭螺栓 M12,73181595,31742,2023.6,2182.31,16087
INV-EU-2024-03977,WO-2024-M12-03977,2024-08-08,France,Taiwan,TW2066366855,P-M12-EH-001,高強度引擎汽缸頭螺栓 M12,73181595,36106,2301.79,2482.32,15790
INV-EU-2024-03988,WO-2024-M12-03988,2024-08-08,Germany,Taiwan,TW2066136402,P-M12-EH-001,高強度引擎汽缸頭螺栓 M12,73181595,26113,1664.72,1795.29,11153
INV-EU-2024-03990,WO-2024-M10-03990,2024-08-08,Netherlands,Taiwan,TW2066135311,P-M10-BN-002,電動車電池模組固定螺母 M10,73181699,48871,830.81,872.35,3555
INV-EU-2024-03991,WO-2024-M12-03991,2024-08-08,Germany,Taiwan,TW2066494471,P-M12-EH-001,高強度引擎汽缸頭螺栓 M12,73181595,33256,2120.09,2286.37,12720
INV-EU-2024-03993,WO-2024-M12-03993,2024-08-08,Germany,Taiwan,TW2066660173,P-M12-EH-001,高強度引擎汽缸頭螺栓 M12,73181595,47114,3003.58,3239.15,11143
INV-EU-2024-04023,WO-2024-CS-04023,2024-08-08,Germany,Taiwan,TW2066562457,P-CS-BS-003,底盤懸吊臂襯套軸套,73269098,20871,5677.03,6094.45,31734
INV-EU-2024-04031,WO-2024-M12-04031,2024-08-08,Netherlands,Taiwan,TW2066913615,P-M12-EH-001,高強度引擎汽缸頭螺栓 M12,73181595,27919,1779.85,1919.44,11853
INV-EU-2024-04032,WO-2024-CS-04032,2024-08-08,France,Taiwan,TW2066725436,P-CS-BS-003,底盤懸吊臂襯套軸套,73269098,47858,13017.64,13974.8,61833
INV-EU-2024-04035,WO-2024-M10-04035,2024-08-08,France,Taiwan,TW2066260706,P-M10-BN-002,電動車電池模組固定螺母 M10,73181699,15874,269.86,283.35,1640
INV-EU-2024-04046,WO-2024-CS-04046,2024-08-08,Italy,Taiwan,TW2066450303,P-CS-BS-003,底盤懸吊臂襯套軸套,73269098,12538,3410.41,3661.17,18518
INV-EU-2024-04048,WO-2024-CS-04048,2024-08-08,Italy,Taiwan,TW2066426293,P-CS-BS-003,底盤懸吊臂襯套軸套,73269098,27377,7446.57,7994.11,24424
INV-EU-2024-03934,WO-2024-CS-03934,2024-08-09,France,Taiwan,TW2066481214,P-CS-BS-003,底盤懸吊臂襯套軸套,73269098,18910,5143.72,5521.92,40326
INV-EU-2024-03937,WO-2024-M10-03937,2024-08-09,Germany,Taiwan,TW2066844495,P-M10-BN-002,電動車電池模組固定螺母 M10,73181699,44357,754.08,791.78,3242
INV-EU-2024-03938,WO-2024-M12-03938,2024-08-09,Italy,Taiwan,TW2066881495,P-M12-EH-001,高強度引擎汽缸頭螺栓 M12,73181595,12629,805.16,868.3,4742
INV-EU-2024-03939,WO-2024-M12-03939,2024-08-09,Netherlands,Taiwan,TW2066347971,P-M12-EH-001,高強度引擎汽缸頭螺栓 M12,73181595,48607,3098.74,3341.77,13200
INV-EU-2024-03940,WO-2024-M12-03940,2024-08-09,Netherlands,Taiwan,TW2066469869,P-M12-EH-001,高強度引擎汽缸頭螺栓 M12,73181595,14786,942.61,1016.54,5740
INV-EU-2024-03942,WO-2024-M10-03942,2024-08-09,Germany,Taiwan,TW2066964819,P-M10-BN-002,電動車電池模組固定螺母 M10,73181699,12308,209.24,219.7,1301
INV-EU-2024-03965,WO-2024-CS-03965,2024-08-09,Germany,Taiwan,TW2066591749,P-CS-BS-003,底盤懸吊臂襯套軸套,73269098,46044,12524.06,13444.94,94932
INV-EU-2024-03976,WO-2024-M12-03976,2024-08-09,Italy,Taiwan,TW2066249044,P-M12-EH-001,高強度引擎汽缸頭螺栓 M12,73181595,45191,2880.98,3106.93,12532
INV-EU-2024-03996,WO-2024-CS-03996,2024-08-09,Italy,Taiwan,TW2066658512,P-CS-BS-003,底盤懸吊臂襯套軸套,73269098,33690,9163.88,9837.68,38030
INV-EU-2024-04010,WO-2024-M12-04010,2024-08-09,France,Taiwan,TW2066728192,P-M12-EH-001,高強度引擎汽缸頭螺栓 M12,73181595,38544,2457.21,2649.93,13784
INV-EU-2024-04016,WO-2024-M10-04016,2024-08-09,Netherlands,Taiwan,TW2066771851,P-M10-BN-002,電動車電池模組固定螺母 M10,73181699,14289,242.92,255.07,1063
INV-EU-2024-04017,WO-2024-M12-04017,2024-08-09,Netherlands,Taiwan,TW2066962849,P-M12-EH-001,高強度引擎汽缸頭螺栓 M12,73181595,39977,2548.59,2748.48,16361
INV-EU-2024-04021,WO-2024-M12-04021,2024-08-09,Italy,Taiwan,TW2066557729,P-M12-EH-001,高強度引擎汽缸頭螺栓 M12,73181595,36097,2301.24,2481.72,13186
INV-EU-2024-04030,WO-2024-M10-04030,2024-08-09,Spain,Taiwan,TW2066340434,P-M10-BN-002,電動車電池模組固定螺母 M10,73181699,25189,428.22,449.63,1648
INV-EU-2024-04037,WO-2024-CS-04037,2024-08-09,Netherlands,Taiwan,TW2066224844,P-CS-BS-003,底盤懸吊臂襯套軸套,73269098,10170,2766.34,2969.74,13416
INV-EU-2024-04055,WO-2024-M12-04055,2024-08-09,Netherlands,Taiwan,TW2066421027,P-M12-EH-001,高強度引擎汽缸頭螺栓 M12,73181595,12619,804.51,867.61,6323
INV-EU-2024-04057,WO-2024-M10-04057,2024-08-09,Spain,Taiwan,TW2066161951,P-M10-BN-002,電動車電池模組固定螺母 M10,73181699,32505,552.6,580.23,2061
INV-EU-2024-04058,WO-2024-M10-04058,2024-08-09,Netherlands,Taiwan,TW2066662135,P-M10-BN-002,電動車電池模組固定螺母 M10,73181699,16375,278.39,292.31,1252
INV-EU-2024-04064,WO-2024-CS-04064,2024-08-09,Netherlands,Taiwan,TW2066452284,P-CS-BS-003,底盤懸吊臂襯套軸套,73269098,30728,8358.04,8972.6,59342
INV-EU-2024-04072,WO-2024-M12-04072,2024-08-09,France,Taiwan,TW2066685470,P-M12-EH-001,高強度引擎汽缸頭螺栓 M12,73181595,31138,1985.11,2140.8,7186
INV-EU-2024-03952,WO-2024-CS-03952,2024-08-10,Germany,Taiwan,TW2066737475,P-CS-BS-003,底盤懸吊臂襯套軸套,73269098,44264,12039.95,12925.23,77055
INV-EU-2024-03954,WO-2024-CS-03954,2024-08-10,Italy,Taiwan,TW2066159985,P-CS-BS-003,底盤懸吊臂襯套軸套,73269098,33190,9027.76,9691.56,38999
INV-EU-2024-03980,WO-2024-M12-03980,2024-08-10,Italy,Taiwan,TW2066589857,P-M12-EH-001,高強度引擎汽缸頭螺栓 M12,73181595,26843,1711.26,1845.47,7974
INV-EU-2024-03983,WO-2024-M12-03983,2024-08-10,Italy,Taiwan,TW2066413831,P-M12-EH-001,高強度引擎汽缸頭螺栓 M12,73181595,43694,2785.55,3004.02,18802
INV-EU-2024-03995,WO-2024-M12-03995,2024-08-10,Spain,Taiwan,TW2066903269,P-M12-EH-001,高強度引擎汽缸頭螺栓 M12,73181595,11708,746.42,804.96,5135
INV-EU-2024-04001,WO-2024-M10-04001,2024-08-10,Italy,Taiwan,TW2066797558,P-M10-BN-002,電動車電池模組固定螺母 M10,73181699,31527,535.96,562.76,4244
INV-EU-2024-04008,WO-2024-M12-04008,2024-08-10,France,Taiwan,TW2066140200,P-M12-EH-001,高強度引擎汽缸頭螺栓 M12,73181595,40663,2592.29,2795.61,15994
INV-EU-2024-04020,WO-2024-M12-04020,2024-08-10,Spain,Taiwan,TW2066888959,P-M12-EH-001,高強度引擎汽缸頭螺栓 M12,73181595,16429,1047.41,1129.56,5739
INV-EU-2024-04038,WO-2024-M12-04038,2024-08-10,Germany,Taiwan,TW2066904302,P-M12-EH-001,高強度引擎汽缸頭螺栓 M12,73181595,14499,924.35,996.85,7265
INV-EU-2024-04050,WO-2024-M12-04050,2024-08-10,France,Taiwan,TW2066491829,P-M12-EH-001,高強度引擎汽缸頭螺栓 M12,73181595,39010,2486.91,2681.96,10395
INV-EU-2024-04059,WO-2024-CS-04059,2024-08-10,France,Taiwan,TW2066691762,P-CS-BS-003,底盤懸吊臂襯套軸套,73269098,44260,12038.9,12924.1,76687
INV-EU-2024-04061,WO-2024-M10-04061,2024-08-10,Netherlands,Taiwan,TW2066932514,P-M10-BN-002,電動車電池模組固定螺母 M10,73181699,16570,281.69,295.77,2143
INV-EU-2024-04067,WO-2024-M12-04067,2024-08-10,France,Taiwan,TW2066130679,P-M12-EH-001,高強度引擎汽缸頭螺栓 M12,73181595,31107,1983.12,2138.65,15210
INV-EU-2024-04070,WO-2024-M12-04070,2024-08-10,Italy,Taiwan,TW2066605852,P-M12-EH-001,高強度引擎汽缸頭螺栓 M12,73181595,27625,1761.11,1899.23,11940
INV-EU-2024-04079,WO-2024-M12-04079,2024-08-10,Italy,Taiwan,TW2066525674,P-M12-EH-001,高強度引擎汽缸頭螺栓 M12,73181595,35103,2237.85,2413.36,16918
INV-EU-2024-04089,WO-2024-CS-04089,2024-08-10,Spain,Taiwan,TW2066290724,P-CS-BS-003,底盤懸吊臂襯套軸套,73269098,12606,3429.05,3681.17,13304
INV-EU-2024-03960,WO-2024-M12-03960,2024-08-11,Spain,Taiwan,TW2066733277,P-M12-EH-001,高強度引擎汽缸頭螺栓 M12,73181595,24258,1546.49,1667.78,6170
INV-EU-2024-03969,WO-2024-M12-03969,2024-08-11,Germany,Taiwan,TW2066471800,P-M12-EH-001,高強度引擎汽缸頭螺栓 M12,73181595,26154,1667.37,1798.14,13238
INV-EU-2024-03970,WO-2024-M10-03970,2024-08-11,France,Taiwan,TW2066779065,P-M10-BN-002,電動車電池模組固定螺母 M10,73181699,24649,419.04,439.99,1487
INV-EU-2024-03979,WO-2024-M12-03979,2024-08-11,Germany,Taiwan,TW2066383864,P-M12-EH-001,高強度引擎汽缸頭螺栓 M12,73181595,42206,2690.68,2901.71,14583
INV-EU-2024-03981,WO-2024-M10-03981,2024-08-11,Italy,Taiwan,TW2066830680,P-M10-BN-002,電動車電池模組固定螺母 M10,73181699,37074,630.27,661.78,3516
INV-EU-2024-03994,WO-2024-M10-03994,2024-08-11,France,Taiwan,TW2066402367,P-M10-BN-002,電動車電池模組固定螺母 M10,73181699,16703,283.96,298.16,1547
INV-EU-2024-03998,WO-2024-M10-03998,2024-08-11,Germany,Taiwan,TW2066871144,P-M10-BN-002,電動車電池模組固定螺母 M10,73181699,46050,782.85,821.99,3483
INV-EU-2024-03999,WO-2024-M10-03999,2024-08-11,Netherlands,Taiwan,TW2066352914,P-M10-BN-002,電動車電池模組固定螺母 M10,73181699,38392,652.68,685.31,5103
INV-EU-2024-04003,WO-2024-CS-04003,2024-08-11,Netherlands,Taiwan,TW2066227862,P-CS-BS-003,底盤懸吊臂襯套軸套,73269098,17921,4874.7,5233.12,21643
INV-EU-2024-04005,WO-2024-M10-04005,2024-08-11,Germany,Taiwan,TW2066571852,P-M10-BN-002,電動車電池模組固定螺母 M10,73181699,30280,514.77,540.51,2630
INV-EU-2024-04009,WO-2024-CS-04009,2024-08-11,Italy,Taiwan,TW2066747794,P-CS-BS-003,底盤懸吊臂襯套軸套,73269098,45304,12322.88,13228.96,68638
INV-EU-2024-04012,WO-2024-M10-04012,2024-08-11,Netherlands,Taiwan,TW2066942077,P-M10-BN-002,電動車電池模組固定螺母 M10,73181699,38342,651.83,684.42,4973
INV-EU-2024-04014,WO-2024-M12-04014,2024-08-11,France,Taiwan,TW2066631467,P-M12-EH-001,高強度引擎汽缸頭螺栓 M12,73181595,10603,675.95,728.97,3555
INV-EU-2024-04026,WO-2024-M12-04026,2024-08-11,Germany,Taiwan,TW2066577372,P-M12-EH-001,高強度引擎汽缸頭螺栓 M12,73181595,24642,1570.99,1694.2,6598
INV-EU-2024-04029,WO-2024-M12-04029,2024-08-11,Netherlands,Taiwan,TW2066739962,P-M12-EH-001,高強度引擎汽缸頭螺栓 M12,73181595,41056,2617.35,2822.63,14892
INV-EU-2024-04040,WO-2024-M12-04040,2024-08-11,Germany,Taiwan,TW2066326962,P-M12-EH-001,高強度引擎汽缸頭螺栓 M12,73181595,40915,2608.36,2812.93,17789
INV-EU-2024-04052,WO-2024-M12-04052,2024-08-11,Spain,Taiwan,TW2066719863,P-M12-EH-001,高強度引擎汽缸頭螺栓 M12,73181595,18588,1185.04,1277.98,4135
INV-EU-2024-04065,WO-2024-M12-04065,2024-08-11,Germany,Taiwan,TW2066212358,P-M12-EH-001,高強度引擎汽缸頭螺栓 M12,73181595,16248,1035.87,1117.11,7882
INV-EU-2024-04069,WO-2024-CS-04069,2024-08-11,Spain,Taiwan,TW2066267797,P-CS-BS-003,底盤懸吊臂襯套軸套,73269098,24288,6606.39,7092.15,38581
INV-EU-2024-04073,WO-2024-M12-04073,2024-08-11,Germany,Taiwan,TW2066416777,P-M12-EH-001,高強度引擎汽缸頭螺栓 M12,73181595,35830,2284.21,2463.36,9822
INV-EU-2024-04075,WO-2024-M12-04075,2024-08-11,France,Taiwan,TW2066102238,P-M12-EH-001,高強度引擎汽缸頭螺栓 M12,73181595,32962,2101.35,2266.16,7501
INV-EU-2024-04102,WO-2024-M10-04102,2024-08-11,Italy,Taiwan,TW2066990302,P-M10-BN-002,電動車電池模組固定螺母 M10,73181699,12485,212.26,222.87,1016
INV-EU-2024-04103,WO-2024-M12-04103,2024-08-11,Netherlands,Taiwan,TW2066480054,P-M12-EH-001,高強度引擎汽缸頭螺栓 M12,73181595,39513,2518.98,2716.55,13904
INV-EU-2024-03982,WO-2024-M10-03982,2024-08-12,France,Taiwan,TW2066134920,P-M10-BN-002,電動車電池模組固定螺母 M10,73181699,11139,189.37,198.84,1164
INV-EU-2024-03985,WO-2024-M12-03985,2024-08-12,Netherlands,Taiwan,TW2066837617,P-M12-EH-001,高強度引擎汽缸頭螺栓 M12,73181595,36269,2312.21,2493.55,7745
INV-EU-2024-03986,WO-2024-CS-03986,2024-08-12,Spain,Taiwan,TW2066217103,P-CS-BS-003,底盤懸吊臂襯套軸套,73269098,34128,9283.06,9965.62,53470
INV-EU-2024-03992,WO-2024-CS-03992,2024-08-12,Netherlands,Taiwan,TW2066195812,P-CS-BS-003,底盤懸吊臂襯套軸套,73269098,37238,10128.9,10873.66,54898
INV-EU-2024-04006,WO-2024-CS-04006,2024-08-12,Spain,Taiwan,TW2066357086,P-CS-BS-003,底盤懸吊臂襯套軸套,73269098,35011,9523.23,10223.45,55806
INV-EU-2024-04007,WO-2024-M12-04007,2024-08-12,Netherlands,Taiwan,TW2066872325,P-M12-EH-001,高強度引擎汽缸頭螺栓 M12,73181595,12934,824.56,889.23,5796
INV-EU-2024-04015,WO-2024-M12-04015,2024-08-12,France,Taiwan,TW2066986291,P-M12-EH-001,高強度引擎汽缸頭螺栓 M12,73181595,15906,1014.02,1093.55,4735
INV-EU-2024-04018,WO-2024-M10-04018,2024-08-12,Italy,Taiwan,TW2066418878,P-M10-BN-002,電動車電池模組固定螺母 M10,73181699,34058,578.99,607.94,3520
INV-EU-2024-04025,WO-2024-M10-04025,2024-08-12,Netherlands,Taiwan,TW2066240506,P-M10-BN-002,電動車電池模組固定螺母 M10,73181699,30753,522.81,548.95,2770
INV-EU-2024-04036,WO-2024-M10-04036,2024-08-12,Netherlands,Taiwan,TW2066438096,P-M10-BN-002,電動車電池模組固定螺母 M10,73181699,40301,685.13,719.39,5426
INV-EU-2024-04041,WO-2024-M10-04041,2024-08-12,Netherlands,Taiwan,TW2066562270,P-M10-BN-002,電動車電池模組固定螺母 M10,73181699,43289,735.92,772.72,3120
INV-EU-2024-04043,WO-2024-CS-04043,2024-08-12,Germany,Taiwan,TW2066121497,P-CS-BS-003,底盤懸吊臂襯套軸套,73269098,11384,3096.46,3324.14,24585
INV-EU-2024-04051,WO-2024-M12-04051,2024-08-12,Germany,Taiwan,TW2066233868,P-M12-EH-001,高強度引擎汽缸頭螺栓 M12,73181595,39319,2506.59,2703.18,12432
INV-EU-2024-04062,WO-2024-M12-04062,2024-08-12,Spain,Taiwan,TW2066143822,P-M12-EH-001,高強度引擎汽缸頭螺栓 M12,73181595,11242,716.72,772.93,2988
INV-EU-2024-04074,WO-2024-CS-04074,2024-08-12,France,Taiwan,TW2066381562,P-CS-BS-003,底盤懸吊臂襯套軸套,73269098,17022,4630.18,4970.62,24678
INV-EU-2024-04080,WO-2024-CS-04080,2024-08-12,Italy,Taiwan,TW2066512910,P-CS-BS-003,底盤懸吊臂襯套軸套,73269098,33156,9018.58,9681.7,41214
INV-EU-2024-04084,WO-2024-M12-04084,2024-08-12,Netherlands,Taiwan,TW2066887869,P-M12-EH-001,高強度引擎汽缸頭螺栓 M12,73181595,33493,2135.22,2302.68,13259
INV-EU-2024-04093,WO-2024-M12-04093,2024-08-12,Netherlands,Taiwan,TW2066793694,P-M12-EH-001,高強度引擎汽缸頭螺栓 M12,73181595,23181,1477.8,1593.7,6221
INV-EU-2024-04100,WO-2024-M10-04100,2024-08-12,Italy,Taiwan,TW2066476518,P-M10-BN-002,電動車電池模組固定螺母 M10,73181699,40935,695.91,730.71,2727
INV-EU-2024-04101,WO-2024-CS-04101,2024-08-12,France,Taiwan,TW2066637226,P-CS-BS-003,底盤懸吊臂襯套軸套,73269098,28228,7678.02,8242.58,31787
INV-EU-2024-04107,WO-2024-CS-04107,2024-08-12,France,Taiwan,TW2066919603,P-CS-BS-003,底盤懸吊臂襯套軸套,73269098,24686,6714.71,7208.43,31290
INV-EU-2024-04113,WO-2024-CS-04113,2024-08-12,France,Taiwan,TW2066817729,P-CS-BS-003,底盤懸吊臂襯套軸套,73269098,12491,3397.75,3647.57,16886
INV-EU-2024-04121,WO-2024-CS-04121,2024-08-12,Italy,Taiwan,TW2066956562,P-CS-BS-003,底盤懸吊臂襯套軸套,73269098,42848,11654.76,12511.72,81466
INV-EU-2024-04013,WO-2024-M12-04013,2024-08-13,France,Taiwan,TW2066384690,P-M12-EH-001,高強度引擎汽缸頭螺栓 M12,73181595,10726,683.81,737.44,3480
INV-EU-2024-04024,WO-2024-M10-04024,2024-08-13,Italy,Taiwan,TW2066125238,P-M10-BN-002,電動車電池模組固定螺母 M10,73181699,26597,452.16,474.77,3440
INV-EU-2024-04033,WO-2024-CS-04033,2024-08-13,France,Taiwan,TW2066851514,P-CS-BS-003,底盤懸吊臂襯套軸套,73269098,40988,11148.98,11968.74,72914
INV-EU-2024-04039,WO-2024-M12-04039,2024-08-13,Italy,Taiwan,TW2066821633,P-M12-EH-001,高強度引擎汽缸頭螺栓 M12,73181595,48772,3109.24,3353.1,21920
INV-EU-2024-04053,WO-2024-CS-04053,2024-08-13,France,Taiwan,TW2066775915,P-CS-BS-003,底盤懸吊臂襯套軸套,73269098,33046,8988.6,9649.52,58515
INV-EU-2024-04068,WO-2024-M12-04068,2024-08-13,Italy,Taiwan,TW2066144150,P-M12-EH-001,高強度引擎汽缸頭螺栓 M12,73181595,17305,1103.23,1189.76,4269
INV-EU-2024-04076,WO-2024-M10-04076,2024-08-13,Italy,Taiwan,TW2066469294,P-M10-BN-002,電動車電池模組固定螺母 M10,73181699,38170,648.9,681.35,4380
INV-EU-2024-04081,WO-2024-CS-04081,2024-08-13,Spain,Taiwan,TW2066662250,P-CS-BS-003,底盤懸吊臂襯套軸套,73269098,27237,7408.72,7953.46,36895
INV-EU-2024-04083,WO-2024-CS-04083,2024-08-13,Spain,Taiwan,TW2066983452,P-CS-BS-003,底盤懸吊臂襯套軸套,73269098,38982,10603.29,11382.93,51850
INV-EU-2024-04087,WO-2024-M10-04087,2024-08-13,Spain,Taiwan,TW2066843595,P-M10-BN-002,電動車電池模組固定螺母 M10,73181699,34169,580.88,609.92,4222
INV-EU-2024-04090,WO-2024-CS-04090,2024-08-13,France,Taiwan,TW2066668816,P-CS-BS-003,底盤懸吊臂襯套軸套,73269098,42224,11485.08,12329.56,77524
INV-EU-2024-04106,WO-2024-CS-04106,2024-08-13,Germany,Taiwan,TW2066285930,P-CS-BS-003,底盤懸吊臂襯套軸套,73269098,46947,12769.63,13708.57,85173
INV-EU-2024-04123,WO-2024-M12-04123,2024-08-13,Germany,Taiwan,TW2066497268,P-M12-EH-001,高強度引擎汽缸頭螺栓 M12,73181595,38958,2483.6,2678.39,14926
INV-EU-2024-04128,WO-2024-CS-04128,2024-08-13,Italy,Taiwan,TW2066478603,P-CS-BS-003,底盤懸吊臂襯套軸套,73269098,45002,12240.67,13140.71,39414
INV-EU-2024-04131,WO-2024-M10-04131,2024-08-13,Netherlands,Taiwan,TW2066983379,P-M10-BN-002,電動車電池模組固定螺母 M10,73181699,12469,211.98,222.58,951
INV-EU-2024-04137,WO-2024-CS-04137,2024-08-13,Netherlands,Taiwan,TW2066260217,P-CS-BS-003,底盤懸吊臂襯套軸套,73269098,32005,8705.48,9345.58,60764
INV-EU-2024-04027,WO-2024-M12-04027,2024-08-14,France,Taiwan,TW2066601284,P-M12-EH-001,高強度引擎汽缸頭螺栓 M12,73181595,26706,1702.56,1836.09,6554
INV-EU-2024-04028,WO-2024-CS-04028,2024-08-14,Italy,Taiwan,TW2066337534,P-CS-BS-003,底盤懸吊臂襯套軸套,73269098,17093,4649.38,4991.24,21294
INV-EU-2024-04042,WO-2024-M10-04042,2024-08-14,Netherlands,Taiwan,TW2066981856,P-M10-BN-002,電動車電池模組固定螺母 M10,73181699,45437,772.44,811.06,5144
INV-EU-2024-04044,WO-2024-M12-04044,2024-08-14,Spain,Taiwan,TW2066458821,P-M12-EH-001,高強度引擎汽缸頭螺栓 M12,73181595,23581,1503.35,1621.25,10613
INV-EU-2024-04045,WO-2024-CS-04045,2024-08-14,Netherlands,Taiwan,TW2066532941,P-CS-BS-003,底盤懸吊臂襯套軸套,73269098,31758,8638.23,9273.39,58567
INV-EU-2024-04049,WO-2024-CS-04049,2024-08-14,Spain,Taiwan,TW2066203500,P-CS-BS-003,底盤懸吊臂襯套軸套,73269098,42647,11600.19,12453.13,51852
INV-EU-2024-04056,WO-2024-CS-04056,2024-08-14,Italy,Taiwan,TW2066405398,P-CS-BS-003,底盤懸吊臂襯套軸套,73269098,33240,9041.29,9706.09,49455
INV-EU-2024-04063,WO-2024-CS-04063,2024-08-14,Netherlands,Taiwan,TW2066871795,P-CS-BS-003,底盤懸吊臂襯套軸套,73269098,35257,9589.92,10295.06,63293
INV-EU-2024-04066,WO-2024-M10-04066,2024-08-14,Italy,Taiwan,TW2066622534,P-M10-BN-002,電動車電池模組固定螺母 M10,73181699,32862,558.66,586.59,2195
INV-EU-2024-04094,WO-2024-CS-04094,2024-08-14,Spain,Taiwan,TW2066739339,P-CS-BS-003,底盤懸吊臂襯套軸套,73269098,32792,8919.45,9575.29,59938
INV-EU-2024-04096,WO-2024-CS-04096,2024-08-14,Germany,Taiwan,TW2066931324,P-CS-BS-003,底盤懸吊臂襯套軸套,73269098,44807,12187.51,13083.65,85068
INV-EU-2024-04108,WO-2024-M10-04108,2024-08-14,Germany,Taiwan,TW2066207988,P-M10-BN-002,電動車電池模組固定螺母 M10,73181699,45159,767.71,806.1,3592
INV-EU-2024-04110,WO-2024-M12-04110,2024-08-14,Netherlands,Taiwan,TW2066851574,P-M12-EH-001,高強度引擎汽缸頭螺栓 M12,73181595,10051,640.76,691.01,3633
INV-EU-2024-04124,WO-2024-CS-04124,2024-08-14,Germany,Taiwan,TW2066179707,P-CS-BS-003,底盤懸吊臂襯套軸套,73269098,42169,11470.22,12313.6,36934
INV-EU-2024-04129,WO-2024-M12-04129,2024-08-14,France,Taiwan,TW2066763283,P-M12-EH-001,高強度引擎汽缸頭螺栓 M12,73181595,28994,1848.42,1993.39,11423
INV-EU-2024-04132,WO-2024-M12-04132,2024-08-14,Netherlands,Taiwan,TW2066929471,P-M12-EH-001,高強度引擎汽缸頭螺栓 M12,73181595,33476,2134.1,2301.48,11588
INV-EU-2024-04134,WO-2024-M10-04134,2024-08-14,Netherlands,Taiwan,TW2066356728,P-M10-BN-002,電動車電池模組固定螺母 M10,73181699,41954,713.23,748.89,4842
INV-EU-2024-04142,WO-2024-M12-04142,2024-08-14,Italy,Taiwan,TW2066618237,P-M12-EH-001,高強度引擎汽缸頭螺栓 M12,73181595,17953,1144.56,1234.33,6295
INV-EU-2024-04143,WO-2024-M12-04143,2024-08-14,France,Taiwan,TW2066132325,P-M12-EH-001,高強度引擎汽缸頭螺栓 M12,73181595,24798,1580.92,1704.91,7477
INV-EU-2024-04146,WO-2024-CS-04146,2024-08-14,Spain,Taiwan,TW2066800578,P-CS-BS-003,底盤懸吊臂襯套軸套,73269098,30956,8420.19,9039.31,39827
INV-EU-2024-04151,WO-2024-CS-04151,2024-08-14,Italy,Taiwan,TW2066495450,P-CS-BS-003,底盤懸吊臂襯套軸套,73269098,13020,3541.71,3802.11,24402
INV-EU-2024-04159,WO-2024-M10-04159,2024-08-14,Spain,Taiwan,TW2066850687,P-M10-BN-002,電動車電池模組固定螺母 M10,73181699,19897,338.26,355.17,1917
INV-EU-2024-04047,WO-2024-CS-04047,2024-08-15,Germany,Taiwan,TW2066176003,P-CS-BS-003,底盤懸吊臂襯套軸套,73269098,15591,4240.84,4552.66,31212
INV-EU-2024-04054,WO-2024-M10-04054,2024-08-15,Germany,Taiwan,TW2066178857,P-M10-BN-002,電動車電池模組固定螺母 M10,73181699,25434,432.38,454,1798
INV-EU-2024-04071,WO-2024-M10-04071,2024-08-15,Spain,Taiwan,TW2066221240,P-M10-BN-002,電動車電池模組固定螺母 M10,73181699,19141,325.4,341.67,2082
INV-EU-2024-04077,WO-2024-M10-04077,2024-08-15,Netherlands,Taiwan,TW2066322351,P-M10-BN-002,電動車電池模組固定螺母 M10,73181699,34932,593.85,623.54,1935
INV-EU-2024-04078,WO-2024-CS-04078,2024-08-15,Germany,Taiwan,TW2066363869,P-CS-BS-003,底盤懸吊臂襯套軸套,73269098,41322,11239.8,12066.24,48331
INV-EU-2024-04082,WO-2024-CS-04082,2024-08-15,France,Taiwan,TW2066986547,P-CS-BS-003,底盤懸吊臂襯套軸套,73269098,14278,3883.75,4169.31,13942
INV-EU-2024-04085,WO-2024-M12-04085,2024-08-15,Italy,Taiwan,TW2066774713,P-M12-EH-001,高強度引擎汽缸頭螺栓 M12,73181595,36943,2355.15,2539.87,18158
INV-EU-2024-04097,WO-2024-CS-04097,2024-08-15,Italy,Taiwan,TW2066275982,P-CS-BS-003,底盤懸吊臂襯套軸套,73269098,47892,13026.82,13984.66,82199
INV-EU-2024-04104,WO-2024-M12-04104,2024-08-15,Spain,Taiwan,TW2066898093,P-M12-EH-001,高強度引擎汽缸頭螺栓 M12,73181595,9959,634.9,684.69,2253
INV-EU-2024-04130,WO-2024-M12-04130,2024-08-15,Spain,Taiwan,TW2066171822,P-M12-EH-001,高強度引擎汽缸頭螺栓 M12,73181595,41049,2616.89,2822.13,12927
INV-EU-2024-04136,WO-2024-M10-04136,2024-08-15,France,Taiwan,TW2066370900,P-M10-BN-002,電動車電池模組固定螺母 M10,73181699,42499,722.49,758.61,3178
INV-EU-2024-04149,WO-2024-CS-04149,2024-08-15,Spain,Taiwan,TW2066446402,P-CS-BS-003,底盤懸吊臂襯套軸套,73269098,25302,6882.23,7388.27,42050
INV-EU-2024-04152,WO-2024-M12-04152,2024-08-15,Spain,Taiwan,TW2066879245,P-M12-EH-001,高強度引擎汽缸頭螺栓 M12,73181595,15085,961.73,1037.15,6876
INV-EU-2024-04155,WO-2024-M12-04155,2024-08-15,France,Taiwan,TW2066999767,P-M12-EH-001,高強度引擎汽缸頭螺栓 M12,73181595,42817,2729.63,2943.72,18452
INV-EU-2024-04157,WO-2024-M12-04157,2024-08-15,Italy,Taiwan,TW2066389419,P-M12-EH-001,高強度引擎汽缸頭螺栓 M12,73181595,29561,1884.55,2032.36,10138
INV-EU-2024-04168,WO-2024-M10-04168,2024-08-15,Germany,Taiwan,TW2066171238,P-M10-BN-002,電動車電池模組固定螺母 M10,73181699,41058,697.99,732.89,3538
INV-EU-2024-04182,WO-2024-M10-04182,2024-08-15,Germany,Taiwan,TW2066389503,P-M10-BN-002,電動車電池模組固定螺母 M10,73181699,20838,354.25,371.96,1682
INV-EU-2024-04060,WO-2024-M12-04060,2024-08-16,Italy,Taiwan,TW2066418193,P-M12-EH-001,高強度引擎汽缸頭螺栓 M12,73181595,35367,2254.69,2431.53,14339
INV-EU-2024-04095,WO-2024-M12-04095,2024-08-16,Germany,Taiwan,TW2066846671,P-M12-EH-001,高強度引擎汽缸頭螺栓 M12,73181595,17100,1090.17,1175.67,8405
INV-EU-2024-04099,WO-2024-M12-04099,2024-08-16,France,Taiwan,TW2066586434,P-M12-EH-001,高強度引擎汽缸頭螺栓 M12,73181595,42341,2699.28,2910.99,13847
INV-EU-2024-04115,WO-2024-M12-04115,2024-08-16,France,Taiwan,TW2066239438,P-M12-EH-001,高強度引擎汽缸頭螺栓 M12,73181595,47643,3037.26,3275.48,17889
INV-EU-2024-04120,WO-2024-CS-04120,2024-08-16,Italy,Taiwan,TW2066872953,P-CS-BS-003,底盤懸吊臂襯套軸套,73269098,10520,2861.5,3071.9,13620
INV-EU-2024-04126,WO-2024-M10-04126,2024-08-16,Italy,Taiwan,TW2066289451,P-M10-BN-002,電動車電池模組固定螺母 M10,73181699,29172,495.94,520.74,2038
INV-EU-2024-04138,WO-2024-CS-04138,2024-08-16,Germany,Taiwan,TW2066795574,P-CS-BS-003,底盤懸吊臂襯套軸套,73269098,26729,7270.43,7805.01,22102
INV-EU-2024-04145,WO-2024-M12-04145,2024-08-16,Spain,Taiwan,TW2066399164,P-M12-EH-001,高強度引擎汽缸頭螺栓 M12,73181595,34397,2192.83,2364.82,12192
INV-EU-2024-04150,WO-2024-M12-04150,2024-08-16,Italy,Taiwan,TW2066791493,P-M12-EH-001,高強度引擎汽缸頭螺栓 M12,73181595,17878,1139.74,1229.13,5071
INV-EU-2024-04156,WO-2024-M10-04156,2024-08-16,Italy,Taiwan,TW2066492856,P-M10-BN-002,電動車電池模組固定螺母 M10,73181699,27270,463.6,486.78,3184
INV-EU-2024-04158,WO-2024-CS-04158,2024-08-16,France,Taiwan,TW2066347705,P-CS-BS-003,底盤懸吊臂襯套軸套,73269098,49514,13468,14458.28,104646
INV-EU-2024-04161,WO-2024-M12-04161,2024-08-16,France,Taiwan,TW2066847371,P-M12-EH-001,高強度引擎汽缸頭螺栓 M12,73181595,35155,2241.17,2416.95,9457
INV-EU-2024-04162,WO-2024-M12-04162,2024-08-16,Spain,Taiwan,TW2066737953,P-M12-EH-001,高強度引擎汽缸頭螺栓 M12,73181595,19063,1215.31,1310.63,9467
INV-EU-2024-04170,WO-2024-CS-04170,2024-08-16,Germany,Taiwan,TW2066922122,P-CS-BS-003,底盤懸吊臂襯套軸套,73269098,42950,11682.58,12541.58,62735
INV-EU-2024-04172,WO-2024-M10-04172,2024-08-16,Netherlands,Taiwan,TW2066545664,P-M10-BN-002,電動車電池模組固定螺母 M10,73181699,26836,456.22,479.03,1564
INV-EU-2024-04176,WO-2024-M12-04176,2024-08-16,Spain,Taiwan,TW2066942569,P-M12-EH-001,高強度引擎汽缸頭螺栓 M12,73181595,22451,1431.27,1543.53,7514
INV-EU-2024-04184,WO-2024-CS-04184,2024-08-16,Italy,Taiwan,TW2066750558,P-CS-BS-003,底盤懸吊臂襯套軸套,73269098,33255,9045.55,9710.65,58524
INV-EU-2024-04186,WO-2024-M12-04186,2024-08-16,Netherlands,Taiwan,TW2066682640,P-M12-EH-001,高強度引擎汽缸頭螺栓 M12,73181595,14832,945.54,1019.7,4075
INV-EU-2024-04192,WO-2024-CS-04192,2024-08-16,Italy,Taiwan,TW2066721659,P-CS-BS-003,底盤懸吊臂襯套軸套,73269098,14003,3808.94,4089,26929
INV-EU-2024-04196,WO-2024-M10-04196,2024-08-16,Italy,Taiwan,TW2066917748,P-M10-BN-002,電動車電池模組固定螺母 M10,73181699,19224,326.81,343.15,1147
INV-EU-2024-04201,WO-2024-M12-04201,2024-08-16,France,Taiwan,TW2066753061,P-M12-EH-001,高強度引擎汽缸頭螺栓 M12,73181595,34072,2172.11,2342.47,11990
INV-EU-2024-04086,WO-2024-M10-04086,2024-08-17,Netherlands,Taiwan,TW2066284011,P-M10-BN-002,電動車電池模組固定螺母 M10,73181699,19630,333.72,350.41,1111
INV-EU-2024-04088,WO-2024-M12-04088,2024-08-17,Netherlands,Taiwan,TW2066361065,P-M12-EH-001,高強度引擎汽缸頭螺栓 M12,73181595,11450,729.96,787.21,2328
INV-EU-2024-04091,WO-2024-M10-04091,2024-08-17,Netherlands,Taiwan,TW2066385297,P-M10-BN-002,電動車電池模組固定螺母 M10,73181699,14055,238.94,250.89,1166
INV-EU-2024-04092,WO-2024-CS-04092,2024-08-17,Germany,Taiwan,TW2066926675,P-CS-BS-003,底盤懸吊臂襯套軸套,73269098,30028,8167.84,8768.4,25401
INV-EU-2024-04098,WO-2024-M10-04098,2024-08-17,Netherlands,Taiwan,TW2066861553,P-M10-BN-002,電動車電池模組固定螺母 M10,73181699,49025,833.44,875.11,3308
INV-EU-2024-04114,WO-2024-M12-04114,2024-08-17,Netherlands,Taiwan,TW2066363779,P-M12-EH-001,高強度引擎汽缸頭螺栓 M12,73181595,49217,3137.6,3383.68,16127
INV-EU-2024-04116,WO-2024-CS-04116,2024-08-17,France,Taiwan,TW2066322851,P-CS-BS-003,底盤懸吊臂襯套軸套,73269098,41252,11220.6,12045.64,66650
INV-EU-2024-04117,WO-2024-M12-04117,2024-08-17,Spain,Taiwan,TW2066968416,P-M12-EH-001,高強度引擎汽缸頭螺栓 M12,73181595,10824,690.04,744.16,2877
INV-EU-2024-04135,WO-2024-M10-04135,2024-08-17,Germany,Taiwan,TW2066106900,P-M10-BN-002,電動車電池模組固定螺母 M10,73181699,19252,327.3,343.67,1620
INV-EU-2024-04140,WO-2024-CS-04140,2024-08-17,France,Taiwan,TW2066731574,P-CS-BS-003,底盤懸吊臂襯套軸套,73269098,21212,5769.92,6194.16,43909
INV-EU-2024-04163,WO-2024-M10-04163,2024-08-17,Italy,Taiwan,TW2066814559,P-M10-BN-002,電動車電池模組固定螺母 M10,73181699,18211,309.6,325.08,941
INV-EU-2024-04166,WO-2024-M12-04166,2024-08-17,Italy,Taiwan,TW2066650458,P-M12-EH-001,高強度引擎汽缸頭螺栓 M12,73181595,13325,849.53,916.15,6337
INV-EU-2024-04187,WO-2024-M10-04187,2024-08-17,Germany,Taiwan,TW2066395211,P-M10-BN-002,電動車電池模組固定螺母 M10,73181699,43206,734.51,771.24,5259
INV-EU-2024-04189,WO-2024-M12-04189,2024-08-17,Italy,Taiwan,TW2066646094,P-M12-EH-001,高強度引擎汽缸頭螺栓 M12,73181595,30483,1943.3,2095.72,11951
INV-EU-2024-04191,WO-2024-M12-04191,2024-08-17,Spain,Taiwan,TW2066659431,P-M12-EH-001,高強度引擎汽缸頭螺栓 M12,73181595,39727,2532.6,2731.23,8433
INV-EU-2024-04194,WO-2024-CS-04194,2024-08-17,Netherlands,Taiwan,TW2066784720,P-CS-BS-003,底盤懸吊臂襯套軸套,73269098,13191,3587.96,3851.78,16612
INV-EU-2024-04197,WO-2024-M12-04197,2024-08-17,Germany,Taiwan,TW2066261694,P-M12-EH-001,高強度引擎汽缸頭螺栓 M12,73181595,29303,1868.09,2014.61,9770
INV-EU-2024-04200,WO-2024-CS-04200,2024-08-17,Germany,Taiwan,TW2066391724,P-CS-BS-003,底盤懸吊臂襯套軸套,73269098,37184,10114.06,10857.74,44906
INV-EU-2024-04215,WO-2024-CS-04215,2024-08-17,Germany,Taiwan,TW2066330753,P-CS-BS-003,底盤懸吊臂襯套軸套,73269098,30923,8411.3,9029.76,48533
INV-EU-2024-04227,WO-2024-M12-04227,2024-08-17,France,Taiwan,TW2066104776,P-M12-EH-001,高強度引擎汽缸頭螺栓 M12,73181595,18311,1167.35,1258.9,4004
INV-EU-2024-04228,WO-2024-M10-04228,2024-08-17,Germany,Taiwan,TW2066101342,P-M10-BN-002,電動車電池模組固定螺母 M10,73181699,38949,662.14,695.25,3714
INV-EU-2024-04105,WO-2024-CS-04105,2024-08-18,Netherlands,Taiwan,TW2066395772,P-CS-BS-003,底盤懸吊臂襯套軸套,73269098,14125,3842.13,4124.63,28854
INV-EU-2024-04109,WO-2024-M12-04109,2024-08-18,France,Taiwan,TW2066816528,P-M12-EH-001,高強度引擎汽缸頭螺栓 M12,73181595,25850,1647.99,1777.24,5553
INV-EU-2024-04112,WO-2024-M10-04112,2024-08-18,France,Taiwan,TW2066766458,P-M10-BN-002,電動車電池模組固定螺母 M10,73181699,15702,266.94,280.29,1529
INV-EU-2024-04118,WO-2024-M12-04118,2024-08-18,France,Taiwan,TW2066883322,P-M12-EH-001,高強度引擎汽缸頭螺栓 M12,73181595,19141,1220.24,1315.94,4392
INV-EU-2024-04147,WO-2024-M12-04147,2024-08-18,Spain,Taiwan,TW2066424937,P-M12-EH-001,高強度引擎汽缸頭螺栓 M12,73181595,16654,1061.7,1144.97,4788
INV-EU-2024-04165,WO-2024-M12-04165,2024-08-18,Spain,Taiwan,TW2066487836,P-M12-EH-001,高強度引擎汽缸頭螺栓 M12,73181595,31857,2030.89,2190.18,15191
INV-EU-2024-04171,WO-2024-M10-04171,2024-08-18,Netherlands,Taiwan,TW2066393891,P-M10-BN-002,電動車電池模組固定螺母 M10,73181699,13031,221.53,232.61,1623
INV-EU-2024-04174,WO-2024-M10-04174,2024-08-18,Italy,Taiwan,TW2066527196,P-M10-BN-002,電動車電池模組固定螺母 M10,73181699,41703,708.96,744.41,2516
INV-EU-2024-04175,WO-2024-M12-04175,2024-08-18,Germany,Taiwan,TW2066474679,P-M12-EH-001,高強度引擎汽缸頭螺栓 M12,73181595,28110,1792.04,1932.59,9712
INV-EU-2024-04178,WO-2024-M12-04178,2024-08-18,France,Taiwan,TW2066745664,P-M12-EH-001,高強度引擎汽缸頭螺栓 M12,73181595,31859,2031.07,2190.36,12714
INV-EU-2024-04179,WO-2024-M10-04179,2024-08-18,Germany,Taiwan,TW2066729363,P-M10-BN-002,電動車電池模組固定螺母 M10,73181699,26330,447.61,469.99,1987
INV-EU-2024-04188,WO-2024-M12-04188,2024-08-18,Netherlands,Taiwan,TW2066781523,P-M12-EH-001,高強度引擎汽缸頭螺栓 M12,73181595,30856,1967.13,2121.41,13927
INV-EU-2024-04195,WO-2024-CS-04195,2024-08-18,France,Taiwan,TW2066439866,P-CS-BS-003,底盤懸吊臂襯套軸套,73269098,35382,9623.98,10331.62,55145
INV-EU-2024-04198,WO-2024-M10-04198,2024-08-18,Netherlands,Taiwan,TW2066856146,P-M10-BN-002,電動車電池模組固定螺母 M10,73181699,32773,557.15,585.01,3242
INV-EU-2024-04202,WO-2024-CS-04202,2024-08-18,Spain,Taiwan,TW2066698886,P-CS-BS-003,底盤懸吊臂襯套軸套,73269098,35585,9679.12,10390.82,71431
INV-EU-2024-04205,WO-2024-M10-04205,2024-08-18,Germany,Taiwan,TW2066641911,P-M10-BN-002,電動車電池模組固定螺母 M10,73181699,12919,219.64,230.62,731
INV-EU-2024-04212,WO-2024-CS-04212,2024-08-18,Germany,Taiwan,TW2066611546,P-CS-BS-003,底盤懸吊臂襯套軸套,73269098,14094,3833.73,4115.61,13724
INV-EU-2024-04213,WO-2024-M12-04213,2024-08-18,Netherlands,Taiwan,TW2066244608,P-M12-EH-001,高強度引擎汽缸頭螺栓 M12,73181595,18572,1184.01,1276.87,4463
INV-EU-2024-04229,WO-2024-M10-04229,2024-08-18,Spain,Taiwan,TW2066851204,P-M10-BN-002,電動車電池模組固定螺母 M10,73181699,46522,790.89,830.43,3353
INV-EU-2024-04245,WO-2024-M10-04245,2024-08-18,Netherlands,Taiwan,TW2066652199,P-M10-BN-002,電動車電池模組固定螺母 M10,73181699,45982,781.71,820.8,3173
INV-EU-2024-04247,WO-2024-M12-04247,2024-08-18,Spain,Taiwan,TW2066967042,P-M12-EH-001,高強度引擎汽缸頭螺栓 M12,73181595,26105,1664.25,1794.78,7322
INV-EU-2024-04111,WO-2024-M12-04111,2024-08-19,Netherlands,Taiwan,TW2066284486,P-M12-EH-001,高強度引擎汽缸頭螺栓 M12,73181595,10635,678.03,731.2,5403
INV-EU-2024-04119,WO-2024-M10-04119,2024-08-19,Italy,Taiwan,TW2066351219,P-M10-BN-002,電動車電池模組固定螺母 M10,73181699,26991,458.86,481.8,1812
INV-EU-2024-04122,WO-2024-CS-04122,2024-08-19,Italy,Taiwan,TW2066817019,P-CS-BS-003,底盤懸吊臂襯套軸套,73269098,43850,11927.28,12804.28,36974
INV-EU-2024-04154,WO-2024-M12-04154,2024-08-19,Germany,Taiwan,TW2066234078,P-M12-EH-001,高強度引擎汽缸頭螺栓 M12,73181595,45226,2883.16,3109.29,16347
INV-EU-2024-04160,WO-2024-M10-04160,2024-08-19,Italy,Taiwan,TW2066303129,P-M10-BN-002,電動車電池模組固定螺母 M10,73181699,19725,335.33,352.1,2223
INV-EU-2024-04183,WO-2024-M10-04183,2024-08-19,France,Taiwan,TW2066949182,P-M10-BN-002,電動車電池模組固定螺母 M10,73181699,24816,421.88,442.97,2155
INV-EU-2024-04208,WO-2024-CS-04208,2024-08-19,Netherlands,Taiwan,TW2066623538,P-CS-BS-003,底盤懸吊臂襯套軸套,73269098,14343,3901.54,4188.4,30861
INV-EU-2024-04214,WO-2024-M12-04214,2024-08-19,Italy,Taiwan,TW2066579288,P-M12-EH-001,高強度引擎汽缸頭螺栓 M12,73181595,43371,2764.92,2981.78,10866
INV-EU-2024-04235,WO-2024-M12-04235,2024-08-19,France,Taiwan,TW2066456755,P-M12-EH-001,高強度引擎汽缸頭螺栓 M12,73181595,32679,2083.29,2246.68,8645
INV-EU-2024-04236,WO-2024-M12-04236,2024-08-19,Italy,Taiwan,TW2066508334,P-M12-EH-001,高強度引擎汽缸頭螺栓 M12,73181595,24641,1570.89,1694.1,9095
INV-EU-2024-04237,WO-2024-CS-04237,2024-08-19,Spain,Taiwan,TW2066880746,P-CS-BS-003,底盤懸吊臂襯套軸套,73269098,43760,11902.98,12778.18,84987
INV-EU-2024-04241,WO-2024-CS-04241,2024-08-19,Italy,Taiwan,TW2066531458,P-CS-BS-003,底盤懸吊臂襯套軸套,73269098,39648,10784.34,11577.3,50470
INV-EU-2024-04248,WO-2024-M12-04248,2024-08-19,Italy,Taiwan,TW2066821105,P-M12-EH-001,高強度引擎汽缸頭螺栓 M12,73181595,24313,1549.98,1671.55,9795
INV-EU-2024-04250,WO-2024-CS-04250,2024-08-19,Spain,Taiwan,TW2066614618,P-CS-BS-003,底盤懸吊臂襯套軸套,73269098,20877,5678.63,6096.17,35605
INV-EU-2024-04252,WO-2024-CS-04252,2024-08-19,France,Taiwan,TW2066372622,P-CS-BS-003,底盤懸吊臂襯套軸套,73269098,28898,7860.4,8438.36,24917
INV-EU-2024-04254,WO-2024-M10-04254,2024-08-19,Netherlands,Taiwan,TW2066594214,P-M10-BN-002,電動車電池模組固定螺母 M10,73181699,28683,487.62,512,2442
INV-EU-2024-04255,WO-2024-M12-04255,2024-08-19,Italy,Taiwan,TW2066340610,P-M12-EH-001,高強度引擎汽缸頭螺栓 M12,73181595,40267,2567.04,2768.38,16839
INV-EU-2024-04258,WO-2024-CS-04258,2024-08-19,Germany,Taiwan,TW2066783660,P-CS-BS-003,底盤懸吊臂襯套軸套,73269098,47994,13054.64,14014.52,75716
INV-EU-2024-04125,WO-2024-M10-04125,2024-08-20,Germany,Taiwan,TW2066211052,P-M10-BN-002,電動車電池模組固定螺母 M10,73181699,12847,218.41,229.33,781
INV-EU-2024-04127,WO-2024-M12-04127,2024-08-20,Netherlands,Taiwan,TW2066103040,P-M12-EH-001,高強度引擎汽缸頭螺栓 M12,73181595,40129,2558.24,2758.88,10846
INV-EU-2024-04133,WO-2024-M12-04133,2024-08-20,Germany,Taiwan,TW2066133432,P-M12-EH-001,高強度引擎汽缸頭螺栓 M12,73181595,25666,1636.25,1764.58,9457
INV-EU-2024-04139,WO-2024-CS-04139,2024-08-20,Netherlands,Taiwan,TW2066862626,P-CS-BS-003,底盤懸吊臂襯套軸套,73269098,47752,12988.8,13943.84,49227
INV-EU-2024-04144,WO-2024-M12-04144,2024-08-20,Netherlands,Taiwan,TW2066263247,P-M12-EH-001,高強度引擎汽缸頭螺栓 M12,73181595,45485,2899.72,3127.14,10670
INV-EU-2024-04148,WO-2024-M12-04148,2024-08-20,Germany,Taiwan,TW2066422038,P-M12-EH-001,高強度引擎汽缸頭螺栓 M12,73181595,11892,758.15,817.61,4457
INV-EU-2024-04153,WO-2024-M12-04153,2024-08-20,Germany,Taiwan,TW2066413190,P-M12-EH-001,高強度引擎汽缸頭螺栓 M12,73181595,14584,929.75,1002.67,4295
INV-EU-2024-04164,WO-2024-M10-04164,2024-08-20,Spain,Taiwan,TW2066806913,P-M10-BN-002,電動車電池模組固定螺母 M10,73181699,14416,245.08,257.33,1874
INV-EU-2024-04167,WO-2024-M10-04167,2024-08-20,Netherlands,Taiwan,TW2066633633,P-M10-BN-002,電動車電池模組固定螺母 M10,73181699,25745,437.68,459.56,2201
INV-EU-2024-04177,WO-2024-CS-04177,2024-08-20,Germany,Taiwan,TW2066288188,P-CS-BS-003,底盤懸吊臂襯套軸套,73269098,36122,9825.26,10547.7,75261
INV-EU-2024-04181,WO-2024-CS-04181,2024-08-20,Spain,Taiwan,TW2066795441,P-CS-BS-003,底盤懸吊臂襯套軸套,73269098,31758,8638.42,9273.58,30752
INV-EU-2024-04207,WO-2024-M12-04207,2024-08-20,Spain,Taiwan,TW2066546257,P-M12-EH-001,高強度引擎汽缸頭螺栓 M12,73181595,21443,1367.04,1474.25,6466
INV-EU-2024-04209,WO-2024-M10-04209,2024-08-20,Italy,Taiwan,TW2066606731,P-M10-BN-002,電動車電池模組固定螺母 M10,73181699,49360,839.12,881.08,3969
INV-EU-2024-04210,WO-2024-M10-04210,2024-08-20,Spain,Taiwan,TW2066398379,P-M10-BN-002,電動車電池模組固定螺母 M10,73181699,14650,249.06,261.51,1245
INV-EU-2024-04211,WO-2024-M12-04211,2024-08-20,Germany,Taiwan,TW2066152923,P-M12-EH-001,高強度引擎汽缸頭螺栓 M12,73181595,45662,2910.97,3139.28,12604
INV-EU-2024-04216,WO-2024-M10-04216,2024-08-20,Netherlands,Taiwan,TW2066422156,P-M10-BN-002,電動車電池模組固定螺母 M10,73181699,47150,801.56,841.64,4360
INV-EU-2024-04218,WO-2024-CS-04218,2024-08-20,Netherlands,Taiwan,TW2066102746,P-CS-BS-003,底盤懸吊臂襯套軸套,73269098,20634,5612.71,6025.39,39906
INV-EU-2024-04234,WO-2024-M12-04234,2024-08-20,Italy,Taiwan,TW2066774936,P-M12-EH-001,高強度引擎汽缸頭螺栓 M12,73181595,38311,2442.36,2633.91,7375
INV-EU-2024-04238,WO-2024-M12-04238,2024-08-20,Spain,Taiwan,TW2066184092,P-M12-EH-001,高強度引擎汽缸頭螺栓 M12,73181595,44472,2835.11,3057.47,15678
INV-EU-2024-04243,WO-2024-M12-04243,2024-08-20,France,Taiwan,TW2066451229,P-M12-EH-001,高強度引擎汽缸頭螺栓 M12,73181595,37427,2385.99,2573.13,17775
INV-EU-2024-04259,WO-2024-M12-04259,2024-08-20,France,Taiwan,TW2066915096,P-M12-EH-001,高強度引擎汽缸頭螺栓 M12,73181595,18302,1166.79,1258.3,3815
INV-EU-2024-04276,WO-2024-M12-04276,2024-08-20,Germany,Taiwan,TW2066599033,P-M12-EH-001,高強度引擎汽缸頭螺栓 M12,73181595,13998,892.38,962.37,6871
INV-EU-2024-04141,WO-2024-M10-04141,2024-08-21,Netherlands,Taiwan,TW2066812041,P-M10-BN-002,電動車電池模組固定螺母 M10,73181699,26185,445.15,467.41,3245
INV-EU-2024-04173,WO-2024-M10-04173,2024-08-21,Italy,Taiwan,TW2066121998,P-M10-BN-002,電動車電池模組固定螺母 M10,73181699,32968,560.46,588.48,2813
INV-EU-2024-04180,WO-2024-CS-04180,2024-08-21,Italy,Taiwan,TW2066833964,P-CS-BS-003,底盤懸吊臂襯套軸套,73269098,46801,12729.99,13666.01,40354
INV-EU-2024-04199,WO-2024-M12-04199,2024-08-21,France,Taiwan,TW2066198074,P-M12-EH-001,高強度引擎汽缸頭螺栓 M12,73181595,37354,2381.35,2568.12,8072
INV-EU-2024-04221,WO-2024-M12-04221,2024-08-21,France,Taiwan,TW2066166628,P-M12-EH-001,高強度引擎汽缸頭螺栓 M12,73181595,36686,2338.79,2522.22,16675
INV-EU-2024-04222,WO-2024-M12-04222,2024-08-21,Germany,Taiwan,TW2066138172,P-M12-EH-001,高強度引擎汽缸頭螺栓 M12,73181595,28549,1820.04,1962.78,10519
INV-EU-2024-04230,WO-2024-CS-04230,2024-08-21,Italy,Taiwan,TW2066614395,P-CS-BS-003,底盤懸吊臂襯套軸套,73269098,23683,6441.81,6915.47,23834
INV-EU-2024-04240,WO-2024-M10-04240,2024-08-21,Italy,Taiwan,TW2066250016,P-M10-BN-002,電動車電池模組固定螺母 M10,73181699,29657,504.18,529.39,1895
INV-EU-2024-04257,WO-2024-M12-04257,2024-08-21,France,Taiwan,TW2066826877,P-M12-EH-001,高強度引擎汽缸頭螺栓 M12,73181595,40888,2606.67,2811.11,13502
INV-EU-2024-04284,WO-2024-CS-04284,2024-08-21,France,Taiwan,TW2066936751,P-CS-BS-003,底盤懸吊臂襯套軸套,73269098,38589,10496.3,11268.08,32013
INV-EU-2024-04169,WO-2024-M10-04169,2024-08-22,Spain,Taiwan,TW2066421034,P-M10-BN-002,電動車電池模組固定螺母 M10,73181699,18601,316.22,332.03,1856
INV-EU-2024-04185,WO-2024-CS-04185,2024-08-22,France,Taiwan,TW2066870143,P-CS-BS-003,底盤懸吊臂襯套軸套,73269098,26231,7135.07,7659.69,37530
INV-EU-2024-04190,WO-2024-M12-04190,2024-08-22,Netherlands,Taiwan,TW2066481881,P-M12-EH-001,高強度引擎汽缸頭螺栓 M12,73181595,23571,1502.69,1620.55,10729
INV-EU-2024-04206,WO-2024-CS-04206,2024-08-22,Germany,Taiwan,TW2066654265,P-CS-BS-003,底盤懸吊臂襯套軸套,73269098,21183,5761.88,6185.54,36299
INV-EU-2024-04217,WO-2024-M10-04217,2024-08-22,France,Taiwan,TW2066433460,P-M10-BN-002,電動車電池模組固定螺母 M10,73181699,40652,691.1,725.65,2557
INV-EU-2024-04223,WO-2024-M10-04223,2024-08-22,Spain,Taiwan,TW2066617222,P-M10-BN-002,電動車電池模組固定螺母 M10,73181699,41775,710.19,745.7,2187
INV-EU-2024-04224,WO-2024-CS-04224,2024-08-22,Italy,Taiwan,TW2066292713,P-CS-BS-003,底盤懸吊臂襯套軸套,73269098,10158,2763.12,2966.28,21303
INV-EU-2024-04225,WO-2024-M12-04225,2024-08-22,Italy,Taiwan,TW2066656690,P-M12-EH-001,高強度引擎汽缸頭螺栓 M12,73181595,32426,2067.2,2229.33,6346
INV-EU-2024-04244,WO-2024-M12-04244,2024-08-22,Germany,Taiwan,TW2066987319,P-M12-EH-001,高強度引擎汽缸頭螺栓 M12,73181595,38676,2465.64,2659.02,13758
INV-EU-2024-04251,WO-2024-M12-04251,2024-08-22,Germany,Taiwan,TW2066327611,P-M12-EH-001,高強度引擎汽缸頭螺栓 M12,73181595,32449,2068.63,2230.88,9081
INV-EU-2024-04260,WO-2024-CS-04260,2024-08-22,Germany,Taiwan,TW2066734969,P-CS-BS-003,底盤懸吊臂襯套軸套,73269098,27078,7365.22,7906.78,51924
INV-EU-2024-04261,WO-2024-CS-04261,2024-08-22,France,Taiwan,TW2066225879,P-CS-BS-003,底盤懸吊臂襯套軸套,73269098,30873,8397.49,9014.95,32834
INV-EU-2024-04264,WO-2024-M10-04264,2024-08-22,Italy,Taiwan,TW2066526665,P-M10-BN-002,電動車電池模組固定螺母 M10,73181699,30960,526.32,552.64,4205
INV-EU-2024-04265,WO-2024-M12-04265,2024-08-22,France,Taiwan,TW2066626243,P-M12-EH-001,高強度引擎汽缸頭螺栓 M12,73181595,49192,3136,3381.96,15429
INV-EU-2024-04275,WO-2024-CS-04275,2024-08-22,Spain,Taiwan,TW2066296319,P-CS-BS-003,底盤懸吊臂襯套軸套,73269098,10753,2924.97,3140.03,21937
INV-EU-2024-04282,WO-2024-M10-04282,2024-08-22,Italy,Taiwan,TW2066359832,P-M10-BN-002,電動車電池模組固定螺母 M10,73181699,43662,742.27,779.38,2642
INV-EU-2024-04287,WO-2024-M12-04287,2024-08-22,Spain,Taiwan,TW2066973903,P-M12-EH-001,高強度引擎汽缸頭螺栓 M12,73181595,40179,2561.45,2762.34,12474
INV-EU-2024-04312,WO-2024-M10-04312,2024-08-22,Spain,Taiwan,TW2066363555,P-M10-BN-002,電動車電池模組固定螺母 M10,73181699,16904,287.38,301.75,2140
INV-EU-2024-04193,WO-2024-M12-04193,2024-08-23,Italy,Taiwan,TW2066670119,P-M12-EH-001,高強度引擎汽缸頭螺栓 M12,73181595,18077,1152.42,1242.81,5554
INV-EU-2024-04231,WO-2024-M12-04231,2024-08-23,Spain,Taiwan,TW2066716163,P-M12-EH-001,高強度引擎汽缸頭螺栓 M12,73181595,47871,3051.82,3291.18,15716
INV-EU-2024-04232,WO-2024-M10-04232,2024-08-23,France,Taiwan,TW2066334782,P-M10-BN-002,電動車電池模組固定螺母 M10,73181699,43401,737.82,774.71,2368
INV-EU-2024-04242,WO-2024-M10-04242,2024-08-23,Netherlands,Taiwan,TW2066859861,P-M10-BN-002,電動車電池模組固定螺母 M10,73181699,22051,374.88,393.62,2965
INV-EU-2024-04249,WO-2024-M12-04249,2024-08-23,Germany,Taiwan,TW2066833259,P-M12-EH-001,高強度引擎汽缸頭螺栓 M12,73181595,32658,2081.97,2245.26,6308
INV-EU-2024-04271,WO-2024-M12-04271,2024-08-23,Spain,Taiwan,TW2066146603,P-M12-EH-001,高強度引擎汽缸頭螺栓 M12,73181595,36017,2296.12,2476.2,15705
INV-EU-2024-04272,WO-2024-M12-04272,2024-08-23,Netherlands,Taiwan,TW2066113595,P-M12-EH-001,高強度引擎汽缸頭螺栓 M12,73181595,44982,2867.64,3092.55,21880
INV-EU-2024-04274,WO-2024-CS-04274,2024-08-23,Italy,Taiwan,TW2066123203,P-CS-BS-003,底盤懸吊臂襯套軸套,73269098,39035,10617.66,11398.36,33657
INV-EU-2024-04285,WO-2024-CS-04285,2024-08-23,Spain,Taiwan,TW2066420383,P-CS-BS-003,底盤懸吊臂襯套軸套,73269098,49326,13416.92,14403.44,61315
INV-EU-2024-04316,WO-2024-M12-04316,2024-08-23,Germany,Taiwan,TW2066886954,P-M12-EH-001,高強度引擎汽缸頭螺栓 M12,73181595,15731,1002.87,1081.53,4984
INV-EU-2024-04320,WO-2024-CS-04320,2024-08-23,Germany,Taiwan,TW2066208534,P-CS-BS-003,底盤懸吊臂襯套軸套,73269098,17980,4890.58,5250.18,21127
INV-EU-2024-04203,WO-2024-CS-04203,2024-08-24,France,Taiwan,TW2066318317,P-CS-BS-003,底盤懸吊臂襯套軸套,73269098,11971,3256.14,3495.56,18722
INV-EU-2024-04204,WO-2024-M12-04204,2024-08-24,Italy,Taiwan,TW2066826782,P-M12-EH-001,高強度引擎汽缸頭螺栓 M12,73181595,24221,1544.12,1665.22,11025
INV-EU-2024-04219,WO-2024-CS-04219,2024-08-24,Spain,Taiwan,TW2066202268,P-CS-BS-003,底盤懸吊臂襯套軸套,73269098,22917,6233.52,6691.86,24622
INV-EU-2024-04220,WO-2024-M10-04220,2024-08-24,France,Taiwan,TW2066721052,P-M10-BN-002,電動車電池模組固定螺母 M10,73181699,10955,186.25,195.56,1035
INV-EU-2024-04226,WO-2024-M12-04226,2024-08-24,Italy,Taiwan,TW2066948017,P-M12-EH-001,高強度引擎汽缸頭螺栓 M12,73181595,29767,1897.7,2046.54,10968
INV-EU-2024-04239,WO-2024-M12-04239,2024-08-24,Germany,Taiwan,TW2066446657,P-M12-EH-001,高強度引擎汽缸頭螺栓 M12,73181595,34983,2230.19,2405.11,16503
INV-EU-2024-04253,WO-2024-M12-04253,2024-08-24,Italy,Taiwan,TW2066882122,P-M12-EH-001,高強度引擎汽缸頭螺栓 M12,73181595,45046,2871.72,3096.95,12290
INV-EU-2024-04256,WO-2024-CS-04256,2024-08-24,Italy,Taiwan,TW2066329648,P-CS-BS-003,底盤懸吊臂襯套軸套,73269098,27230,7406.83,7951.43,41404
INV-EU-2024-04280,WO-2024-M10-04280,2024-08-24,France,Taiwan,TW2066807126,P-M10-BN-002,電動車電池模組固定螺母 M10,73181699,20949,356.14,373.95,2706
INV-EU-2024-04290,WO-2024-CS-04290,2024-08-24,Germany,Taiwan,TW2066657023,P-CS-BS-003,底盤懸吊臂襯套軸套,73269098,17322,4711.71,5058.15,27516
INV-EU-2024-04291,WO-2024-M12-04291,2024-08-24,Germany,Taiwan,TW2066631140,P-M12-EH-001,高強度引擎汽缸頭螺栓 M12,73181595,33512,2136.45,2304.01,7199
INV-EU-2024-04294,WO-2024-CS-04294,2024-08-24,Italy,Taiwan,TW2066292921,P-CS-BS-003,底盤懸吊臂襯套軸套,73269098,25419,6914.11,7422.49,43766
INV-EU-2024-04317,WO-2024-M12-04317,2024-08-24,Italy,Taiwan,TW2066601230,P-M12-EH-001,高強度引擎汽缸頭螺栓 M12,73181595,13759,877.15,945.94,6473
INV-EU-2024-04340,WO-2024-M10-04340,2024-08-24,Spain,Taiwan,TW2066702064,P-M10-BN-002,電動車電池模組固定螺母 M10,73181699,33218,564.72,592.96,2902
INV-EU-2024-04342,WO-2024-M12-04342,2024-08-24,France,Taiwan,TW2066953014,P-M12-EH-001,高強度引擎汽缸頭螺栓 M12,73181595,14895,949.61,1024.09,4026
INV-EU-2024-04343,WO-2024-M12-04343,2024-08-24,Netherlands,Taiwan,TW2066839757,P-M12-EH-001,高強度引擎汽缸頭螺栓 M12,73181595,11216,715.02,771.1,5427
INV-EU-2024-04233,WO-2024-CS-04233,2024-08-25,Netherlands,Taiwan,TW2066463780,P-CS-BS-003,底盤懸吊臂襯套軸套,73269098,48608,13221.59,14193.75,73115
INV-EU-2024-04246,WO-2024-M10-04246,2024-08-25,Italy,Taiwan,TW2066423145,P-M10-BN-002,電動車電池模組固定螺母 M10,73181699,23703,402.96,423.11,2651
INV-EU-2024-04263,WO-2024-CS-04263,2024-08-25,Spain,Taiwan,TW2066672108,P-CS-BS-003,底盤懸吊臂襯套軸套,73269098,18441,5016.2,5385.02,21569
INV-EU-2024-04266,WO-2024-CS-04266,2024-08-25,Germany,Taiwan,TW2066430015,P-CS-BS-003,底盤懸吊臂襯套軸套,73269098,25835,7027.23,7543.93,26211
INV-EU-2024-04267,WO-2024-CS-04267,2024-08-25,Germany,Taiwan,TW2066950713,P-CS-BS-003,底盤懸吊臂襯套軸套,73269098,29829,8113.53,8710.11,32535
INV-EU-2024-04270,WO-2024-M12-04270,2024-08-25,Italy,Taiwan,TW2066450593,P-M12-EH-001,高強度引擎汽缸頭螺栓 M12,73181595,32004,2040.26,2200.28,10894
INV-EU-2024-04281,WO-2024-CS-04281,2024-08-25,Italy,Taiwan,TW2066505188,P-CS-BS-003,底盤懸吊臂襯套軸套,73269098,46390,12618.09,13545.89,56655
INV-EU-2024-04293,WO-2024-M10-04293,2024-08-25,Italy,Taiwan,TW2066485428,P-M10-BN-002,電動車電池模組固定螺母 M10,73181699,38304,651.18,683.74,4187
INV-EU-2024-04309,WO-2024-M10-04309,2024-08-25,Italy,Taiwan,TW2066607081,P-M10-BN-002,電動車電池模組固定螺母 M10,73181699,12635,214.81,225.55,1336
INV-EU-2024-04311,WO-2024-M12-04311,2024-08-25,Germany,Taiwan,TW2066189867,P-M12-EH-001,高強度引擎汽缸頭螺栓 M12,73181595,38019,2423.73,2613.82,11779
INV-EU-2024-04324,WO-2024-M10-04324,2024-08-25,Germany,Taiwan,TW2066856599,P-M10-BN-002,電動車電池模組固定螺母 M10,73181699,19230,326.91,343.26,1559
INV-EU-2024-04337,WO-2024-M10-04337,2024-08-25,Netherlands,Taiwan,TW2066579253,P-M10-BN-002,電動車電池模組固定螺母 M10,73181699,45994,781.9,821,5168
INV-EU-2024-04346,WO-2024-M12-04346,2024-08-25,Germany,Taiwan,TW2066340458,P-M12-EH-001,高強度引擎汽缸頭螺栓 M12,73181595,33874,2159.53,2328.9,9199
INV-EU-2024-04360,WO-2024-CS-04360,2024-08-25,France,Taiwan,TW2066382028,P-CS-BS-003,底盤懸吊臂襯套軸套,73269098,20273,5514.42,5919.88,39869
INV-EU-2024-04262,WO-2024-M12-04262,2024-08-26,Italy,Taiwan,TW2066681980,P-M12-EH-001,高強度引擎汽缸頭螺栓 M12,73181595,32290,2058.51,2219.96,12968
INV-EU-2024-04273,WO-2024-CS-04273,2024-08-26,Italy,Taiwan,TW2066897072,P-CS-BS-003,底盤懸吊臂襯套軸套,73269098,28279,7692.12,8257.7,33076
INV-EU-2024-04279,WO-2024-M12-04279,2024-08-26,Netherlands,Taiwan,TW2066970181,P-M12-EH-001,高強度引擎汽缸頭螺栓 M12,73181595,46297,2951.46,3182.95,17531
INV-EU-2024-04288,WO-2024-CS-04288,2024-08-26,Germany,Taiwan,TW2066238365,P-CS-BS-003,底盤懸吊臂襯套軸套,73269098,41301,11234.12,12060.14,60214
INV-EU-2024-04292,WO-2024-M10-04292,2024-08-26,Spain,Taiwan,TW2066521178,P-M10-BN-002,電動車電池模組固定螺母 M10,73181699,13604,231.28,242.84,1669
INV-EU-2024-04298,WO-2024-M12-04298,2024-08-26,Italy,Taiwan,TW2066730501,P-M12-EH-001,高強度引擎汽缸頭螺栓 M12,73181595,38129,2430.74,2621.38,10986
INV-EU-2024-04302,WO-2024-CS-04302,2024-08-26,Germany,Taiwan,TW2066815406,P-CS-BS-003,底盤懸吊臂襯套軸套,73269098,15356,4177.08,4484.2,30617
INV-EU-2024-04303,WO-2024-M12-04303,2024-08-26,Italy,Taiwan,TW2066383151,P-M12-EH-001,高強度引擎汽缸頭螺栓 M12,73181595,44071,2809.57,3029.93,13654
INV-EU-2024-04304,WO-2024-M10-04304,2024-08-26,Netherlands,Taiwan,TW2066358359,P-M10-BN-002,電動車電池模組固定螺母 M10,73181699,31171,529.91,556.41,4180
INV-EU-2024-04310,WO-2024-M12-04310,2024-08-26,Netherlands,Taiwan,TW2066101432,P-M12-EH-001,高強度引擎汽缸頭螺栓 M12,73181595,22310,1422.28,1533.83,10510
INV-EU-2024-04313,WO-2024-CS-04313,2024-08-26,France,Taiwan,TW2066830687,P-CS-BS-003,底盤懸吊臂襯套軸套,73269098,46839,12740.21,13676.99,41405
INV-EU-2024-04322,WO-2024-M10-04322,2024-08-26,Netherlands,Taiwan,TW2066295892,P-M10-BN-002,電動車電池模組固定螺母 M10,73181699,26524,450.92,473.47,2894
INV-EU-2024-04332,WO-2024-CS-04332,2024-08-26,Italy,Taiwan,TW2066913342,P-CS-BS-003,底盤懸吊臂襯套軸套,73269098,33508,9114.21,9784.37,40831
INV-EU-2024-04334,WO-2024-M12-04334,2024-08-26,Spain,Taiwan,TW2066953939,P-M12-EH-001,高強度引擎汽缸頭螺栓 M12,73181595,30315,1932.61,2084.18,11015
INV-EU-2024-04339,WO-2024-CS-04339,2024-08-26,Italy,Taiwan,TW2066360683,P-CS-BS-003,底盤懸吊臂襯套軸套,73269098,30970,8423.98,9043.38,56019
INV-EU-2024-04363,WO-2024-CS-04363,2024-08-26,Italy,Taiwan,TW2066609746,P-CS-BS-003,底盤懸吊臂襯套軸套,73269098,32194,8757.03,9400.91,60686
INV-EU-2024-04391,WO-2024-CS-04391,2024-08-26,Netherlands,Taiwan,TW2066453601,P-CS-BS-003,底盤懸吊臂襯套軸套,73269098,23615,6423.46,6895.76,25693
INV-EU-2024-04268,WO-2024-M12-04268,2024-08-27,Netherlands,Taiwan,TW2066270968,P-M12-EH-001,高強度引擎汽缸頭螺栓 M12,73181595,31957,2037.31,2197.09,10512
INV-EU-2024-04269,WO-2024-M12-04269,2024-08-27,France,Taiwan,TW2066735646,P-M12-EH-001,高強度引擎汽缸頭螺栓 M12,73181595,23844,1520.09,1639.31,5502
INV-EU-2024-04277,WO-2024-M12-04277,2024-08-27,Germany,Taiwan,TW2066642225,P-M12-EH-001,高強度引擎汽缸頭螺栓 M12,73181595,23714,1511.77,1630.34,8314
INV-EU-2024-04278,WO-2024-M12-04278,2024-08-27,France,Taiwan,TW2066182516,P-M12-EH-001,高強度引擎汽缸頭螺栓 M12,73181595,25451,1622.54,1749.8,8664
INV-EU-2024-04283,WO-2024-CS-04283,2024-08-27,Italy,Taiwan,TW2066335082,P-CS-BS-003,底盤懸吊臂襯套軸套,73269098,43122,11729.31,12591.75,84333
INV-EU-2024-04295,WO-2024-M10-04295,2024-08-27,Netherlands,Taiwan,TW2066607997,P-M10-BN-002,電動車電池模組固定螺母 M10,73181699,17260,293.43,308.1,1687
INV-EU-2024-04305,WO-2024-CS-04305,2024-08-27,Germany,Taiwan,TW2066688777,P-CS-BS-003,底盤懸吊臂襯套軸套,73269098,28096,7642.37,8204.29,51662
INV-EU-2024-04306,WO-2024-CS-04306,2024-08-27,France,Taiwan,TW2066249991,P-CS-BS-003,底盤懸吊臂襯套軸套,73269098,33517,9116.67,9787.01,33093
INV-EU-2024-04314,WO-2024-CS-04314,2024-08-27,Germany,Taiwan,TW2066878604,P-CS-BS-003,底盤懸吊臂襯套軸套,73269098,16260,4422.75,4747.95,29057
INV-EU-2024-04318,WO-2024-M10-04318,2024-08-27,Italy,Taiwan,TW2066714120,P-M10-BN-002,電動車電池模組固定螺母 M10,73181699,10538,179.15,188.11,786
INV-EU-2024-04325,WO-2024-M10-04325,2024-08-27,Netherlands,Taiwan,TW2066491834,P-M10-BN-002,電動車電池模組固定螺母 M10,73181699,37035,629.61,661.09,4174
INV-EU-2024-04326,WO-2024-M10-04326,2024-08-27,Italy,Taiwan,TW2066840758,P-M10-BN-002,電動車電池模組固定螺母 M10,73181699,21995,373.92,392.62,2849
INV-EU-2024-04328,WO-2024-M12-04328,2024-08-27,Germany,Taiwan,TW2066448829,P-M12-EH-001,高強度引擎汽缸頭螺栓 M12,73181595,11834,754.47,813.64,5530
INV-EU-2024-04329,WO-2024-M10-04329,2024-08-27,Netherlands,Taiwan,TW2066413919,P-M10-BN-002,電動車電池模組固定螺母 M10,73181699,41542,706.23,741.54,4166
INV-EU-2024-04357,WO-2024-M12-04357,2024-08-27,Spain,Taiwan,TW2066282316,P-M12-EH-001,高強度引擎汽缸頭螺栓 M12,73181595,18218,1161.4,1252.49,6852
INV-EU-2024-04358,WO-2024-M12-04358,2024-08-27,Spain,Taiwan,TW2066922058,P-M12-EH-001,高強度引擎汽缸頭螺栓 M12,73181595,14658,934.47,1007.76,3308
INV-EU-2024-04362,WO-2024-M10-04362,2024-08-27,Netherlands,Taiwan,TW2066564388,P-M10-BN-002,電動車電池模組固定螺母 M10,73181699,44102,749.74,787.23,5413
INV-EU-2024-04369,WO-2024-CS-04369,2024-08-27,Spain,Taiwan,TW2066615815,P-CS-BS-003,底盤懸吊臂襯套軸套,73269098,36635,9964.89,10697.59,78622
INV-EU-2024-04374,WO-2024-CS-04374,2024-08-27,Netherlands,Taiwan,TW2066309957,P-CS-BS-003,底盤懸吊臂襯套軸套,73269098,12495,3398.78,3648.68,20596
INV-EU-2024-04376,WO-2024-M12-04376,2024-08-27,Spain,Taiwan,TW2066268318,P-M12-EH-001,高強度引擎汽缸頭螺栓 M12,73181595,16487,1051.11,1133.54,5266
INV-EU-2024-04379,WO-2024-M10-04379,2024-08-27,Netherlands,Taiwan,TW2066515548,P-M10-BN-002,電動車電池模組固定螺母 M10,73181699,36601,622.22,653.33,2495
INV-EU-2024-04382,WO-2024-CS-04382,2024-08-27,Italy,Taiwan,TW2066596028,P-CS-BS-003,底盤懸吊臂襯套軸套,73269098,25935,7054.57,7573.27,23209
INV-EU-2024-04393,WO-2024-M10-04393,2024-08-27,Spain,Taiwan,TW2066299570,P-M10-BN-002,電動車電池模組固定螺母 M10,73181699,29968,509.47,534.94,2608
INV-EU-2024-04286,WO-2024-M10-04286,2024-08-28,Italy,Taiwan,TW2066607349,P-M10-BN-002,電動車電池模組固定螺母 M10,73181699,35421,602.17,632.28,3287
INV-EU-2024-04289,WO-2024-M10-04289,2024-08-28,Spain,Taiwan,TW2066333498,P-M10-BN-002,電動車電池模組固定螺母 M10,73181699,36801,625.63,656.91,4854
INV-EU-2024-04296,WO-2024-M10-04296,2024-08-28,Netherlands,Taiwan,TW2066879318,P-M10-BN-002,電動車電池模組固定螺母 M10,73181699,48987,832.79,874.43,2773
INV-EU-2024-04297,WO-2024-M10-04297,2024-08-28,France,Taiwan,TW2066547352,P-M10-BN-002,電動車電池模組固定螺母 M10,73181699,42221,717.76,753.65,3251
INV-EU-2024-04300,WO-2024-M10-04300,2024-08-28,France,Taiwan,TW2066721269,P-M10-BN-002,電動車電池模組固定螺母 M10,73181699,42026,714.45,750.17,5494
INV-EU-2024-04307,WO-2024-M10-04307,2024-08-28,France,Taiwan,TW2066519081,P-M10-BN-002,電動車電池模組固定螺母 M10,73181699,48708,828.05,869.45,4421
INV-EU-2024-04331,WO-2024-CS-04331,2024-08-28,Germany,Taiwan,TW2066420244,P-CS-BS-003,底盤懸吊臂襯套軸套,73269098,43745,11898.72,12773.62,47594
INV-EU-2024-04333,WO-2024-M12-04333,2024-08-28,Italy,Taiwan,TW2066491398,P-M12-EH-001,高強度引擎汽缸頭螺栓 M12,73181595,42638,2718.19,2931.38,8589
INV-EU-2024-04336,WO-2024-CS-04336,2024-08-28,France,Taiwan,TW2066999471,P-CS-BS-003,底盤懸吊臂襯套軸套,73269098,44621,12137,13029.42,58136
INV-EU-2024-04349,WO-2024-M10-04349,2024-08-28,Spain,Taiwan,TW2066339020,P-M10-BN-002,電動車電池模組固定螺母 M10,73181699,25807,438.72,460.66,3395
INV-EU-2024-04351,WO-2024-M12-04351,2024-08-28,Germany,Taiwan,TW2066392856,P-M12-EH-001,高強度引擎汽缸頭螺栓 M12,73181595,18783,1197.44,1291.36,4741
INV-EU-2024-04361,WO-2024-M10-04361,2024-08-28,Spain,Taiwan,TW2066157779,P-M10-BN-002,電動車電池模組固定螺母 M10,73181699,25401,431.82,453.41,1489
INV-EU-2024-04368,WO-2024-CS-04368,2024-08-28,Spain,Taiwan,TW2066267873,P-CS-BS-003,底盤懸吊臂襯套軸套,73269098,12912,3512.29,3770.53,20687
INV-EU-2024-04371,WO-2024-M12-04371,2024-08-28,Italy,Taiwan,TW2066133937,P-M12-EH-001,高強度引擎汽缸頭螺栓 M12,73181595,26059,1661.32,1791.62,6977
INV-EU-2024-04387,WO-2024-CS-04387,2024-08-28,Germany,Taiwan,TW2066117598,P-CS-BS-003,底盤懸吊臂襯套軸套,73269098,26939,7327.66,7866.44,47336
INV-EU-2024-04402,WO-2024-M12-04402,2024-08-28,Germany,Taiwan,TW2066747981,P-M12-EH-001,高強度引擎汽缸頭螺栓 M12,73181595,22871,1458.03,1572.38,8864
INV-EU-2024-04405,WO-2024-M12-04405,2024-08-28,Netherlands,Taiwan,TW2066610220,P-M12-EH-001,高強度引擎汽缸頭螺栓 M12,73181595,22188,1414.52,1525.46,5516
INV-EU-2024-04407,WO-2024-M12-04407,2024-08-28,Italy,Taiwan,TW2066102001,P-M12-EH-001,高強度引擎汽缸頭螺栓 M12,73181595,26988,1720.53,1855.47,5402
INV-EU-2024-04417,WO-2024-M12-04417,2024-08-28,France,Taiwan,TW2066262717,P-M12-EH-001,高強度引擎汽缸頭螺栓 M12,73181595,36539,2329.42,2512.12,18425
INV-EU-2024-04299,WO-2024-M12-04299,2024-08-29,Germany,Taiwan,TW2066769857,P-M12-EH-001,高強度引擎汽缸頭螺栓 M12,73181595,19344,1233.19,1329.91,8767
INV-EU-2024-04301,WO-2024-M12-04301,2024-08-29,Spain,Taiwan,TW2066378925,P-M12-EH-001,高強度引擎汽缸頭螺栓 M12,73181595,44353,2827.54,3049.3,17530
INV-EU-2024-04308,WO-2024-CS-04308,2024-08-29,Netherlands,Taiwan,TW2066240017,P-CS-BS-003,底盤懸吊臂襯套軸套,73269098,10034,2729.35,2930.03,20360
INV-EU-2024-04319,WO-2024-M10-04319,2024-08-29,France,Taiwan,TW2066508047,P-M10-BN-002,電動車電池模組固定螺母 M10,73181699,29178,496.04,520.84,3482
INV-EU-2024-04321,WO-2024-CS-04321,2024-08-29,Germany,Taiwan,TW2066870554,P-CS-BS-003,底盤懸吊臂襯套軸套,73269098,12287,3342.13,3587.87,18080
INV-EU-2024-04330,WO-2024-CS-04330,2024-08-29,Germany,Taiwan,TW2066873666,P-CS-BS-003,底盤懸吊臂襯套軸套,73269098,15702,4271.11,4585.15,28531
INV-EU-2024-04335,WO-2024-M12-04335,2024-08-29,France,Taiwan,TW2066747076,P-M12-EH-001,高強度引擎汽缸頭螺栓 M12,73181595,15809,1007.88,1086.92,7065
INV-EU-2024-04341,WO-2024-CS-04341,2024-08-29,France,Taiwan,TW2066677522,P-CS-BS-003,底盤懸吊臂襯套軸套,73269098,11776,3203.26,3438.78,25305
INV-EU-2024-04345,WO-2024-M10-04345,2024-08-29,France,Taiwan,TW2066131651,P-M10-BN-002,電動車電池模組固定螺母 M10,73181699,43150,733.56,770.24,2508
INV-EU-2024-04347,WO-2024-CS-04347,2024-08-29,Netherlands,Taiwan,TW2066487722,P-CS-BS-003,底盤懸吊臂襯套軸套,73269098,39899,10852.62,11650.6,45038
INV-EU-2024-04353,WO-2024-M10-04353,2024-08-29,Netherlands,Taiwan,TW2066557775,P-M10-BN-002,電動車電池模組固定螺母 M10,73181699,30547,519.31,545.28,2788
INV-EU-2024-04367,WO-2024-CS-04367,2024-08-29,France,Taiwan,TW2066413372,P-CS-BS-003,底盤懸吊臂襯套軸套,73269098,44353,12064.26,12951.32,46688
INV-EU-2024-04380,WO-2024-M10-04380,2024-08-29,Spain,Taiwan,TW2066447886,P-M10-BN-002,電動車電池模組固定螺母 M10,73181699,26441,449.5,471.98,3074
INV-EU-2024-04384,WO-2024-M10-04384,2024-08-29,Germany,Taiwan,TW2066364750,P-M10-BN-002,電動車電池模組固定螺母 M10,73181699,36223,615.8,646.59,2056
INV-EU-2024-04385,WO-2024-CS-04385,2024-08-29,Spain,Taiwan,TW2066273521,P-CS-BS-003,底盤懸吊臂襯套軸套,73269098,23657,6434.81,6907.95,26640
INV-EU-2024-04386,WO-2024-CS-04386,2024-08-29,Germany,Taiwan,TW2066151546,P-CS-BS-003,底盤懸吊臂襯套軸套,73269098,11159,3035.46,3258.64,18060
INV-EU-2024-04388,WO-2024-M12-04388,2024-08-29,Spain,Taiwan,TW2066174569,P-M12-EH-001,高強度引擎汽缸頭螺栓 M12,73181595,25454,1622.73,1750,12819
INV-EU-2024-04389,WO-2024-M12-04389,2024-08-29,France,Taiwan,TW2066543388,P-M12-EH-001,高強度引擎汽缸頭螺栓 M12,73181595,41242,2629.19,2835.4,10674
INV-EU-2024-04406,WO-2024-CS-04406,2024-08-29,France,Taiwan,TW2066684873,P-CS-BS-003,底盤懸吊臂襯套軸套,73269098,15843,4309.51,4626.37,30985
INV-EU-2024-04410,WO-2024-M12-04410,2024-08-29,Italy,Taiwan,TW2066302072,P-M12-EH-001,高強度引擎汽缸頭螺栓 M12,73181595,18480,1178.14,1270.54,8777
INV-EU-2024-04412,WO-2024-M10-04412,2024-08-29,France,Taiwan,TW2066311807,P-M10-BN-002,電動車電池模組固定螺母 M10,73181699,20314,345.35,362.62,2275
INV-EU-2024-04414,WO-2024-M12-04414,2024-08-29,France,Taiwan,TW2066315440,P-M12-EH-001,高強度引擎汽缸頭螺栓 M12,73181595,29990,1911.88,2061.83,12771
INV-EU-2024-04430,WO-2024-M10-04430,2024-08-29,Germany,Taiwan,TW2066721766,P-M10-BN-002,電動車電池模組固定螺母 M10,73181699,40518,688.82,723.26,2865
INV-EU-2024-04315,WO-2024-CS-04315,2024-08-30,Germany,Taiwan,TW2066304919,P-CS-BS-003,底盤懸吊臂襯套軸套,73269098,30608,8325.6,8937.76,66105
INV-EU-2024-04323,WO-2024-CS-04323,2024-08-30,France,Taiwan,TW2066634765,P-CS-BS-003,底盤懸吊臂襯套軸套,73269098,40692,11068.49,11882.33,55010
INV-EU-2024-04327,WO-2024-M10-04327,2024-08-30,Netherlands,Taiwan,TW2066677096,P-M10-BN-002,電動車電池模組固定螺母 M10,73181699,18161,308.75,324.19,1741
INV-EU-2024-04338,WO-2024-CS-04338,2024-08-30,Netherlands,Taiwan,TW2066913114,P-CS-BS-003,底盤懸吊臂襯套軸套,73269098,21335,5803.22,6229.92,35341
INV-EU-2024-04344,WO-2024-M12-04344,2024-08-30,Netherlands,Taiwan,TW2066408496,P-M12-EH-001,高強度引擎汽缸頭螺栓 M12,73181595,39452,2515.11,2712.37,11317
INV-EU-2024-04373,WO-2024-M10-04373,2024-08-30,Netherlands,Taiwan,TW2066259332,P-M10-BN-002,電動車電池模組固定螺母 M10,73181699,39712,675.11,708.87,3510
INV-EU-2024-04390,WO-2024-M12-04390,2024-08-30,Italy,Taiwan,TW2066250687,P-M12-EH-001,高強度引擎汽缸頭螺栓 M12,73181595,37348,2380.97,2567.71,13571
INV-EU-2024-04394,WO-2024-M10-04394,2024-08-30,Netherlands,Taiwan,TW2066126551,P-M10-BN-002,電動車電池模組固定螺母 M10,73181699,18923,321.7,337.78,1840
INV-EU-2024-04399,WO-2024-CS-04399,2024-08-30,Italy,Taiwan,TW2066575579,P-CS-BS-003,底盤懸吊臂襯套軸套,73269098,30896,8403.93,9021.85,64626
INV-EU-2024-04424,WO-2024-M10-04424,2024-08-30,Italy,Taiwan,TW2066787015,P-M10-BN-002,電動車電池模組固定螺母 M10,73181699,21578,366.83,385.17,1122
INV-EU-2024-04428,WO-2024-M10-04428,2024-08-30,Netherlands,Taiwan,TW2066577332,P-M10-BN-002,電動車電池模組固定螺母 M10,73181699,25133,427.27,448.63,2785
INV-EU-2024-04439,WO-2024-M10-04439,2024-08-30,Italy,Taiwan,TW2066549173,P-M10-BN-002,電動車電池模組固定螺母 M10,73181699,45258,769.4,807.87,5424
INV-EU-2024-04451,WO-2024-M10-04451,2024-08-30,France,Taiwan,TW2066778476,P-M10-BN-002,電動車電池模組固定螺母 M10,73181699,21644,367.95,386.35,1460
INV-EU-2024-04455,WO-2024-M12-04455,2024-08-30,Germany,Taiwan,TW2066403511,P-M12-EH-001,高強度引擎汽缸頭螺栓 M12,73181595,16814,1071.91,1155.98,5906
INV-EU-2024-04461,WO-2024-M10-04461,2024-08-30,Spain,Taiwan,TW2066741217,P-M10-BN-002,電動車電池模組固定螺母 M10,73181699,38966,662.43,695.55,3967
INV-EU-2024-04348,WO-2024-CS-04348,2024-08-31,Italy,Taiwan,TW2066484886,P-CS-BS-003,底盤懸吊臂襯套軸套,73269098,26803,7290.67,7826.73,43598
INV-EU-2024-04350,WO-2024-CS-04350,2024-08-31,Spain,Taiwan,TW2066556893,P-CS-BS-003,底盤懸吊臂襯套軸套,73269098,40560,11032.54,11843.74,81861
INV-EU-2024-04352,WO-2024-M12-04352,2024-08-31,Germany,Taiwan,TW2066635903,P-M12-EH-001,高強度引擎汽缸頭螺栓 M12,73181595,11046,704.24,759.47,2352
INV-EU-2024-04354,WO-2024-M12-04354,2024-08-31,Spain,Taiwan,TW2066760847,P-M12-EH-001,高強度引擎汽缸頭螺栓 M12,73181595,34585,2204.85,2377.78,7827
INV-EU-2024-04355,WO-2024-M12-04355,2024-08-31,Spain,Taiwan,TW2066330791,P-M12-EH-001,高強度引擎汽缸頭螺栓 M12,73181595,36252,2311.07,2492.33,12179
INV-EU-2024-04356,WO-2024-M10-04356,2024-08-31,Netherlands,Taiwan,TW2066324880,P-M10-BN-002,電動車電池模組固定螺母 M10,73181699,17888,304.11,319.32,2183
INV-EU-2024-04364,WO-2024-M12-04364,2024-08-31,France,Taiwan,TW2066737215,P-M12-EH-001,高強度引擎汽缸頭螺栓 M12,73181595,25542,1628.31,1756.02,10518
INV-EU-2024-04365,WO-2024-CS-04365,2024-08-31,Netherlands,Taiwan,TW2066571237,P-CS-BS-003,底盤懸吊臂襯套軸套,73269098,39282,10684.92,11470.56,33016
INV-EU-2024-04366,WO-2024-M12-04366,2024-08-31,Netherlands,Taiwan,TW2066361290,P-M12-EH-001,高強度引擎汽缸頭螺栓 M12,73181595,11437,729.13,786.32,5628
INV-EU-2024-04375,WO-2024-M10-04375,2024-08-31,France,Taiwan,TW2066122480,P-M10-BN-002,電動車電池模組固定螺母 M10,73181699,12992,220.87,231.91,1274
INV-EU-2024-04381,WO-2024-M10-04381,2024-08-31,France,Taiwan,TW2066968536,P-M10-BN-002,電動車電池模組固定螺母 M10,73181699,32032,544.56,571.79,4340
INV-EU-2024-04409,WO-2024-CS-04409,2024-08-31,Netherlands,Taiwan,TW2066262100,P-CS-BS-003,底盤懸吊臂襯套軸套,73269098,24027,6535.54,7016.08,32416
INV-EU-2024-04416,WO-2024-M10-04416,2024-08-31,Netherlands,Taiwan,TW2066959973,P-M10-BN-002,電動車電池模組固定螺母 M10,73181699,46517,790.79,830.33,3779
INV-EU-2024-04425,WO-2024-M12-04425,2024-08-31,Netherlands,Taiwan,TW2066378678,P-M12-EH-001,高強度引擎汽缸頭螺栓 M12,73181595,48935,3119.64,3364.32,14287
INV-EU-2024-04434,WO-2024-CS-04434,2024-08-31,Germany,Taiwan,TW2066285590,P-CS-BS-003,底盤懸吊臂襯套軸套,73269098,28273,7690.51,8255.97,52218
INV-EU-2024-04436,WO-2024-CS-04436,2024-08-31,France,Taiwan,TW2066563361,P-CS-BS-003,底盤懸吊臂襯套軸套,73269098,16200,4406.47,4730.47,29038
INV-EU-2024-04437,WO-2024-M10-04437,2024-08-31,Netherlands,Taiwan,TW2066114448,P-M10-BN-002,電動車電池模組固定螺母 M10,73181699,34865,592.72,622.36,4018
INV-EU-2024-04454,WO-2024-CS-04454,2024-08-31,Spain,Taiwan,TW2066770442,P-CS-BS-003,底盤懸吊臂襯套軸套,73269098,26439,7191.54,7720.32,45882
INV-EU-2024-04476,WO-2024-M10-04476,2024-08-31,France,Taiwan,TW2066623684,P-M10-BN-002,電動車電池模組固定螺母 M10,73181699,13537,230.14,241.65,1249
INV-EU-2024-04359,WO-2024-M12-04359,2024-09-01,Netherlands,Taiwan,TW2066331717,P-M12-EH-001,高強度引擎汽缸頭螺栓 M12,73181595,37603,2397.25,2585.26,9277
INV-EU-2024-04370,WO-2024-M10-04370,2024-09-01,Italy,Taiwan,TW2066618770,P-M10-BN-002,電動車電池模組固定螺母 M10,73181699,19937,338.93,355.88,1823
INV-EU-2024-04372,WO-2024-CS-04372,2024-09-01,Netherlands,Taiwan,TW2066195641,P-CS-BS-003,底盤懸吊臂襯套軸套,73269098,18152,4937.6,5300.64,34810
INV-EU-2024-04378,WO-2024-M10-04378,2024-09-01,Netherlands,Taiwan,TW2066311971,P-M10-BN-002,電動車電池模組固定螺母 M10,73181699,26970,458.5,481.43,1856
INV-EU-2024-04383,WO-2024-M10-04383,2024-09-01,Netherlands,Taiwan,TW2066575511,P-M10-BN-002,電動車電池模組固定螺母 M10,73181699,16258,276.4,290.22,1279
INV-EU-2024-04397,WO-2024-CS-04397,2024-09-01,Spain,Taiwan,TW2066529129,P-CS-BS-003,底盤懸吊臂襯套軸套,73269098,23894,6499.41,6977.29,20798
INV-EU-2024-04400,WO-2024-M12-04400,2024-09-01,Spain,Taiwan,TW2066638627,P-M12-EH-001,高強度引擎汽缸頭螺栓 M12,73181595,39937,2546.04,2745.72,8987
INV-EU-2024-04403,WO-2024-M12-04403,2024-09-01,Italy,Taiwan,TW2066666063,P-M12-EH-001,高強度引擎汽缸頭螺栓 M12,73181595,34154,2177.32,2348.09,11605
INV-EU-2024-04404,WO-2024-M12-04404,2024-09-01,France,Taiwan,TW2066223294,P-M12-EH-001,高強度引擎汽缸頭螺栓 M12,73181595,40471,2580.08,2782.43,9726
INV-EU-2024-04408,WO-2024-CS-04408,2024-09-01,France,Taiwan,TW2066113553,P-CS-BS-003,底盤懸吊臂襯套軸套,73269098,28268,7689.1,8254.46,55822
INV-EU-2024-04418,WO-2024-M12-04418,2024-09-01,Spain,Taiwan,TW2066537726,P-M12-EH-001,高強度引擎汽缸頭螺栓 M12,73181595,35032,2233.32,2408.48,15610
INV-EU-2024-04419,WO-2024-M10-04419,2024-09-01,Spain,Taiwan,TW2066831852,P-M10-BN-002,電動車電池模組固定螺母 M10,73181699,42755,726.85,763.19,4441
INV-EU-2024-04435,WO-2024-CS-04435,2024-09-01,Netherlands,Taiwan,TW2066461643,P-CS-BS-003,底盤懸吊臂襯套軸套,73269098,47388,12889.57,13837.33,66381
INV-EU-2024-04442,WO-2024-CS-04442,2024-09-01,Germany,Taiwan,TW2066960799,P-CS-BS-003,底盤懸吊臂襯套軸套,73269098,23417,6369.44,6837.78,32930
INV-EU-2024-04473,WO-2024-CS-04473,2024-09-01,Spain,Taiwan,TW2066775993,P-CS-BS-003,底盤懸吊臂襯套軸套,73269098,46506,12649.69,13579.81,40605
INV-EU-2024-04480,WO-2024-CS-04480,2024-09-01,Germany,Taiwan,TW2066232255,P-CS-BS-003,底盤懸吊臂襯套軸套,73269098,34744,9450.59,10145.47,29202
INV-EU-2024-04377,WO-2024-M12-04377,2024-09-02,France,Taiwan,TW2066166084,P-M12-EH-001,高強度引擎汽缸頭螺栓 M12,73181595,27746,1768.87,1907.6,11020
INV-EU-2024-04392,WO-2024-CS-04392,2024-09-02,France,Taiwan,TW2066362138,P-CS-BS-003,底盤懸吊臂襯套軸套,73269098,43511,11835.25,12705.47,56335
INV-EU-2024-04395,WO-2024-M10-04395,2024-09-02,France,Taiwan,TW2066780445,P-M10-BN-002,電動車電池模組固定螺母 M10,73181699,45598,775.17,813.93,3682
INV-EU-2024-04401,WO-2024-M12-04401,2024-09-02,Netherlands,Taiwan,TW2066693864,P-M12-EH-001,高強度引擎汽缸頭螺栓 M12,73181595,16101,1026.5,1107.01,4578
INV-EU-2024-04413,WO-2024-CS-04413,2024-09-02,Netherlands,Taiwan,TW2066396762,P-CS-BS-003,底盤懸吊臂襯套軸套,73269098,34637,9421.36,10114.1,63123
INV-EU-2024-04426,WO-2024-M12-04426,2024-09-02,Spain,Taiwan,TW2066695543,P-M12-EH-001,高強度引擎汽缸頭螺栓 M12,73181595,38804,2473.77,2667.79,8757
INV-EU-2024-04427,WO-2024-CS-04427,2024-09-02,Spain,Taiwan,TW2066291871,P-CS-BS-003,底盤懸吊臂襯套軸套,73269098,14315,3893.78,4180.08,19274
INV-EU-2024-04429,WO-2024-CS-04429,2024-09-02,Spain,Taiwan,TW2066945387,P-CS-BS-003,底盤懸吊臂襯套軸套,73269098,18106,4924.93,5287.05,17237
INV-EU-2024-04441,WO-2024-CS-04441,2024-09-02,Netherlands,Taiwan,TW2066862305,P-CS-BS-003,底盤懸吊臂襯套軸套,73269098,24652,6705.53,7198.57,35069
INV-EU-2024-04445,WO-2024-M10-04445,2024-09-02,Italy,Taiwan,TW2066471837,P-M10-BN-002,電動車電池模組固定螺母 M10,73181699,32038,544.66,571.89,2331
INV-EU-2024-04449,WO-2024-M12-04449,2024-09-02,Netherlands,Taiwan,TW2066793787,P-M12-EH-001,高強度引擎汽缸頭螺栓 M12,73181595,32412,2066.27,2228.33,8843
INV-EU-2024-04450,WO-2024-M10-04450,2024-09-02,Spain,Taiwan,TW2066486154,P-M10-BN-002,電動車電池模組固定螺母 M10,73181699,13176,224,235.2,1366
INV-EU-2024-04456,WO-2024-M10-04456,2024-09-02,Netherlands,Taiwan,TW2066784893,P-M10-BN-002,電動車電池模組固定螺母 M10,73181699,20632,350.76,368.3,1522
INV-EU-2024-04463,WO-2024-M12-04463,2024-09-02,France,Taiwan,TW2066303037,P-M12-EH-001,高強度引擎汽缸頭螺栓 M12,73181595,22259,1419.07,1530.37,5974
INV-EU-2024-04468,WO-2024-CS-04468,2024-09-02,Netherlands,Taiwan,TW2066465924,P-CS-BS-003,底盤懸吊臂襯套軸套,73269098,46790,12726.97,13662.77,41108
INV-EU-2024-04478,WO-2024-CS-04478,2024-09-02,Italy,Taiwan,TW2066375642,P-CS-BS-003,底盤懸吊臂襯套軸套,73269098,20939,5695.66,6114.44,29845
INV-EU-2024-04484,WO-2024-M10-04484,2024-09-02,Italy,Taiwan,TW2066339756,P-M10-BN-002,電動車電池模組固定螺母 M10,73181699,38560,655.53,688.31,4392
INV-EU-2024-04490,WO-2024-CS-04490,2024-09-02,Spain,Taiwan,TW2066800029,P-CS-BS-003,底盤懸吊臂襯套軸套,73269098,35757,9726.13,10441.27,65845
INV-EU-2024-04493,WO-2024-M10-04493,2024-09-02,Netherlands,Taiwan,TW2066355884,P-M10-BN-002,電動車電池模組固定螺母 M10,73181699,19758,335.89,352.68,1356
INV-EU-2024-04499,WO-2024-M12-04499,2024-09-02,France,Taiwan,TW2066117440,P-M12-EH-001,高強度引擎汽缸頭螺栓 M12,73181595,15511,988.86,1066.41,5270
INV-EU-2024-04396,WO-2024-M12-04396,2024-09-03,Germany,Taiwan,TW2066340430,P-M12-EH-001,高強度引擎汽缸頭螺栓 M12,73181595,42914,2735.78,2950.35,17317
INV-EU-2024-04398,WO-2024-CS-04398,2024-09-03,Netherlands,Taiwan,TW2066169515,P-CS-BS-003,底盤懸吊臂襯套軸套,73269098,40398,10988.27,11796.23,77796
INV-EU-2024-04411,WO-2024-CS-04411,2024-09-03,Netherlands,Taiwan,TW2066979050,P-CS-BS-003,底盤懸吊臂襯套軸套,73269098,35976,9785.53,10505.05,77697
INV-EU-2024-04415,WO-2024-CS-04415,2024-09-03,France,Taiwan,TW2066541732,P-CS-BS-003,底盤懸吊臂襯套軸套,73269098,24306,6611.5,7097.62,50049
INV-EU-2024-04420,WO-2024-M10-04420,2024-09-03,France,Taiwan,TW2066400834,P-M10-BN-002,電動車電池模組固定螺母 M10,73181699,11340,192.78,202.42,746
INV-EU-2024-04422,WO-2024-M12-04422,2024-09-03,Italy,Taiwan,TW2066440751,P-M12-EH-001,高強度引擎汽缸頭螺栓 M12,73181595,43776,2790.75,3009.63,20065
INV-EU-2024-04440,WO-2024-M12-04440,2024-09-03,Spain,Taiwan,TW2066436400,P-M12-EH-001,高強度引擎汽缸頭螺栓 M12,73181595,22478,1432.98,1545.37,11306
INV-EU-2024-04443,WO-2024-CS-04443,2024-09-03,Spain,Taiwan,TW2066256372,P-CS-BS-003,底盤懸吊臂襯套軸套,73269098,10298,2801.24,3007.2,20084
INV-EU-2024-04452,WO-2024-CS-04452,2024-09-03,Netherlands,Taiwan,TW2066519747,P-CS-BS-003,底盤懸吊臂襯套軸套,73269098,43137,11733.38,12596.12,56906
INV-EU-2024-04457,WO-2024-CS-04457,2024-09-03,Italy,Taiwan,TW2066232586,P-CS-BS-003,底盤懸吊臂襯套軸套,73269098,14724,4005.02,4299.5,31759
INV-EU-2024-04470,WO-2024-M12-04470,2024-09-03,France,Taiwan,TW2066758822,P-M12-EH-001,高強度引擎汽缸頭螺栓 M12,73181595,28999,1848.71,1993.7,8670
INV-EU-2024-04471,WO-2024-CS-04471,2024-09-03,Spain,Taiwan,TW2066451647,P-CS-BS-003,底盤懸吊臂襯套軸套,73269098,13710,3729.19,4003.39,11635
INV-EU-2024-04479,WO-2024-M10-04479,2024-09-03,Netherlands,Taiwan,TW2066513645,P-M10-BN-002,電動車電池模組固定螺母 M10,73181699,43768,744.06,781.26,3712
INV-EU-2024-04520,WO-2024-M12-04520,2024-09-03,Spain,Taiwan,TW2066378846,P-M12-EH-001,高強度引擎汽缸頭螺栓 M12,73181595,31104,1982.93,2138.45,8427
INV-EU-2024-04521,WO-2024-M10-04521,2024-09-03,France,Taiwan,TW2066693259,P-M10-BN-002,電動車電池模組固定螺母 M10,73181699,11824,201.01,211.06,1427
INV-EU-2024-04522,WO-2024-M12-04522,2024-09-03,Spain,Taiwan,TW2066777009,P-M12-EH-001,高強度引擎汽缸頭螺栓 M12,73181595,48128,3068.18,3308.82,20188
INV-EU-2024-04527,WO-2024-M12-04527,2024-09-03,France,Taiwan,TW2066265839,P-M12-EH-001,高強度引擎汽缸頭螺栓 M12,73181595,19851,1265.54,1364.8,5986
INV-EU-2024-04421,WO-2024-CS-04421,2024-09-04,France,Taiwan,TW2066778504,P-CS-BS-003,底盤懸吊臂襯套軸套,73269098,42833,11650.7,12507.36,36932
INV-EU-2024-04423,WO-2024-M12-04423,2024-09-04,Germany,Taiwan,TW2066964825,P-M12-EH-001,高強度引擎汽缸頭螺栓 M12,73181595,36022,2296.41,2476.52,12193
INV-EU-2024-04446,WO-2024-CS-04446,2024-09-04,Spain,Taiwan,TW2066119731,P-CS-BS-003,底盤懸吊臂襯套軸套,73269098,42815,11645.78,12502.08,69292
INV-EU-2024-04458,WO-2024-M10-04458,2024-09-04,Netherlands,Taiwan,TW2066372636,P-M10-BN-002,電動車電池模組固定螺母 M10,73181699,13693,232.79,244.43,1552
INV-EU-2024-04475,WO-2024-M12-04475,2024-09-04,France,Taiwan,TW2066329972,P-M12-EH-001,高強度引擎汽缸頭螺栓 M12,73181595,49157,3133.82,3379.61,16389
INV-EU-2024-04487,WO-2024-M12-04487,2024-09-04,France,Taiwan,TW2066427987,P-M12-EH-001,高強度引擎汽缸頭螺栓 M12,73181595,44549,2840.03,3062.78,9031
INV-EU-2024-04489,WO-2024-M12-04489,2024-09-04,France,Taiwan,TW2066415480,P-M12-EH-001,高強度引擎汽缸頭螺栓 M12,73181595,19342,1233.09,1329.8,6325
INV-EU-2024-04492,WO-2024-CS-04492,2024-09-04,Germany,Taiwan,TW2066411774,P-CS-BS-003,底盤懸吊臂襯套軸套,73269098,32660,8883.79,9536.99,48505
INV-EU-2024-04505,WO-2024-M10-04505,2024-09-04,Netherlands,Taiwan,TW2066881865,P-M10-BN-002,電動車電池模組固定螺母 M10,73181699,26257,446.38,468.7,2347
INV-EU-2024-04507,WO-2024-CS-04507,2024-09-04,Italy,Taiwan,TW2066251331,P-CS-BS-003,底盤懸吊臂襯套軸套,73269098,15017,4084.76,4385.1,21608
INV-EU-2024-04515,WO-2024-M10-04515,2024-09-04,Spain,Taiwan,TW2066559647,P-M10-BN-002,電動車電池模組固定螺母 M10,73181699,34081,579.38,608.35,1813
INV-EU-2024-04516,WO-2024-M12-04516,2024-09-04,Germany,Taiwan,TW2066736292,P-M12-EH-001,高強度引擎汽缸頭螺栓 M12,73181595,19507,1243.6,1341.13,4228
INV-EU-2024-04431,WO-2024-M10-04431,2024-09-05,Italy,Taiwan,TW2066208183,P-M10-BN-002,電動車電池模組固定螺母 M10,73181699,22012,374.21,392.92,2776
INV-EU-2024-04432,WO-2024-M12-04432,2024-09-05,Germany,Taiwan,TW2066923267,P-M12-EH-001,高強度引擎汽缸頭螺栓 M12,73181595,39146,2495.62,2691.35,11155
INV-EU-2024-04433,WO-2024-CS-04433,2024-09-05,France,Taiwan,TW2066995635,P-CS-BS-003,底盤懸吊臂襯套軸套,73269098,40426,10996.12,11804.64,80821
INV-EU-2024-04438,WO-2024-M12-04438,2024-09-05,Germany,Taiwan,TW2066223925,P-M12-EH-001,高強度引擎汽缸頭螺栓 M12,73181595,44433,2832.66,3054.82,11868
INV-EU-2024-04453,WO-2024-CS-04453,2024-09-05,Germany,Taiwan,TW2066790428,P-CS-BS-003,底盤懸吊臂襯套軸套,73269098,16259,4422.46,4747.64,25031
INV-EU-2024-04460,WO-2024-M12-04460,2024-09-05,Spain,Taiwan,TW2066397971,P-M12-EH-001,高強度引擎汽缸頭螺栓 M12,73181595,18649,1188.93,1282.18,3864
INV-EU-2024-04466,WO-2024-M12-04466,2024-09-05,Netherlands,Taiwan,TW2066519076,P-M12-EH-001,高強度引擎汽缸頭螺栓 M12,73181595,40106,2556.82,2757.35,18357
INV-EU-2024-04472,WO-2024-CS-04472,2024-09-05,Spain,Taiwan,TW2066622642,P-CS-BS-003,底盤懸吊臂襯套軸套,73269098,21362,5810.5,6237.74,45263
INV-EU-2024-04474,WO-2024-M12-04474,2024-09-05,Netherlands,Taiwan,TW2066602486,P-M12-EH-001,高強度引擎汽缸頭螺栓 M12,73181595,36433,2322.61,2504.78,8895
INV-EU-2024-04482,WO-2024-M10-04482,2024-09-05,France,Taiwan,TW2066425184,P-M10-BN-002,電動車電池模組固定螺母 M10,73181699,22735,386.51,405.84,1743
INV-EU-2024-04485,WO-2024-M10-04485,2024-09-05,Netherlands,Taiwan,TW2066950003,P-M10-BN-002,電動車電池模組固定螺母 M10,73181699,44647,759.01,796.96,6003
INV-EU-2024-04486,WO-2024-CS-04486,2024-09-05,Spain,Taiwan,TW2066532782,P-CS-BS-003,底盤懸吊臂襯套軸套,73269098,32433,8821.93,9470.59,53813
INV-EU-2024-04496,WO-2024-M10-04496,2024-09-05,Netherlands,Taiwan,TW2066460667,P-M10-BN-002,電動車電池模組固定螺母 M10,73181699,22307,379.22,398.18,1604
INV-EU-2024-04498,WO-2024-M12-04498,2024-09-05,Italy,Taiwan,TW2066108949,P-M12-EH-001,高強度引擎汽缸頭螺栓 M12,73181595,38293,2441.23,2632.7,17723
INV-EU-2024-04500,WO-2024-CS-04500,2024-09-05,Germany,Taiwan,TW2066427937,P-CS-BS-003,底盤懸吊臂襯套軸套,73269098,24040,6539.05,7019.85,47342
INV-EU-2024-04503,WO-2024-M10-04503,2024-09-05,Italy,Taiwan,TW2066277795,P-M10-BN-002,電動車電池模組固定螺母 M10,73181699,31159,529.71,556.2,4205
INV-EU-2024-04514,WO-2024-M10-04514,2024-09-05,Italy,Taiwan,TW2066400301,P-M10-BN-002,電動車電池模組固定螺母 M10,73181699,39433,670.37,703.89,3921
INV-EU-2024-04518,WO-2024-CS-04518,2024-09-05,France,Taiwan,TW2066957046,P-CS-BS-003,底盤懸吊臂襯套軸套,73269098,49095,13354.01,14335.91,41798
INV-EU-2024-04519,WO-2024-M12-04519,2024-09-05,Spain,Taiwan,TW2066724453,P-M12-EH-001,高強度引擎汽缸頭螺栓 M12,73181595,30898,1969.78,2124.27,7130
INV-EU-2024-04537,WO-2024-CS-04537,2024-09-05,Spain,Taiwan,TW2066247349,P-CS-BS-003,底盤懸吊臂襯套軸套,73269098,47196,12837.45,13781.37,74072
INV-EU-2024-04544,WO-2024-M12-04544,2024-09-05,Spain,Taiwan,TW2066252205,P-M12-EH-001,高強度引擎汽缸頭螺栓 M12,73181595,10680,680.88,734.28,4895
INV-EU-2024-04545,WO-2024-CS-04545,2024-09-05,France,Taiwan,TW2066654001,P-CS-BS-003,底盤懸吊臂襯套軸套,73269098,26620,7240.72,7773.12,26935
INV-EU-2024-04552,WO-2024-M10-04552,2024-09-05,France,Taiwan,TW2066426171,P-M10-BN-002,電動車電池模組固定螺母 M10,73181699,30642,520.92,546.97,1666
INV-EU-2024-04557,WO-2024-CS-04557,2024-09-05,Italy,Taiwan,TW2066522322,P-CS-BS-003,底盤懸吊臂襯套軸套,73269098,22607,6149.24,6601.38,35173
INV-EU-2024-04558,WO-2024-CS-04558,2024-09-05,Germany,Taiwan,TW2066135002,P-CS-BS-003,底盤懸吊臂襯套軸套,73269098,29314,7973.62,8559.9,38911
INV-EU-2024-04566,WO-2024-CS-04566,2024-09-05,Spain,Taiwan,TW2066462727,P-CS-BS-003,底盤懸吊臂襯套軸套,73269098,16329,4441.56,4768.14,17100
INV-EU-2024-04444,WO-2024-M12-04444,2024-09-06,France,Taiwan,TW2066794790,P-M12-EH-001,高強度引擎汽缸頭螺栓 M12,73181595,38657,2464.41,2657.69,13997
INV-EU-2024-04447,WO-2024-M10-04447,2024-09-06,Germany,Taiwan,TW2066496687,P-M10-BN-002,電動車電池模組固定螺母 M10,73181699,48970,832.5,874.13,5735
INV-EU-2024-04448,WO-2024-CS-04448,2024-09-06,Italy,Taiwan,TW2066272202,P-CS-BS-003,底盤懸吊臂襯套軸套,73269098,36404,9901.97,10630.05,50401
INV-EU-2024-04459,WO-2024-M12-04459,2024-09-06,Germany,Taiwan,TW2066428553,P-M12-EH-001,高強度引擎汽缸頭螺栓 M12,73181595,15748,1003.99,1082.73,5220
INV-EU-2024-04464,WO-2024-M10-04464,2024-09-06,Germany,Taiwan,TW2066781598,P-M10-BN-002,電動車電池模組固定螺母 M10,73181699,43539,740.18,777.19,4885
INV-EU-2024-04465,WO-2024-M12-04465,2024-09-06,France,Taiwan,TW2066571927,P-M12-EH-001,高強度引擎汽缸頭螺栓 M12,73181595,10548,672.46,725.2,3523
INV-EU-2024-04469,WO-2024-CS-04469,2024-09-06,France,Taiwan,TW2066360323,P-CS-BS-003,底盤懸吊臂襯套軸套,73269098,19938,5423.34,5822.1,19090
INV-EU-2024-04477,WO-2024-M12-04477,2024-09-06,Germany,Taiwan,TW2066728215,P-M12-EH-001,高強度引擎汽缸頭螺栓 M12,73181595,22859,1457.29,1571.59,6091
INV-EU-2024-04481,WO-2024-M10-04481,2024-09-06,Germany,Taiwan,TW2066879869,P-M10-BN-002,電動車電池模組固定螺母 M10,73181699,23854,405.52,425.8,3191
INV-EU-2024-04483,WO-2024-M10-04483,2024-09-06,France,Taiwan,TW2066382432,P-M10-BN-002,電動車電池模組固定螺母 M10,73181699,27809,472.76,496.4,3696
INV-EU-2024-04495,WO-2024-CS-04495,2024-09-06,France,Taiwan,TW2066499153,P-CS-BS-003,底盤懸吊臂襯套軸套,73269098,10380,2823.38,3030.98,20695
INV-EU-2024-04497,WO-2024-M12-04497,2024-09-06,France,Taiwan,TW2066451962,P-M12-EH-001,高強度引擎汽缸頭螺栓 M12,73181595,16962,1081.38,1166.19,8013
INV-EU-2024-04501,WO-2024-M10-04501,2024-09-06,Spain,Taiwan,TW2066860763,P-M10-BN-002,電動車電池模組固定螺母 M10,73181699,46355,788.05,827.45,4767
INV-EU-2024-04509,WO-2024-M12-04509,2024-09-06,Germany,Taiwan,TW2066896015,P-M12-EH-001,高強度引擎汽缸頭螺栓 M12,73181595,31320,1996.66,2153.26,6169
INV-EU-2024-04510,WO-2024-M12-04510,2024-09-06,Italy,Taiwan,TW2066359752,P-M12-EH-001,高強度引擎汽缸頭螺栓 M12,73181595,44861,2859.9,3084.2,16330
INV-EU-2024-04511,WO-2024-M10-04511,2024-09-06,Italy,Taiwan,TW2066312409,P-M10-BN-002,電動車電池模組固定螺母 M10,73181699,14188,241.2,253.26,1435
INV-EU-2024-04526,WO-2024-CS-04526,2024-09-06,France,Taiwan,TW2066773149,P-CS-BS-003,底盤懸吊臂襯套軸套,73269098,28741,7817.74,8392.56,42137
INV-EU-2024-04531,WO-2024-M10-04531,2024-09-06,France,Taiwan,TW2066292012,P-M10-BN-002,電動車電池模組固定螺母 M10,73181699,41225,700.84,735.88,3048
INV-EU-2024-04532,WO-2024-M12-04532,2024-09-06,Netherlands,Taiwan,TW2066171854,P-M12-EH-001,高強度引擎汽缸頭螺栓 M12,73181595,34149,2177.03,2347.78,14041
INV-EU-2024-04536,WO-2024-M12-04536,2024-09-06,Germany,Taiwan,TW2066199454,P-M12-EH-001,高強度引擎汽缸頭螺栓 M12,73181595,13904,886.42,955.94,4715
INV-EU-2024-04542,WO-2024-M12-04542,2024-09-06,Spain,Taiwan,TW2066457544,P-M12-EH-001,高強度引擎汽缸頭螺栓 M12,73181595,42608,2716.3,2929.34,9452
INV-EU-2024-04549,WO-2024-M12-04549,2024-09-06,France,Taiwan,TW2066163383,P-M12-EH-001,高強度引擎汽缸頭螺栓 M12,73181595,35860,2286.1,2465.4,10653
INV-EU-2024-04554,WO-2024-CS-04554,2024-09-06,Italy,Taiwan,TW2066445659,P-CS-BS-003,底盤懸吊臂襯套軸套,73269098,10202,2775.04,2979.08,20424
INV-EU-2024-04563,WO-2024-M12-04563,2024-09-06,Netherlands,Taiwan,TW2066170529,P-M12-EH-001,高強度引擎汽缸頭螺栓 M12,73181595,26356,1680.24,1812.02,12971
INV-EU-2024-04572,WO-2024-M12-04572,2024-09-06,Germany,Taiwan,TW2066791401,P-M12-EH-001,高強度引擎汽缸頭螺栓 M12,73181595,11618,740.65,798.74,2296
INV-EU-2024-04462,WO-2024-CS-04462,2024-09-07,Italy,Taiwan,TW2066162527,P-CS-BS-003,底盤懸吊臂襯套軸套,73269098,32512,8843.49,9493.73,27149
INV-EU-2024-04467,WO-2024-M12-04467,2024-09-07,Germany,Taiwan,TW2066349354,P-M12-EH-001,高強度引擎汽缸頭螺栓 M12,73181595,31214,1989.93,2146,11123
INV-EU-2024-04491,WO-2024-CS-04491,2024-09-07,Italy,Taiwan,TW2066336517,P-CS-BS-003,底盤懸吊臂襯套軸套,73269098,46764,12719.96,13655.24,46555
INV-EU-2024-04504,WO-2024-M10-04504,2024-09-07,Netherlands,Taiwan,TW2066684207,P-M10-BN-002,電動車電池模組固定螺母 M10,73181699,20548,349.32,366.79,1739
INV-EU-2024-04506,WO-2024-CS-04506,2024-09-07,Netherlands,Taiwan,TW2066657901,P-CS-BS-003,底盤懸吊臂襯套軸套,73269098,39749,10811.86,11606.84,75034
INV-EU-2024-04508,WO-2024-CS-04508,2024-09-07,Netherlands,Taiwan,TW2066778614,P-CS-BS-003,底盤懸吊臂襯套軸套,73269098,15877,4318.69,4636.23,19909
INV-EU-2024-04540,WO-2024-CS-04540,2024-09-07,Netherlands,Taiwan,TW2066853914,P-CS-BS-003,底盤懸吊臂襯套軸套,73269098,34408,9359.22,10047.38,32757
INV-EU-2024-04541,WO-2024-CS-04541,2024-09-07,Spain,Taiwan,TW2066825848,P-CS-BS-003,底盤懸吊臂襯套軸套,73269098,27593,7505.4,8057.26,34074
INV-EU-2024-04550,WO-2024-CS-04550,2024-09-07,France,Taiwan,TW2066914374,P-CS-BS-003,底盤懸吊臂襯套軸套,73269098,16137,4389.44,4712.18,19269
INV-EU-2024-04568,WO-2024-M12-04568,2024-09-07,Italy,Taiwan,TW2066278547,P-M12-EH-001,高強度引擎汽缸頭螺栓 M12,73181595,11830,754.18,813.33,3635
INV-EU-2024-04570,WO-2024-M12-04570,2024-09-07,Italy,Taiwan,TW2066293788,P-M12-EH-001,高強度引擎汽缸頭螺栓 M12,73181595,38157,2432.53,2623.32,15689
INV-EU-2024-04584,WO-2024-CS-04584,2024-09-07,Netherlands,Taiwan,TW2066244307,P-CS-BS-003,底盤懸吊臂襯套軸套,73269098,16204,4407.61,4731.69,27900
INV-EU-2024-04591,WO-2024-M10-04591,2024-09-07,Netherlands,Taiwan,TW2066981896,P-M10-BN-002,電動車電池模組固定螺母 M10,73181699,14589,248.02,260.42,1512
INV-EU-2024-04607,WO-2024-CS-04607,2024-09-07,Italy,Taiwan,TW2066261940,P-CS-BS-003,底盤懸吊臂襯套軸套,73269098,22514,6123.89,6574.17,32579
INV-EU-2024-04488,WO-2024-M12-04488,2024-09-08,France,Taiwan,TW2066382969,P-M12-EH-001,高強度引擎汽缸頭螺栓 M12,73181595,16358,1042.88,1124.67,8103
INV-EU-2024-04502,WO-2024-M12-04502,2024-09-08,Netherlands,Taiwan,TW2066874223,P-M12-EH-001,高強度引擎汽缸頭螺栓 M12,73181595,49364,3146.99,3393.81,11612
INV-EU-2024-04517,WO-2024-CS-04517,2024-09-08,Germany,Taiwan,TW2066448452,P-CS-BS-003,底盤懸吊臂襯套軸套,73269098,36727,9989.77,10724.31,79218
INV-EU-2024-04523,WO-2024-M12-04523,2024-09-08,Spain,Taiwan,TW2066471969,P-M12-EH-001,高強度引擎汽缸頭螺栓 M12,73181595,31892,2033.15,2192.61,7990
INV-EU-2024-04524,WO-2024-CS-04524,2024-09-08,Spain,Taiwan,TW2066423070,P-CS-BS-003,底盤懸吊臂襯套軸套,73269098,13550,3685.69,3956.69,24067
INV-EU-2024-04530,WO-2024-M10-04530,2024-09-08,Netherlands,Taiwan,TW2066812944,P-M10-BN-002,電動車電池模組固定螺母 M10,73181699,47401,805.83,846.12,2941
INV-EU-2024-04547,WO-2024-M12-04547,2024-09-08,Netherlands,Taiwan,TW2066961428,P-M12-EH-001,高強度引擎汽缸頭螺栓 M12,73181595,40335,2571.39,2773.07,10439
INV-EU-2024-04553,WO-2024-M12-04553,2024-09-08,France,Taiwan,TW2066388370,P-M12-EH-001,高強度引擎汽缸頭螺栓 M12,73181595,32774,2089.35,2253.22,9778
INV-EU-2024-04560,WO-2024-CS-04560,2024-09-08,Netherlands,Taiwan,TW2066136365,P-CS-BS-003,底盤懸吊臂襯套軸套,73269098,34348,9342.76,10029.72,51385
INV-EU-2024-04565,WO-2024-M12-04565,2024-09-08,France,Taiwan,TW2066730877,P-M12-EH-001,高強度引擎汽缸頭螺栓 M12,73181595,40881,2606.19,2810.6,8209
INV-EU-2024-04597,WO-2024-CS-04597,2024-09-08,Netherlands,Taiwan,TW2066115644,P-CS-BS-003,底盤懸吊臂襯套軸套,73269098,35736,9720.46,10435.18,63863
INV-EU-2024-04598,WO-2024-M10-04598,2024-09-08,Netherlands,Taiwan,TW2066320496,P-M10-BN-002,電動車電池模組固定螺母 M10,73181699,49488,841.3,883.37,2608
INV-EU-2024-04603,WO-2024-M12-04603,2024-09-08,Italy,Taiwan,TW2066950966,P-M12-EH-001,高強度引擎汽缸頭螺栓 M12,73181595,35238,2246.46,2422.65,16219
INV-EU-2024-04617,WO-2024-M12-04617,2024-09-08,France,Taiwan,TW2066905884,P-M12-EH-001,高強度引擎汽缸頭螺栓 M12,73181595,34593,2205.31,2378.28,10761
INV-EU-2024-04619,WO-2024-M12-04619,2024-09-08,Netherlands,Taiwan,TW2066108336,P-M12-EH-001,高強度引擎汽缸頭螺栓 M12,73181595,33926,2162.84,2332.47,7094
INV-EU-2024-04621,WO-2024-M12-04621,2024-09-08,Italy,Taiwan,TW2066457274,P-M12-EH-001,高強度引擎汽缸頭螺栓 M12,73181595,26727,1703.89,1837.53,5179
INV-EU-2024-04627,WO-2024-M12-04627,2024-09-08,Netherlands,Taiwan,TW2066722013,P-M12-EH-001,高強度引擎汽缸頭螺栓 M12,73181595,31974,2038.37,2198.24,14085
INV-EU-2024-04629,WO-2024-M12-04629,2024-09-08,Spain,Taiwan,TW2066133516,P-M12-EH-001,高強度引擎汽缸頭螺栓 M12,73181595,41976,2676.01,2885.89,17313
INV-EU-2024-04631,WO-2024-CS-04631,2024-09-08,Netherlands,Taiwan,TW2066572009,P-CS-BS-003,底盤懸吊臂襯套軸套,73269098,18307,4979.51,5345.65,26939
INV-EU-2024-04494,WO-2024-M10-04494,2024-09-09,France,Taiwan,TW2066475788,P-M10-BN-002,電動車電池模組固定螺母 M10,73181699,46990,798.84,838.78,5128
INV-EU-2024-04512,WO-2024-CS-04512,2024-09-09,Italy,Taiwan,TW2066262696,P-CS-BS-003,底盤懸吊臂襯套軸套,73269098,42147,11464.25,12307.19,47691
INV-EU-2024-04513,WO-2024-CS-04513,2024-09-09,Germany,Taiwan,TW2066253741,P-CS-BS-003,底盤懸吊臂襯套軸套,73269098,44256,12037.86,12922.98,81737
INV-EU-2024-04528,WO-2024-M12-04528,2024-09-09,France,Taiwan,TW2066893855,P-M12-EH-001,高強度引擎汽缸頭螺栓 M12,73181595,19449,1239.92,1337.16,9138
INV-EU-2024-04533,WO-2024-M10-04533,2024-09-09,Germany,Taiwan,TW2066411881,P-M10-BN-002,電動車電池模組固定螺母 M10,73181699,14072,239.23,251.19,822
INV-EU-2024-04535,WO-2024-M10-04535,2024-09-09,Spain,Taiwan,TW2066445355,P-M10-BN-002,電動車電池模組固定螺母 M10,73181699,23291,395.96,415.76,1789
INV-EU-2024-04559,WO-2024-M10-04559,2024-09-09,Germany,Taiwan,TW2066497531,P-M10-BN-002,電動車電池模組固定螺母 M10,73181699,49009,833.16,874.82,3282
INV-EU-2024-04562,WO-2024-CS-04562,2024-09-09,Spain,Taiwan,TW2066153947,P-CS-BS-003,底盤懸吊臂襯套軸套,73269098,23345,6349.96,6816.86,44957
INV-EU-2024-04567,WO-2024-CS-04567,2024-09-09,Germany,Taiwan,TW2066248666,P-CS-BS-003,底盤懸吊臂襯套軸套,73269098,30320,8247.29,8853.69,56411
INV-EU-2024-04589,WO-2024-CS-04589,2024-09-09,Germany,Taiwan,TW2066279425,P-CS-BS-003,底盤懸吊臂襯套軸套,73269098,30591,8320.78,8932.6,29788
INV-EU-2024-04594,WO-2024-M12-04594,2024-09-09,Germany,Taiwan,TW2066247606,P-M12-EH-001,高強度引擎汽缸頭螺栓 M12,73181595,9996,637.27,687.25,4002
INV-EU-2024-04595,WO-2024-M10-04595,2024-09-09,France,Taiwan,TW2066222662,P-M10-BN-002,電動車電池模組固定螺母 M10,73181699,36552,621.39,652.46,2118
INV-EU-2024-04600,WO-2024-M10-04600,2024-09-09,Spain,Taiwan,TW2066310023,P-M10-BN-002,電動車電池模組固定螺母 M10,73181699,11518,195.81,205.6,638
INV-EU-2024-04604,WO-2024-M12-04604,2024-09-09,Spain,Taiwan,TW2066731295,P-M12-EH-001,高強度引擎汽缸頭螺栓 M12,73181595,29978,1911.15,2061.04,7873
INV-EU-2024-04613,WO-2024-M12-04613,2024-09-09,Italy,Taiwan,TW2066233340,P-M12-EH-001,高強度引擎汽缸頭螺栓 M12,73181595,17038,1086.2,1171.39,8407
INV-EU-2024-04614,WO-2024-CS-04614,2024-09-09,Italy,Taiwan,TW2066377991,P-CS-BS-003,底盤懸吊臂襯套軸套,73269098,39042,10619.56,11400.4,44389
INV-EU-2024-04624,WO-2024-M12-04624,2024-09-09,France,Taiwan,TW2066321466,P-M12-EH-001,高強度引擎汽缸頭螺栓 M12,73181595,12260,781.61,842.91,2641
INV-EU-2024-04639,WO-2024-M10-04639,2024-09-09,Spain,Taiwan,TW2066525622,P-M10-BN-002,電動車電池模組固定螺母 M10,73181699,42004,714.07,749.77,3570
INV-EU-2024-04525,WO-2024-CS-04525,2024-09-10,Spain,Taiwan,TW2066345834,P-CS-BS-003,底盤懸吊臂襯套軸套,73269098,49096,13354.3,14336.22,104163
INV-EU-2024-04529,WO-2024-M12-04529,2024-09-10,France,Taiwan,TW2066999459,P-M12-EH-001,高強度引擎汽缸頭螺栓 M12,73181595,30018,1913.69,2063.78,7520
INV-EU-2024-04548,WO-2024-M10-04548,2024-09-10,France,Taiwan,TW2066730831,P-M10-BN-002,電動車電池模組固定螺母 M10,73181699,34815,591.86,621.45,4652
INV-EU-2024-04551,WO-2024-M10-04551,2024-09-10,Germany,Taiwan,TW2066868784,P-M10-BN-002,電動車電池模組固定螺母 M10,73181699,32505,552.6,580.23,1906
INV-EU-2024-04556,WO-2024-CS-04556,2024-09-10,Italy,Taiwan,TW2066426856,P-CS-BS-003,底盤懸吊臂襯套軸套,73269098,10468,2847.4,3056.76,11560
INV-EU-2024-04573,WO-2024-M12-04573,2024-09-10,Germany,Taiwan,TW2066746186,P-M12-EH-001,高強度引擎汽缸頭螺栓 M12,73181595,21464,1368.37,1475.69,9373
INV-EU-2024-04575,WO-2024-CS-04575,2024-09-10,France,Taiwan,TW2066548418,P-CS-BS-003,底盤懸吊臂襯套軸套,73269098,12214,3322.35,3566.63,10864
INV-EU-2024-04576,WO-2024-M10-04576,2024-09-10,Italy,Taiwan,TW2066160752,P-M10-BN-002,電動車電池模組固定螺母 M10,73181699,23720,403.25,423.41,2302
INV-EU-2024-04606,WO-2024-M10-04606,2024-09-10,Italy,Taiwan,TW2066701423,P-M10-BN-002,電動車電池模組固定螺母 M10,73181699,48531,825.03,866.28,3877
INV-EU-2024-04615,WO-2024-M12-04615,2024-09-10,Spain,Taiwan,TW2066619803,P-M12-EH-001,高強度引擎汽缸頭螺栓 M12,73181595,17311,1103.61,1190.16,5418
INV-EU-2024-04632,WO-2024-CS-04632,2024-09-10,Italy,Taiwan,TW2066840186,P-CS-BS-003,底盤懸吊臂襯套軸套,73269098,44970,12232.06,13131.46,81098
INV-EU-2024-04633,WO-2024-CS-04633,2024-09-10,France,Taiwan,TW2066370276,P-CS-BS-003,底盤懸吊臂襯套軸套,73269098,44984,12235.84,13135.52,97152
INV-EU-2024-04634,WO-2024-CS-04634,2024-09-10,France,Taiwan,TW2066943829,P-CS-BS-003,底盤懸吊臂襯套軸套,73269098,45066,12257.98,13159.3,70973
INV-EU-2024-04635,WO-2024-CS-04635,2024-09-10,Netherlands,Taiwan,TW2066343540,P-CS-BS-003,底盤懸吊臂襯套軸套,73269098,10829,2945.5,3162.08,12017
INV-EU-2024-04642,WO-2024-CS-04642,2024-09-10,France,Taiwan,TW2066473906,P-CS-BS-003,底盤懸吊臂襯套軸套,73269098,35699,9710.15,10424.13,63892
INV-EU-2024-04649,WO-2024-M12-04649,2024-09-10,Italy,Taiwan,TW2066374345,P-M12-EH-001,高強度引擎汽缸頭螺栓 M12,73181595,19642,1252.21,1350.42,9040
INV-EU-2024-04655,WO-2024-M12-04655,2024-09-10,Spain,Taiwan,TW2066872318,P-M12-EH-001,高強度引擎汽缸頭螺栓 M12,73181595,44145,2814.3,3035.03,10975
INV-EU-2024-04665,WO-2024-M10-04665,2024-09-10,Spain,Taiwan,TW2066538687,P-M10-BN-002,電動車電池模組固定螺母 M10,73181699,18278,310.74,326.28,1006
INV-EU-2024-04667,WO-2024-M10-04667,2024-09-10,Germany,Taiwan,TW2066800544,P-M10-BN-002,電動車電池模組固定螺母 M10,73181699,48492,824.37,865.59,3874
INV-EU-2024-04534,WO-2024-CS-04534,2024-09-11,France,Taiwan,TW2066571906,P-CS-BS-003,底盤懸吊臂襯套軸套,73269098,9974,2713.19,2912.67,21407
INV-EU-2024-04538,WO-2024-M10-04538,2024-09-11,France,Taiwan,TW2066133066,P-M10-BN-002,電動車電池模組固定螺母 M10,73181699,48041,816.7,857.54,5202
INV-EU-2024-04539,WO-2024-CS-04539,2024-09-11,Spain,Taiwan,TW2066152695,P-CS-BS-003,底盤懸吊臂襯套軸套,73269098,25389,6905.98,7413.76,39018
INV-EU-2024-04543,WO-2024-M10-04543,2024-09-11,Netherlands,Taiwan,TW2066996465,P-M10-BN-002,電動車電池模組固定螺母 M10,73181699,18134,308.28,323.69,1603
INV-EU-2024-04546,WO-2024-M10-04546,2024-09-11,France,Taiwan,TW2066219419,P-M10-BN-002,電動車電池模組固定螺母 M10,73181699,14295,243.02,255.17,1545
INV-EU-2024-04561,WO-2024-CS-04561,2024-09-11,France,Taiwan,TW2066821392,P-CS-BS-003,底盤懸吊臂襯套軸套,73269098,14797,4024.8,4320.74,17668
INV-EU-2024-04569,WO-2024-CS-04569,2024-09-11,Italy,Taiwan,TW2066589285,P-CS-BS-003,底盤懸吊臂襯套軸套,73269098,44104,11996.54,12878.62,94772
INV-EU-2024-04577,WO-2024-M12-04577,2024-09-11,Spain,Taiwan,TW2066165139,P-M12-EH-001,高強度引擎汽缸頭螺栓 M12,73181595,25046,1596.72,1721.95,9516
INV-EU-2024-04582,WO-2024-M12-04582,2024-09-11,Germany,Taiwan,TW2066758448,P-M12-EH-001,高強度引擎汽缸頭螺栓 M12,73181595,39146,2495.62,2691.35,19341
INV-EU-2024-04587,WO-2024-M12-04587,2024-09-11,Italy,Taiwan,TW2066950698,P-M12-EH-001,高強度引擎汽缸頭螺栓 M12,73181595,44752,2852.98,3076.74,22424
INV-EU-2024-04588,WO-2024-M10-04588,2024-09-11,Spain,Taiwan,TW2066963347,P-M10-BN-002,電動車電池模組固定螺母 M10,73181699,24511,416.69,437.52,2370
INV-EU-2024-04590,WO-2024-M10-04590,2024-09-11,Spain,Taiwan,TW2066269814,P-M10-BN-002,電動車電池模組固定螺母 M10,73181699,39338,668.76,702.2,3972
INV-EU-2024-04593,WO-2024-M12-04593,2024-09-11,Spain,Taiwan,TW2066460590,P-M12-EH-001,高強度引擎汽缸頭螺栓 M12,73181595,27154,1731.13,1866.9,6232
INV-EU-2024-04599,WO-2024-M10-04599,2024-09-11,Netherlands,Taiwan,TW2066195513,P-M10-BN-002,電動車電池模組固定螺母 M10,73181699,48275,820.68,861.71,4292
INV-EU-2024-04601,WO-2024-M10-04601,2024-09-11,Germany,Taiwan,TW2066992585,P-M10-BN-002,電動車電池模組固定螺母 M10,73181699,27298,464.08,487.28,1559
INV-EU-2024-04602,WO-2024-M12-04602,2024-09-11,France,Taiwan,TW2066582255,P-M12-EH-001,高強度引擎汽缸頭螺栓 M12,73181595,35146,2240.6,2416.33,13197
INV-EU-2024-04609,WO-2024-M10-04609,2024-09-11,Spain,Taiwan,TW2066528153,P-M10-BN-002,電動車電池模組固定螺母 M10,73181699,35182,598.1,628,4055
INV-EU-2024-04612,WO-2024-CS-04612,2024-09-11,Spain,Taiwan,TW2066362520,P-CS-BS-003,底盤懸吊臂襯套軸套,73269098,33898,9220.35,9898.31,48130
INV-EU-2024-04623,WO-2024-M12-04623,2024-09-11,Germany,Taiwan,TW2066345694,P-M12-EH-001,高強度引擎汽缸頭螺栓 M12,73181595,44645,2846.18,3069.4,15625
INV-EU-2024-04630,WO-2024-M10-04630,2024-09-11,Italy,Taiwan,TW2066834560,P-M10-BN-002,電動車電池模組固定螺母 M10,73181699,40718,692.22,726.83,2235
INV-EU-2024-04643,WO-2024-CS-04643,2024-09-11,Italy,Taiwan,TW2066486994,P-CS-BS-003,底盤懸吊臂襯套軸套,73269098,39063,10625.14,11406.4,53869
INV-EU-2024-04645,WO-2024-M10-04645,2024-09-11,Germany,Taiwan,TW2066206956,P-M10-BN-002,電動車電池模組固定螺母 M10,73181699,27743,471.64,495.22,2914
INV-EU-2024-04654,WO-2024-M10-04654,2024-09-11,Netherlands,Taiwan,TW2066912427,P-M10-BN-002,電動車電池模組固定螺母 M10,73181699,36723,624.3,655.51,4057
INV-EU-2024-04666,WO-2024-M10-04666,2024-09-11,Netherlands,Taiwan,TW2066811018,P-M10-BN-002,電動車電池模組固定螺母 M10,73181699,23714,403.15,423.31,1374
INV-EU-2024-04555,WO-2024-M12-04555,2024-09-12,Netherlands,Taiwan,TW2066221671,P-M12-EH-001,高強度引擎汽缸頭螺栓 M12,73181595,11238,716.44,772.63,5480
INV-EU-2024-04564,WO-2024-CS-04564,2024-09-12,Netherlands,Taiwan,TW2066321094,P-CS-BS-003,底盤懸吊臂襯套軸套,73269098,17202,4679.09,5023.13,14926
INV-EU-2024-04571,WO-2024-CS-04571,2024-09-12,Germany,Taiwan,TW2066636924,P-CS-BS-003,底盤懸吊臂襯套軸套,73269098,49506,13465.82,14455.94,92106
INV-EU-2024-04574,WO-2024-M10-04574,2024-09-12,Netherlands,Taiwan,TW2066449859,P-M10-BN-002,電動車電池模組固定螺母 M10,73181699,13154,223.62,234.8,1513
INV-EU-2024-04580,WO-2024-M10-04580,2024-09-12,Italy,Taiwan,TW2066714618,P-M10-BN-002,電動車電池模組固定螺母 M10,73181699,38265,650.51,683.04,4423
INV-EU-2024-04581,WO-2024-M12-04581,2024-09-12,Italy,Taiwan,TW2066724372,P-M12-EH-001,高強度引擎汽缸頭螺栓 M12,73181595,13829,881.6,950.75,4989
INV-EU-2024-04585,WO-2024-M12-04585,2024-09-12,France,Taiwan,TW2066187700,P-M12-EH-001,高強度引擎汽缸頭螺栓 M12,73181595,25227,1608.25,1734.38,5291
INV-EU-2024-04611,WO-2024-M12-04611,2024-09-12,France,Taiwan,TW2066847781,P-M12-EH-001,高強度引擎汽缸頭螺栓 M12,73181595,13950,889.36,959.11,4242
INV-EU-2024-04620,WO-2024-M12-04620,2024-09-12,Italy,Taiwan,TW2066657894,P-M12-EH-001,高強度引擎汽缸頭螺栓 M12,73181595,33752,2151.69,2320.45,9962
INV-EU-2024-04636,WO-2024-M10-04636,2024-09-12,Netherlands,Taiwan,TW2066597906,P-M10-BN-002,電動車電池模組固定螺母 M10,73181699,36084,613.43,644.1,2674
INV-EU-2024-04648,WO-2024-M10-04648,2024-09-12,Germany,Taiwan,TW2066106282,P-M10-BN-002,電動車電池模組固定螺母 M10,73181699,31354,533.02,559.67,1849
INV-EU-2024-04668,WO-2024-M10-04668,2024-09-12,Germany,Taiwan,TW2066704966,P-M10-BN-002,電動車電池模組固定螺母 M10,73181699,41102,698.75,733.69,4122
INV-EU-2024-04670,WO-2024-M10-04670,2024-09-12,Spain,Taiwan,TW2066178173,P-M10-BN-002,電動車電池模組固定螺母 M10,73181699,12191,207.25,217.61,1345
INV-EU-2024-04678,WO-2024-M12-04678,2024-09-12,France,Taiwan,TW2066474183,P-M12-EH-001,高強度引擎汽缸頭螺栓 M12,73181595,18022,1148.92,1239.03,7134
INV-EU-2024-04684,WO-2024-M10-04684,2024-09-12,Germany,Taiwan,TW2066429660,P-M10-BN-002,電動車電池模組固定螺母 M10,73181699,48308,821.24,862.3,2972
INV-EU-2024-04689,WO-2024-M10-04689,2024-09-12,Spain,Taiwan,TW2066773956,P-M10-BN-002,電動車電池模組固定螺母 M10,73181699,40691,691.75,726.34,2351
INV-EU-2024-04690,WO-2024-M10-04690,2024-09-12,Spain,Taiwan,TW2066107098,P-M10-BN-002,電動車電池模組固定螺母 M10,73181699,17326,294.55,309.28,1346
INV-EU-2024-04707,WO-2024-M10-04707,2024-09-12,Italy,Taiwan,TW2066547629,P-M10-BN-002,電動車電池模組固定螺母 M10,73181699,28071,477.22,501.08,3459
INV-EU-2024-04578,WO-2024-M10-04578,2024-09-13,Netherlands,Taiwan,TW2066889091,P-M10-BN-002,電動車電池模組固定螺母 M10,73181699,31054,527.92,554.32,4001
INV-EU-2024-04579,WO-2024-M10-04579,2024-09-13,France,Taiwan,TW2066806184,P-M10-BN-002,電動車電池模組固定螺母 M10,73181699,23453,398.71,418.65,1662
INV-EU-2024-04583,WO-2024-M10-04583,2024-09-13,Italy,Taiwan,TW2066707582,P-M10-BN-002,電動車電池模組固定螺母 M10,73181699,28077,477.31,501.18,3794
INV-EU-2024-04586,WO-2024-CS-04586,2024-09-13,Germany,Taiwan,TW2066208478,P-CS-BS-003,底盤懸吊臂襯套軸套,73269098,16392,4458.87,4786.71,18013
INV-EU-2024-04592,WO-2024-CS-04592,2024-09-13,Spain,Taiwan,TW2066783859,P-CS-BS-003,底盤懸吊臂襯套軸套,73269098,20618,5608.17,6020.53,39369
INV-EU-2024-04605,WO-2024-M10-04605,2024-09-13,Germany,Taiwan,TW2066304664,P-M10-BN-002,電動車電池模組固定螺母 M10,73181699,33668,572.37,600.99,4121
INV-EU-2024-04608,WO-2024-M10-04608,2024-09-13,France,Taiwan,TW2066787011,P-M10-BN-002,電動車電池模組固定螺母 M10,73181699,33112,562.91,591.06,4092
INV-EU-2024-04616,WO-2024-M12-04616,2024-09-13,Netherlands,Taiwan,TW2066903077,P-M12-EH-001,高強度引擎汽缸頭螺栓 M12,73181595,40765,2598.82,2802.64,11382
INV-EU-2024-04641,WO-2024-M10-04641,2024-09-13,Spain,Taiwan,TW2066807530,P-M10-BN-002,電動車電池模組固定螺母 M10,73181699,14172,240.93,252.98,1708
INV-EU-2024-04644,WO-2024-M12-04644,2024-09-13,Italy,Taiwan,TW2066958536,P-M12-EH-001,高強度引擎汽缸頭螺栓 M12,73181595,9941,633.77,683.48,2699
INV-EU-2024-04682,WO-2024-M12-04682,2024-09-13,Netherlands,Taiwan,TW2066374245,P-M12-EH-001,高強度引擎汽缸頭螺栓 M12,73181595,31456,2005.35,2162.63,12212
INV-EU-2024-04683,WO-2024-M12-04683,2024-09-13,Italy,Taiwan,TW2066381080,P-M12-EH-001,高強度引擎汽缸頭螺栓 M12,73181595,42568,2713.75,2926.59,17096
INV-EU-2024-04696,WO-2024-M12-04696,2024-09-13,Italy,Taiwan,TW2066216769,P-M12-EH-001,高強度引擎汽缸頭螺栓 M12,73181595,39753,2534.3,2733.07,7678
INV-EU-2024-04699,WO-2024-M12-04699,2024-09-13,Netherlands,Taiwan,TW2066486620,P-M12-EH-001,高強度引擎汽缸頭螺栓 M12,73181595,10462,666.97,719.28,3254
INV-EU-2024-04711,WO-2024-M10-04711,2024-09-13,France,Taiwan,TW2066278555,P-M10-BN-002,電動車電池模組固定螺母 M10,73181699,33402,567.84,596.23,2873
INV-EU-2024-04717,WO-2024-M12-04717,2024-09-13,France,Taiwan,TW2066712144,P-M12-EH-001,高強度引擎汽缸頭螺栓 M12,73181595,20243,1290.52,1391.73,8181
INV-EU-2024-04731,WO-2024-CS-04731,2024-09-13,Italy,Taiwan,TW2066586157,P-CS-BS-003,底盤懸吊臂襯套軸套,73269098,15303,4162.52,4468.58,16899
INV-EU-2024-04733,WO-2024-CS-04733,2024-09-13,France,Taiwan,TW2066197556,P-CS-BS-003,底盤懸吊臂襯套軸套,73269098,35238,9584.82,10289.58,29617
INV-EU-2024-04734,WO-2024-M12-04734,2024-09-13,Italy,Taiwan,TW2066698927,P-M12-EH-001,高強度引擎汽缸頭螺栓 M12,73181595,36106,2301.79,2482.32,8884
INV-EU-2024-04735,WO-2024-CS-04735,2024-09-13,Netherlands,Taiwan,TW2066874632,P-CS-BS-003,底盤懸吊臂襯套軸套,73269098,47861,13018.21,13975.43,103104
INV-EU-2024-04743,WO-2024-M10-04743,2024-09-13,Italy,Taiwan,TW2066942027,P-M10-BN-002,電動車電池模組固定螺母 M10,73181699,15490,263.34,276.51,1040
INV-EU-2024-04744,WO-2024-M12-04744,2024-09-13,Italy,Taiwan,TW2066788166,P-M12-EH-001,高強度引擎汽缸頭螺栓 M12,73181595,27913,1779.46,1919.03,5373
INV-EU-2024-04596,WO-2024-CS-04596,2024-09-14,Italy,Taiwan,TW2066526143,P-CS-BS-003,底盤懸吊臂襯套軸套,73269098,41485,11284.06,12113.76,47054
INV-EU-2024-04610,WO-2024-M10-04610,2024-09-14,Italy,Taiwan,TW2066167154,P-M10-BN-002,電動車電池模組固定螺母 M10,73181699,25995,441.93,464.03,3495
INV-EU-2024-04625,WO-2024-M12-04625,2024-09-14,France,Taiwan,TW2066927199,P-M12-EH-001,高強度引擎汽缸頭螺栓 M12,73181595,43288,2759.62,2976.06,13494
INV-EU-2024-04637,WO-2024-M10-04637,2024-09-14,France,Taiwan,TW2066550627,P-M10-BN-002,電動車電池模組固定螺母 M10,73181699,10165,172.82,181.46,1268
INV-EU-2024-04640,WO-2024-CS-04640,2024-09-14,Italy,Taiwan,TW2066756697,P-CS-BS-003,底盤懸吊臂襯套軸套,73269098,48814,13277.59,14253.87,79532
INV-EU-2024-04647,WO-2024-CS-04647,2024-09-14,Netherlands,Taiwan,TW2066912662,P-CS-BS-003,底盤懸吊臂襯套軸套,73269098,45185,12290.42,13194.12,75954
INV-EU-2024-04664,WO-2024-M10-04664,2024-09-14,Germany,Taiwan,TW2066682436,P-M10-BN-002,電動車電池模組固定螺母 M10,73181699,18707,318.02,333.92,1993
INV-EU-2024-04679,WO-2024-M10-04679,2024-09-14,Netherlands,Taiwan,TW2066343655,P-M10-BN-002,電動車電池模組固定螺母 M10,73181699,47791,812.46,853.08,5849
INV-EU-2024-04691,WO-2024-M12-04691,2024-09-14,Netherlands,Taiwan,TW2066256590,P-M12-EH-001,高強度引擎汽缸頭螺栓 M12,73181595,29054,1852.21,1997.48,8872
INV-EU-2024-04695,WO-2024-CS-04695,2024-09-14,Spain,Taiwan,TW2066866309,P-CS-BS-003,底盤懸吊臂襯套軸套,73269098,35803,9738.52,10454.58,76934
INV-EU-2024-04700,WO-2024-M10-04700,2024-09-14,Germany,Taiwan,TW2066146415,P-M10-BN-002,電動車電池模組固定螺母 M10,73181699,42827,728.07,764.47,3582
INV-EU-2024-04709,WO-2024-CS-04709,2024-09-14,Spain,Taiwan,TW2066803272,P-CS-BS-003,底盤懸吊臂襯套軸套,73269098,18517,5036.74,5407.08,34048
INV-EU-2024-04710,WO-2024-M10-04710,2024-09-14,Italy,Taiwan,TW2066214342,P-M10-BN-002,電動車電池模組固定螺母 M10,73181699,19680,334.57,351.3,2569
INV-EU-2024-04714,WO-2024-M10-04714,2024-09-14,Spain,Taiwan,TW2066673518,P-M10-BN-002,電動車電池模組固定螺母 M10,73181699,47101,800.73,840.77,4500
INV-EU-2024-04716,WO-2024-M10-04716,2024-09-14,France,Taiwan,TW2066422257,P-M10-BN-002,電動車電池模組固定螺母 M10,73181699,34804,591.67,621.25,3195
INV-EU-2024-04723,WO-2024-M12-04723,2024-09-14,Italy,Taiwan,TW2066320985,P-M12-EH-001,高強度引擎汽缸頭螺栓 M12,73181595,20962,1336.39,1441.2,5318
INV-EU-2024-04725,WO-2024-M12-04725,2024-09-14,France,Taiwan,TW2066648730,P-M12-EH-001,高強度引擎汽缸頭螺栓 M12,73181595,17068,1088.09,1173.43,5092
INV-EU-2024-04749,WO-2024-CS-04749,2024-09-14,Netherlands,Taiwan,TW2066318639,P-CS-BS-003,底盤懸吊臂襯套軸套,73269098,33663,9156.59,9829.85,41296
INV-EU-2024-04618,WO-2024-CS-04618,2024-09-15,France,Taiwan,TW2066506432,P-CS-BS-003,底盤懸吊臂襯套軸套,73269098,36752,9996.77,10731.81,46984
INV-EU-2024-04622,WO-2024-M10-04622,2024-09-15,Italy,Taiwan,TW2066699366,P-M10-BN-002,電動車電池模組固定螺母 M10,73181699,41965,713.41,749.08,2803
INV-EU-2024-04626,WO-2024-M10-04626,2024-09-15,Spain,Taiwan,TW2066954336,P-M10-BN-002,電動車電池模組固定螺母 M10,73181699,32672,555.44,583.21,1710
INV-EU-2024-04628,WO-2024-CS-04628,2024-09-15,Spain,Taiwan,TW2066497315,P-CS-BS-003,底盤懸吊臂襯套軸套,73269098,25148,6840.32,7343.28,22094
INV-EU-2024-04638,WO-2024-M10-04638,2024-09-15,Spain,Taiwan,TW2066946554,P-M10-BN-002,電動車電池模組固定螺母 M10,73181699,46645,792.97,832.62,3742
INV-EU-2024-04650,WO-2024-M12-04650,2024-09-15,Italy,Taiwan,TW2066879281,P-M12-EH-001,高強度引擎汽缸頭螺栓 M12,73181595,43088,2746.86,2962.3,12223
INV-EU-2024-04651,WO-2024-M10-04651,2024-09-15,Italy,Taiwan,TW2066358178,P-M10-BN-002,電動車電池模組固定螺母 M10,73181699,14010,238.18,250.09,1009
INV-EU-2024-04659,WO-2024-CS-04659,2024-09-15,Netherlands,Taiwan,TW2066210475,P-CS-BS-003,底盤懸吊臂襯套軸套,73269098,30994,8430.42,9050.3,55303
INV-EU-2024-04662,WO-2024-M10-04662,2024-09-15,Italy,Taiwan,TW2066435214,P-M10-BN-002,電動車電池模組固定螺母 M10,73181699,48197,819.35,860.32,3719
INV-EU-2024-04675,WO-2024-M10-04675,2024-09-15,Spain,Taiwan,TW2066184096,P-M10-BN-002,電動車電池模組固定螺母 M10,73181699,31493,535.39,562.16,2152
INV-EU-2024-04688,WO-2024-M12-04688,2024-09-15,Netherlands,Taiwan,TW2066328998,P-M12-EH-001,高強度引擎汽缸頭螺栓 M12,73181595,38311,2442.36,2633.91,7644
INV-EU-2024-04694,WO-2024-M10-04694,2024-09-15,Italy,Taiwan,TW2066482844,P-M10-BN-002,電動車電池模組固定螺母 M10,73181699,49532,842.06,884.16,2955
INV-EU-2024-04705,WO-2024-M12-04705,2024-09-15,Netherlands,Taiwan,TW2066293741,P-M12-EH-001,高強度引擎汽缸頭螺栓 M12,73181595,25319,1614.12,1740.71,5197
INV-EU-2024-04706,WO-2024-M12-04706,2024-09-15,France,Taiwan,TW2066608497,P-M12-EH-001,高強度引擎汽缸頭螺栓 M12,73181595,41058,2617.45,2822.74,20023
INV-EU-2024-04713,WO-2024-M12-04713,2024-09-15,Germany,Taiwan,TW2066248944,P-M12-EH-001,高強度引擎汽缸頭螺栓 M12,73181595,15971,1018.18,1098.03,6343
INV-EU-2024-04721,WO-2024-CS-04721,2024-09-15,Italy,Taiwan,TW2066471228,P-CS-BS-003,底盤懸吊臂襯套軸套,73269098,24460,6653.13,7142.33,41116
INV-EU-2024-04722,WO-2024-M10-04722,2024-09-15,Netherlands,Taiwan,TW2066232147,P-M10-BN-002,電動車電池模組固定螺母 M10,73181699,45019,765.33,803.6,4117
INV-EU-2024-04726,WO-2024-CS-04726,2024-09-15,Spain,Taiwan,TW2066448951,P-CS-BS-003,底盤懸吊臂襯套軸套,73269098,30799,8377.54,8993.52,35018
INV-EU-2024-04729,WO-2024-CS-04729,2024-09-15,Italy,Taiwan,TW2066709338,P-CS-BS-003,底盤懸吊臂襯套軸套,73269098,33346,9070.14,9737.06,61132
INV-EU-2024-04730,WO-2024-M10-04730,2024-09-15,Spain,Taiwan,TW2066695755,P-M10-BN-002,電動車電池模組固定螺母 M10,73181699,17204,292.48,307.1,2269
INV-EU-2024-04736,WO-2024-M12-04736,2024-09-15,Spain,Taiwan,TW2066674520,P-M12-EH-001,高強度引擎汽缸頭螺栓 M12,73181595,42861,2732.39,2946.69,14727
INV-EU-2024-04753,WO-2024-M12-04753,2024-09-15,France,Taiwan,TW2066282736,P-M12-EH-001,高強度引擎汽缸頭螺栓 M12,73181595,22380,1426.73,1538.63,6891
INV-EU-2024-04755,WO-2024-CS-04755,2024-09-15,Italy,Taiwan,TW2066460087,P-CS-BS-003,底盤懸吊臂襯套軸套,73269098,15018,4085.04,4385.4,21323
INV-EU-2024-04772,WO-2024-M10-04772,2024-09-15,Germany,Taiwan,TW2066407388,P-M10-BN-002,電動車電池模組固定螺母 M10,73181699,36128,614.18,644.89,4022
INV-EU-2024-04646,WO-2024-CS-04646,2024-09-16,Italy,Taiwan,TW2066136839,P-CS-BS-003,底盤懸吊臂襯套軸套,73269098,28178,7664.6,8228.16,58404
INV-EU-2024-04652,WO-2024-CS-04652,2024-09-16,Spain,Taiwan,TW2066552110,P-CS-BS-003,底盤懸吊臂襯套軸套,73269098,14298,3889.15,4175.11,15712
INV-EU-2024-04656,WO-2024-CS-04656,2024-09-16,Netherlands,Taiwan,TW2066615490,P-CS-BS-003,底盤懸吊臂襯套軸套,73269098,35724,9716.96,10431.44,71128
INV-EU-2024-04658,WO-2024-M12-04658,2024-09-16,France,Taiwan,TW2066455588,P-M12-EH-001,高強度引擎汽缸頭螺栓 M12,73181595,10221,651.65,702.75,4972
INV-EU-2024-04660,WO-2024-M12-04660,2024-09-16,Spain,Taiwan,TW2066497604,P-M12-EH-001,高強度引擎汽缸頭螺栓 M12,73181595,40494,2581.51,2783.98,10764
INV-EU-2024-04669,WO-2024-M10-04669,2024-09-16,Germany,Taiwan,TW2066985149,P-M10-BN-002,電動車電池模組固定螺母 M10,73181699,33652,572.1,600.71,2557
INV-EU-2024-04672,WO-2024-CS-04672,2024-09-16,Netherlands,Taiwan,TW2066534797,P-CS-BS-003,底盤懸吊臂襯套軸套,73269098,14473,3936.73,4226.19,28895
INV-EU-2024-04685,WO-2024-CS-04685,2024-09-16,Netherlands,Taiwan,TW2066436893,P-CS-BS-003,底盤懸吊臂襯套軸套,73269098,16308,4435.99,4762.15,15348
INV-EU-2024-04687,WO-2024-M12-04687,2024-09-16,France,Taiwan,TW2066400055,P-M12-EH-001,高強度引擎汽缸頭螺栓 M12,73181595,16151,1029.64,1110.39,4921
INV-EU-2024-04702,WO-2024-M10-04702,2024-09-16,Italy,Taiwan,TW2066460866,P-M10-BN-002,電動車電池模組固定螺母 M10,73181699,25656,436.16,457.97,3162
INV-EU-2024-04738,WO-2024-M10-04738,2024-09-16,Netherlands,Taiwan,TW2066425272,P-M10-BN-002,電動車電池模組固定螺母 M10,73181699,44853,762.51,800.64,3477
INV-EU-2024-04741,WO-2024-M10-04741,2024-09-16,Netherlands,Taiwan,TW2066298576,P-M10-BN-002,電動車電池模組固定螺母 M10,73181699,23480,399.17,419.13,2810
INV-EU-2024-04759,WO-2024-M12-04759,2024-09-16,Italy,Taiwan,TW2066821913,P-M12-EH-001,高強度引擎汽缸頭螺栓 M12,73181595,48836,3113.31,3357.49,22913
INV-EU-2024-04760,WO-2024-M10-04760,2024-09-16,Germany,Taiwan,TW2066532450,P-M10-BN-002,電動車電池模組固定螺母 M10,73181699,23787,404.38,424.6,2495
INV-EU-2024-04767,WO-2024-M10-04767,2024-09-16,Spain,Taiwan,TW2066433592,P-M10-BN-002,電動車電池模組固定螺母 M10,73181699,38515,654.77,687.51,4982
INV-EU-2024-04784,WO-2024-M12-04784,2024-09-16,France,Taiwan,TW2066610976,P-M12-EH-001,高強度引擎汽缸頭螺栓 M12,73181595,43448,2769.84,2987.08,20358
INV-EU-2024-04788,WO-2024-CS-04788,2024-09-16,Netherlands,Taiwan,TW2066521017,P-CS-BS-003,底盤懸吊臂襯套軸套,73269098,30835,8387.18,9003.88,32206
INV-EU-2024-04653,WO-2024-M12-04653,2024-09-17,Italy,Taiwan,TW2066704680,P-M12-EH-001,高強度引擎汽缸頭螺栓 M12,73181595,20802,1326.19,1430.2,5861
INV-EU-2024-04657,WO-2024-M12-04657,2024-09-17,Spain,Taiwan,TW2066271312,P-M12-EH-001,高強度引擎汽缸頭螺栓 M12,73181595,19456,1240.38,1337.66,4328
INV-EU-2024-04661,WO-2024-M12-04661,2024-09-17,France,Taiwan,TW2066622531,P-M12-EH-001,高強度引擎汽缸頭螺栓 M12,73181595,25975,1655.93,1785.81,5911
INV-EU-2024-04663,WO-2024-M10-04663,2024-09-17,Spain,Taiwan,TW2066978928,P-M10-BN-002,電動車電池模組固定螺母 M10,73181699,19224,326.81,343.15,2431
INV-EU-2024-04674,WO-2024-M12-04674,2024-09-17,France,Taiwan,TW2066609119,P-M12-EH-001,高強度引擎汽缸頭螺栓 M12,73181595,11948,761.74,821.48,4936
INV-EU-2024-04686,WO-2024-M10-04686,2024-09-17,Germany,Taiwan,TW2066902122,P-M10-BN-002,電動車電池模組固定螺母 M10,73181699,29524,501.91,527.01,1962
INV-EU-2024-04692,WO-2024-M12-04692,2024-09-17,Italy,Taiwan,TW2066180677,P-M12-EH-001,高強度引擎汽缸頭螺栓 M12,73181595,12730,811.59,875.24,6021
INV-EU-2024-04693,WO-2024-CS-04693,2024-09-17,Italy,Taiwan,TW2066817271,P-CS-BS-003,底盤懸吊臂襯套軸套,73269098,15484,4211.72,4521.4,12803
INV-EU-2024-04697,WO-2024-M12-04697,2024-09-17,Germany,Taiwan,TW2066679800,P-M12-EH-001,高強度引擎汽缸頭螺栓 M12,73181595,41179,2625.21,2831.11,11262
INV-EU-2024-04712,WO-2024-M10-04712,2024-09-17,France,Taiwan,TW2066519610,P-M10-BN-002,電動車電池模組固定螺母 M10,73181699,16937,287.94,302.34,2133
INV-EU-2024-04720,WO-2024-M10-04720,2024-09-17,Germany,Taiwan,TW2066721972,P-M10-BN-002,電動車電池模組固定螺母 M10,73181699,21255,361.34,379.41,2417
INV-EU-2024-04724,WO-2024-CS-04724,2024-09-17,France,Taiwan,TW2066395823,P-CS-BS-003,底盤懸吊臂襯套軸套,73269098,27263,7415.73,7960.99,39377
INV-EU-2024-04728,WO-2024-CS-04728,2024-09-17,Italy,Taiwan,TW2066705276,P-CS-BS-003,底盤懸吊臂襯套軸套,73269098,17225,4685.33,5029.83,22442
INV-EU-2024-04739,WO-2024-M10-04739,2024-09-17,Netherlands,Taiwan,TW2066548574,P-M10-BN-002,電動車電池模組固定螺母 M10,73181699,22512,382.72,401.86,2158
INV-EU-2024-04742,WO-2024-M12-04742,2024-09-17,France,Taiwan,TW2066612248,P-M12-EH-001,高強度引擎汽缸頭螺栓 M12,73181595,12074,769.78,830.15,4795
INV-EU-2024-04746,WO-2024-CS-04746,2024-09-17,Spain,Taiwan,TW2066234859,P-CS-BS-003,底盤懸吊臂襯套軸套,73269098,20703,5631.34,6045.4,32830
INV-EU-2024-04747,WO-2024-M10-04747,2024-09-17,Netherlands,Taiwan,TW2066382436,P-M10-BN-002,電動車電池模組固定螺母 M10,73181699,11656,198.16,208.07,780
INV-EU-2024-04748,WO-2024-M12-04748,2024-09-17,Germany,Taiwan,TW2066323220,P-M12-EH-001,高強度引擎汽缸頭螺栓 M12,73181595,35709,2276.45,2454.99,16891
INV-EU-2024-04754,WO-2024-M12-04754,2024-09-17,Italy,Taiwan,TW2066295163,P-M12-EH-001,高強度引擎汽缸頭螺栓 M12,73181595,30089,1918.23,2068.68,8171
INV-EU-2024-04776,WO-2024-M10-04776,2024-09-17,Netherlands,Taiwan,TW2066748114,P-M10-BN-002,電動車電池模組固定螺母 M10,73181699,14383,244.52,256.75,1247
INV-EU-2024-04802,WO-2024-M12-04802,2024-09-17,Spain,Taiwan,TW2066943449,P-M12-EH-001,高強度引擎汽缸頭螺栓 M12,73181595,17382,1108.15,1195.06,5729
INV-EU-2024-04803,WO-2024-M10-04803,2024-09-17,France,Taiwan,TW2066441138,P-M10-BN-002,電動車電池模組固定螺母 M10,73181699,29818,506.91,532.26,2843
INV-EU-2024-04807,WO-2024-M10-04807,2024-09-17,France,Taiwan,TW2066425427,P-M10-BN-002,電動車電池模組固定螺母 M10,73181699,11389,193.63,203.31,1349
INV-EU-2024-04809,WO-2024-M10-04809,2024-09-17,Spain,Taiwan,TW2066832153,P-M10-BN-002,電動車電池模組固定螺母 M10,73181699,10020,170.35,178.87,642
INV-EU-2024-04810,WO-2024-M10-04810,2024-09-17,Spain,Taiwan,TW2066255156,P-M10-BN-002,電動車電池模組固定螺母 M10,73181699,31337,532.73,559.37,1699
INV-EU-2024-04813,WO-2024-CS-04813,2024-09-17,Germany,Taiwan,TW2066714647,P-CS-BS-003,底盤懸吊臂襯套軸套,73269098,39717,10803.25,11597.59,55852
INV-EU-2024-04671,WO-2024-M10-04671,2024-09-18,France,Taiwan,TW2066661312,P-M10-BN-002,電動車電池模組固定螺母 M10,73181699,32712,556.11,583.92,2591
INV-EU-2024-04673,WO-2024-CS-04673,2024-09-18,Germany,Taiwan,TW2066614207,P-CS-BS-003,底盤懸吊臂襯套軸套,73269098,17911,4871.96,5230.18,17246
INV-EU-2024-04676,WO-2024-M10-04676,2024-09-18,France,Taiwan,TW2066325132,P-M10-BN-002,電動車電池模組固定螺母 M10,73181699,12953,220.21,231.22,1695
INV-EU-2024-04677,WO-2024-M12-04677,2024-09-18,France,Taiwan,TW2066373948,P-M12-EH-001,高強度引擎汽缸頭螺栓 M12,73181595,12426,792.21,854.34,3287
INV-EU-2024-04680,WO-2024-M10-04680,2024-09-18,France,Taiwan,TW2066894901,P-M10-BN-002,電動車電池模組固定螺母 M10,73181699,48603,826.26,867.57,6230
INV-EU-2024-04681,WO-2024-CS-04681,2024-09-18,Netherlands,Taiwan,TW2066181526,P-CS-BS-003,底盤懸吊臂襯套軸套,73269098,44273,12042.41,12927.87,46363
INV-EU-2024-04698,WO-2024-M10-04698,2024-09-18,Germany,Taiwan,TW2066189260,P-M10-BN-002,電動車電池模組固定螺母 M10,73181699,26680,453.56,476.24,3288
INV-EU-2024-04701,WO-2024-M10-04701,2024-09-18,Italy,Taiwan,TW2066301335,P-M10-BN-002,電動車電池模組固定螺母 M10,73181699,41726,709.35,744.82,2397
INV-EU-2024-04708,WO-2024-M10-04708,2024-09-18,Spain,Taiwan,TW2066777873,P-M10-BN-002,電動車電池模組固定螺母 M10,73181699,44786,761.37,799.44,2413
INV-EU-2024-04715,WO-2024-M12-04715,2024-09-18,Netherlands,Taiwan,TW2066693989,P-M12-EH-001,高強度引擎汽缸頭螺栓 M12,73181595,10278,655.24,706.63,5222
INV-EU-2024-04732,WO-2024-M12-04732,2024-09-18,Germany,Taiwan,TW2066883451,P-M12-EH-001,高強度引擎汽缸頭螺栓 M12,73181595,11189,713.33,769.28,2403
INV-EU-2024-04745,WO-2024-M12-04745,2024-09-18,Spain,Taiwan,TW2066391341,P-M12-EH-001,高強度引擎汽缸頭螺栓 M12,73181595,31029,1978.1,2133.24,10424
INV-EU-2024-04756,WO-2024-CS-04756,2024-09-18,Italy,Taiwan,TW2066393580,P-CS-BS-003,底盤懸吊臂襯套軸套,73269098,22827,6209.21,6665.75,33529
INV-EU-2024-04758,WO-2024-M12-04758,2024-09-18,Netherlands,Taiwan,TW2066760781,P-M12-EH-001,高強度引擎汽缸頭螺栓 M12,73181595,21480,1369.4,1476.8,5053
INV-EU-2024-04773,WO-2024-CS-04773,2024-09-18,France,Taiwan,TW2066779887,P-CS-BS-003,底盤懸吊臂襯套軸套,73269098,32452,8827.03,9476.07,58434
INV-EU-2024-04789,WO-2024-CS-04789,2024-09-18,Italy,Taiwan,TW2066596008,P-CS-BS-003,底盤懸吊臂襯套軸套,73269098,34541,9395.16,10085.98,58062
INV-EU-2024-04811,WO-2024-CS-04811,2024-09-18,France,Taiwan,TW2066352395,P-CS-BS-003,底盤懸吊臂襯套軸套,73269098,14195,3861.06,4144.96,29768
INV-EU-2024-04814,WO-2024-M10-04814,2024-09-18,Italy,Taiwan,TW2066180434,P-M10-BN-002,電動車電池模組固定螺母 M10,73181699,17404,295.88,310.67,1816
INV-EU-2024-04819,WO-2024-CS-04819,2024-09-18,Spain,Taiwan,TW2066805517,P-CS-BS-003,底盤懸吊臂襯套軸套,73269098,17481,4754.95,5104.57,27483
INV-EU-2024-04703,WO-2024-M12-04703,2024-09-19,France,Taiwan,TW2066352184,P-M12-EH-001,高強度引擎汽缸頭螺栓 M12,73181595,38189,2434.61,2625.56,19184
INV-EU-2024-04704,WO-2024-CS-04704,2024-09-19,Netherlands,Taiwan,TW2066594337,P-CS-BS-003,底盤懸吊臂襯套軸套,73269098,30272,8234.04,8839.48,29889
INV-EU-2024-04718,WO-2024-M10-04718,2024-09-19,Netherlands,Taiwan,TW2066174864,P-M10-BN-002,電動車電池模組固定螺母 M10,73181699,36595,622.12,653.23,4852
INV-EU-2024-04719,WO-2024-CS-04719,2024-09-19,Spain,Taiwan,TW2066267686,P-CS-BS-003,底盤懸吊臂襯套軸套,73269098,45038,12250.42,13151.18,96043
INV-EU-2024-04757,WO-2024-M10-04757,2024-09-19,Italy,Taiwan,TW2066895210,P-M10-BN-002,電動車電池模組固定螺母 M10,73181699,21739,369.57,388.05,1770
INV-EU-2024-04762,WO-2024-CS-04762,2024-09-19,France,Taiwan,TW2066326021,P-CS-BS-003,底盤懸吊臂襯套軸套,73269098,44494,12102.38,12992.26,81085
INV-EU-2024-04763,WO-2024-M10-04763,2024-09-19,Spain,Taiwan,TW2066159820,P-M10-BN-002,電動車電池模組固定螺母 M10,73181699,11662,198.26,208.17,1219
INV-EU-2024-04768,WO-2024-M12-04768,2024-09-19,Italy,Taiwan,TW2066392785,P-M12-EH-001,高強度引擎汽缸頭螺栓 M12,73181595,12690,809.03,872.48,5371
INV-EU-2024-04771,WO-2024-M12-04771,2024-09-19,Italy,Taiwan,TW2066781967,P-M12-EH-001,高強度引擎汽缸頭螺栓 M12,73181595,13511,861.36,928.91,5082
INV-EU-2024-04774,WO-2024-M10-04774,2024-09-19,Germany,Taiwan,TW2066946405,P-M10-BN-002,電動車電池模組固定螺母 M10,73181699,13477,229.11,240.57,1523
INV-EU-2024-04775,WO-2024-CS-04775,2024-09-19,Italy,Taiwan,TW2066134061,P-CS-BS-003,底盤懸吊臂襯套軸套,73269098,46919,12762.06,13700.44,53345
INV-EU-2024-04779,WO-2024-CS-04779,2024-09-19,Italy,Taiwan,TW2066258985,P-CS-BS-003,底盤懸吊臂襯套軸套,73269098,41206,11208.19,12032.31,70947
INV-EU-2024-04780,WO-2024-M12-04780,2024-09-19,Spain,Taiwan,TW2066859548,P-M12-EH-001,高強度引擎汽缸頭螺栓 M12,73181595,13444,857.1,924.32,6119
INV-EU-2024-04816,WO-2024-M12-04816,2024-09-19,Netherlands,Taiwan,TW2066716673,P-M12-EH-001,高強度引擎汽缸頭螺栓 M12,73181595,42941,2737.49,2952.19,14782
INV-EU-2024-04822,WO-2024-M12-04822,2024-09-19,Germany,Taiwan,TW2066229343,P-M12-EH-001,高強度引擎汽缸頭螺栓 M12,73181595,34907,2225.38,2399.91,10169
INV-EU-2024-04727,WO-2024-M10-04727,2024-09-20,Italy,Taiwan,TW2066111533,P-M10-BN-002,電動車電池模組固定螺母 M10,73181699,31544,536.25,563.06,3823
INV-EU-2024-04737,WO-2024-CS-04737,2024-09-20,Netherlands,Taiwan,TW2066103067,P-CS-BS-003,底盤懸吊臂襯套軸套,73269098,30665,8341.02,8954.32,45792
INV-EU-2024-04740,WO-2024-M12-04740,2024-09-20,Netherlands,Taiwan,TW2066139103,P-M12-EH-001,高強度引擎汽缸頭螺栓 M12,73181595,36390,2319.87,2501.82,10230
INV-EU-2024-04750,WO-2024-CS-04750,2024-09-20,Spain,Taiwan,TW2066828748,P-CS-BS-003,底盤懸吊臂襯套軸套,73269098,43218,11755.51,12619.87,54545
INV-EU-2024-04751,WO-2024-M12-04751,2024-09-20,France,Taiwan,TW2066593385,P-M12-EH-001,高強度引擎汽缸頭螺栓 M12,73181595,35667,2273.79,2452.13,16052
INV-EU-2024-04761,WO-2024-CS-04761,2024-09-20,Germany,Taiwan,TW2066803345,P-CS-BS-003,底盤懸吊臂襯套軸套,73269098,19238,5232.91,5617.67,23286
INV-EU-2024-04764,WO-2024-CS-04764,2024-09-20,France,Taiwan,TW2066818181,P-CS-BS-003,底盤懸吊臂襯套軸套,73269098,47982,13051.14,14010.78,104148
INV-EU-2024-04782,WO-2024-CS-04782,2024-09-20,France,Taiwan,TW2066490719,P-CS-BS-003,底盤懸吊臂襯套軸套,73269098,21337,5803.69,6230.43,43005
INV-EU-2024-04785,WO-2024-M10-04785,2024-09-20,Italy,Taiwan,TW2066978912,P-M10-BN-002,電動車電池模組固定螺母 M10,73181699,12397,210.75,221.29,847
INV-EU-2024-04787,WO-2024-CS-04787,2024-09-20,Netherlands,Taiwan,TW2066502951,P-CS-BS-003,底盤懸吊臂襯套軸套,73269098,10480,2850.71,3060.31,12315
INV-EU-2024-04794,WO-2024-CS-04794,2024-09-20,Italy,Taiwan,TW2066649389,P-CS-BS-003,底盤懸吊臂襯套軸套,73269098,23445,6377.29,6846.19,37881
INV-EU-2024-04797,WO-2024-M10-04797,2024-09-20,Netherlands,Taiwan,TW2066320394,P-M10-BN-002,電動車電池模組固定螺母 M10,73181699,46428,789.28,828.74,3330
INV-EU-2024-04799,WO-2024-M10-04799,2024-09-20,Germany,Taiwan,TW2066630167,P-M10-BN-002,電動車電池模組固定螺母 M10,73181699,31137,529.34,555.81,1815
INV-EU-2024-04808,WO-2024-CS-04808,2024-09-20,Spain,Taiwan,TW2066756994,P-CS-BS-003,底盤懸吊臂襯套軸套,73269098,14359,3905.88,4193.06,28591
INV-EU-2024-04821,WO-2024-CS-04821,2024-09-20,France,Taiwan,TW2066701918,P-CS-BS-003,底盤懸吊臂襯套軸套,73269098,44922,12218.82,13117.26,44354
INV-EU-2024-04823,WO-2024-CS-04823,2024-09-20,Spain,Taiwan,TW2066597326,P-CS-BS-003,底盤懸吊臂襯套軸套,73269098,28125,7650.22,8212.72,35114
INV-EU-2024-04826,WO-2024-M10-04826,2024-09-20,Germany,Taiwan,TW2066957069,P-M10-BN-002,電動車電池模組固定螺母 M10,73181699,29768,506.07,531.37,1993
INV-EU-2024-04827,WO-2024-CS-04827,2024-09-20,Spain,Taiwan,TW2066552593,P-CS-BS-003,底盤懸吊臂襯套軸套,73269098,29408,7998.98,8587.14,34475
INV-EU-2024-04840,WO-2024-CS-04840,2024-09-20,Italy,Taiwan,TW2066417601,P-CS-BS-003,底盤懸吊臂襯套軸套,73269098,27899,7588.64,8146.62,31720
INV-EU-2024-04752,WO-2024-CS-04752,2024-09-21,Spain,Taiwan,TW2066967638,P-CS-BS-003,底盤懸吊臂襯套軸套,73269098,27983,7611.63,8171.29,23824
INV-EU-2024-04769,WO-2024-M10-04769,2024-09-21,Spain,Taiwan,TW2066921920,P-M10-BN-002,電動車電池模組固定螺母 M10,73181699,18851,320.48,336.5,1868
INV-EU-2024-04778,WO-2024-CS-04778,2024-09-21,Germany,Taiwan,TW2066658651,P-CS-BS-003,底盤懸吊臂襯套軸套,73269098,49295,13408.32,14394.22,70930
INV-EU-2024-04792,WO-2024-CS-04792,2024-09-21,Germany,Taiwan,TW2066165382,P-CS-BS-003,底盤懸吊臂襯套軸套,73269098,15646,4255.78,4568.7,19491
INV-EU-2024-04793,WO-2024-M10-04793,2024-09-21,France,Taiwan,TW2066500894,P-M10-BN-002,電動車電池模組固定螺母 M10,73181699,21160,359.73,377.72,1661
INV-EU-2024-04798,WO-2024-M12-04798,2024-09-21,Netherlands,Taiwan,TW2066836749,P-M12-EH-001,高強度引擎汽缸頭螺栓 M12,73181595,18068,1151.85,1242.19,3743
INV-EU-2024-04800,WO-2024-M10-04800,2024-09-21,Spain,Taiwan,TW2066540421,P-M10-BN-002,電動車電池模組固定螺母 M10,73181699,24026,408.45,428.87,1772
INV-EU-2024-04805,WO-2024-CS-04805,2024-09-21,Netherlands,Taiwan,TW2066748800,P-CS-BS-003,底盤懸吊臂襯套軸套,73269098,47865,13019.54,13976.84,94521
INV-EU-2024-04806,WO-2024-M12-04806,2024-09-21,France,Taiwan,TW2066410203,P-M12-EH-001,高強度引擎汽缸頭螺栓 M12,73181595,31324,1996.93,2153.55,7228
INV-EU-2024-04817,WO-2024-CS-04817,2024-09-21,Italy,Taiwan,TW2066964457,P-CS-BS-003,底盤懸吊臂襯套軸套,73269098,34571,9403.58,10095,38554
INV-EU-2024-04820,WO-2024-CS-04820,2024-09-21,Netherlands,Taiwan,TW2066849010,P-CS-BS-003,底盤懸吊臂襯套軸套,73269098,16807,4571.54,4907.68,36252
INV-EU-2024-04829,WO-2024-CS-04829,2024-09-21,France,Taiwan,TW2066545253,P-CS-BS-003,底盤懸吊臂襯套軸套,73269098,45920,12490.29,13408.69,45589
INV-EU-2024-04835,WO-2024-CS-04835,2024-09-21,Netherlands,Taiwan,TW2066874949,P-CS-BS-003,底盤懸吊臂襯套軸套,73269098,49096,13354.3,14336.22,69442
INV-EU-2024-04844,WO-2024-M10-04844,2024-09-21,France,Taiwan,TW2066356393,P-M10-BN-002,電動車電池模組固定螺母 M10,73181699,11729,199.4,209.37,713
INV-EU-2024-04846,WO-2024-CS-04846,2024-09-21,Netherlands,Taiwan,TW2066766694,P-CS-BS-003,底盤懸吊臂襯套軸套,73269098,36523,9934.43,10664.89,40234
INV-EU-2024-04850,WO-2024-M12-04850,2024-09-21,Netherlands,Taiwan,TW2066605568,P-M12-EH-001,高強度引擎汽缸頭螺栓 M12,73181595,17710,1129.06,1217.61,6187
INV-EU-2024-04852,WO-2024-M10-04852,2024-09-21,Netherlands,Taiwan,TW2066340063,P-M10-BN-002,電動車電池模組固定螺母 M10,73181699,45115,766.96,805.31,3351
INV-EU-2024-04853,WO-2024-M10-04853,2024-09-21,Netherlands,Taiwan,TW2066191146,P-M10-BN-002,電動車電池模組固定螺母 M10,73181699,26825,456.03,478.83,1865
INV-EU-2024-04855,WO-2024-M12-04855,2024-09-21,France,Taiwan,TW2066230375,P-M12-EH-001,高強度引擎汽缸頭螺栓 M12,73181595,29698,1893.26,2041.75,7251
INV-EU-2024-04857,WO-2024-CS-04857,2024-09-21,France,Taiwan,TW2066475287,P-CS-BS-003,底盤懸吊臂襯套軸套,73269098,28174,7663.45,8226.93,37014
INV-EU-2024-04765,WO-2024-CS-04765,2024-09-22,Netherlands,Taiwan,TW2066117694,P-CS-BS-003,底盤懸吊臂襯套軸套,73269098,41624,11321.9,12154.38,52760
INV-EU-2024-04766,WO-2024-M10-04766,2024-09-22,Netherlands,Taiwan,TW2066486488,P-M10-BN-002,電動車電池模組固定螺母 M10,73181699,35277,599.72,629.71,1889
INV-EU-2024-04770,WO-2024-M10-04770,2024-09-22,Germany,Taiwan,TW2066324546,P-M10-BN-002,電動車電池模組固定螺母 M10,73181699,46210,785.58,824.86,5231
INV-EU-2024-04777,WO-2024-CS-04777,2024-09-22,Netherlands,Taiwan,TW2066487922,P-CS-BS-003,底盤懸吊臂襯套軸套,73269098,11034,3001.4,3222.08,10474
INV-EU-2024-04786,WO-2024-M12-04786,2024-09-22,Italy,Taiwan,TW2066181234,P-M12-EH-001,高強度引擎汽缸頭螺栓 M12,73181595,26227,1672.01,1803.14,6888
INV-EU-2024-04828,WO-2024-CS-04828,2024-09-22,Spain,Taiwan,TW2066871639,P-CS-BS-003,底盤懸吊臂襯套軸套,73269098,21595,5873.97,6305.87,35596
INV-EU-2024-04833,WO-2024-M10-04833,2024-09-22,Germany,Taiwan,TW2066451282,P-M10-BN-002,電動車電池模組固定螺母 M10,73181699,23865,405.71,426,2799
INV-EU-2024-04837,WO-2024-CS-04837,2024-09-22,Italy,Taiwan,TW2066650119,P-CS-BS-003,底盤懸吊臂襯套軸套,73269098,25348,6894.89,7401.85,24270
INV-EU-2024-04842,WO-2024-CS-04842,2024-09-22,Netherlands,Taiwan,TW2066835631,P-CS-BS-003,底盤懸吊臂襯套軸套,73269098,45215,12298.56,13202.86,93469
INV-EU-2024-04849,WO-2024-M10-04849,2024-09-22,Netherlands,Taiwan,TW2066418382,P-M10-BN-002,電動車電池模組固定螺母 M10,73181699,29334,498.68,523.61,3510
INV-EU-2024-04851,WO-2024-M10-04851,2024-09-22,Germany,Taiwan,TW2066309491,P-M10-BN-002,電動車電池模組固定螺母 M10,73181699,31676,538.5,565.42,3376
INV-EU-2024-04861,WO-2024-CS-04861,2024-09-22,Netherlands,Taiwan,TW2066507352,P-CS-BS-003,底盤懸吊臂襯套軸套,73269098,42404,11533.97,12382.05,51556
INV-EU-2024-04864,WO-2024-CS-04864,2024-09-22,France,Taiwan,TW2066725084,P-CS-BS-003,底盤懸吊臂襯套軸套,73269098,42769,11633.39,12488.77,74221
INV-EU-2024-04879,WO-2024-CS-04879,2024-09-22,Germany,Taiwan,TW2066452881,P-CS-BS-003,底盤懸吊臂襯套軸套,73269098,20766,5648.37,6063.69,42419
INV-EU-2024-04781,WO-2024-M10-04781,2024-09-23,Germany,Taiwan,TW2066512810,P-M10-BN-002,電動車電池模組固定螺母 M10,73181699,34531,587.04,616.39,2999
INV-EU-2024-04783,WO-2024-M12-04783,2024-09-23,Netherlands,Taiwan,TW2066743675,P-M12-EH-001,高強度引擎汽缸頭螺栓 M12,73181595,24365,1553.29,1675.12,11789
INV-EU-2024-04791,WO-2024-M10-04791,2024-09-23,Netherlands,Taiwan,TW2066236625,P-M10-BN-002,電動車電池模組固定螺母 M10,73181699,49410,839.98,881.98,3553
INV-EU-2024-04795,WO-2024-M10-04795,2024-09-23,Spain,Taiwan,TW2066597179,P-M10-BN-002,電動車電池模組固定螺母 M10,73181699,16837,286.23,300.54,1227
INV-EU-2024-04796,WO-2024-M12-04796,2024-09-23,France,Taiwan,TW2066781345,P-M12-EH-001,高強度引擎汽缸頭螺栓 M12,73181595,23187,1478.19,1594.13,11160
INV-EU-2024-04804,WO-2024-M10-04804,2024-09-23,France,Taiwan,TW2066111464,P-M10-BN-002,電動車電池模組固定螺母 M10,73181699,37742,641.63,673.71,3317
INV-EU-2024-04836,WO-2024-CS-04836,2024-09-23,Italy,Taiwan,TW2066493517,P-CS-BS-003,底盤懸吊臂襯套軸套,73269098,48631,13227.84,14200.46,61377
INV-EU-2024-04845,WO-2024-M12-04845,2024-09-23,France,Taiwan,TW2066650878,P-M12-EH-001,高強度引擎汽缸頭螺栓 M12,73181595,27665,1763.67,1902,10052
INV-EU-2024-04854,WO-2024-CS-04854,2024-09-23,Germany,Taiwan,TW2066183481,P-CS-BS-003,底盤懸吊臂襯套軸套,73269098,15461,4205.46,4514.68,20060
INV-EU-2024-04866,WO-2024-CS-04866,2024-09-23,Italy,Taiwan,TW2066860275,P-CS-BS-003,底盤懸吊臂襯套軸套,73269098,38259,10406.63,11171.81,32468
INV-EU-2024-04874,WO-2024-CS-04874,2024-09-23,France,Taiwan,TW2066873400,P-CS-BS-003,底盤懸吊臂襯套軸套,73269098,35670,9702.28,10415.68,29883
INV-EU-2024-04876,WO-2024-M12-04876,2024-09-23,Germany,Taiwan,TW2066472189,P-M12-EH-001,高強度引擎汽缸頭螺栓 M12,73181595,24484,1560.86,1683.28,5010
INV-EU-2024-04880,WO-2024-CS-04880,2024-09-23,Italy,Taiwan,TW2066559443,P-CS-BS-003,底盤懸吊臂襯套軸套,73269098,31765,8640.12,9275.42,27129
INV-EU-2024-04882,WO-2024-CS-04882,2024-09-23,Spain,Taiwan,TW2066926832,P-CS-BS-003,底盤懸吊臂襯套軸套,73269098,17085,4647.21,4988.91,26489
INV-EU-2024-04888,WO-2024-M10-04888,2024-09-23,Netherlands,Taiwan,TW2066471405,P-M10-BN-002,電動車電池模組固定螺母 M10,73181699,23102,392.74,412.38,1861
INV-EU-2024-04904,WO-2024-CS-04904,2024-09-23,Spain,Taiwan,TW2066571747,P-CS-BS-003,底盤懸吊臂襯套軸套,73269098,28555,7767.23,8338.33,29049
INV-EU-2024-04790,WO-2024-CS-04790,2024-09-24,France,Taiwan,TW2066417442,P-CS-BS-003,底盤懸吊臂襯套軸套,73269098,48070,13075.26,14036.66,59623
INV-EU-2024-04801,WO-2024-M10-04801,2024-09-24,Netherlands,Taiwan,TW2066472987,P-M10-BN-002,電動車電池模組固定螺母 M10,73181699,15551,264.38,277.6,1787
INV-EU-2024-04812,WO-2024-M10-04812,2024-09-24,Italy,Taiwan,TW2066506422,P-M10-BN-002,電動車電池模組固定螺母 M10,73181699,19747,335.71,352.5,2631
INV-EU-2024-04818,WO-2024-M12-04818,2024-09-24,France,Taiwan,TW2066959439,P-M12-EH-001,高強度引擎汽缸頭螺栓 M12,73181595,23484,1497.11,1614.53,5329
INV-EU-2024-04825,WO-2024-M12-04825,2024-09-24,Netherlands,Taiwan,TW2066341005,P-M12-EH-001,高強度引擎汽缸頭螺栓 M12,73181595,49358,3146.6,3393.39,17841
INV-EU-2024-04848,WO-2024-CS-04848,2024-09-24,Italy,Taiwan,TW2066117374,P-CS-BS-003,底盤懸吊臂襯套軸套,73269098,30089,8184.37,8786.15,63838
INV-EU-2024-04859,WO-2024-M12-04859,2024-09-24,Spain,Taiwan,TW2066470273,P-M12-EH-001,高強度引擎汽缸頭螺栓 M12,73181595,10629,677.66,730.8,4282
INV-EU-2024-04860,WO-2024-CS-04860,2024-09-24,Italy,Taiwan,TW2066675903,P-CS-BS-003,底盤懸吊臂襯套軸套,73269098,35475,9649.41,10358.91,50948
INV-EU-2024-04865,WO-2024-CS-04865,2024-09-24,Spain,Taiwan,TW2066176645,P-CS-BS-003,底盤懸吊臂襯套軸套,73269098,20798,5657.26,6073.22,29757
INV-EU-2024-04867,WO-2024-M12-04867,2024-09-24,Netherlands,Taiwan,TW2066825321,P-M12-EH-001,高強度引擎汽缸頭螺栓 M12,73181595,17485,1114.67,1202.1,8672
INV-EU-2024-04871,WO-2024-M10-04871,2024-09-24,Italy,Taiwan,TW2066341827,P-M10-BN-002,電動車電池模組固定螺母 M10,73181699,16842,286.33,300.65,936
INV-EU-2024-04872,WO-2024-M10-04872,2024-09-24,Netherlands,Taiwan,TW2066880975,P-M10-BN-002,電動車電池模組固定螺母 M10,73181699,43979,747.65,785.03,4620
INV-EU-2024-04883,WO-2024-M12-04883,2024-09-24,Italy,Taiwan,TW2066125417,P-M12-EH-001,高強度引擎汽缸頭螺栓 M12,73181595,19424,1238.3,1335.42,6946
INV-EU-2024-04885,WO-2024-M10-04885,2024-09-24,Spain,Taiwan,TW2066686825,P-M10-BN-002,電動車電池模組固定螺母 M10,73181699,44408,754.94,792.69,2340
INV-EU-2024-04890,WO-2024-M12-04890,2024-09-24,Spain,Taiwan,TW2066778291,P-M12-EH-001,高強度引擎汽缸頭螺栓 M12,73181595,26600,1695.75,1828.75,8987
INV-EU-2024-04892,WO-2024-M10-04892,2024-09-24,France,Taiwan,TW2066938098,P-M10-BN-002,電動車電池模組固定螺母 M10,73181699,13671,232.41,244.03,1715
INV-EU-2024-04893,WO-2024-M12-04893,2024-09-24,Germany,Taiwan,TW2066581084,P-M12-EH-001,高強度引擎汽缸頭螺栓 M12,73181595,41384,2638.25,2845.17,17412
INV-EU-2024-04898,WO-2024-M10-04898,2024-09-24,Italy,Taiwan,TW2066931348,P-M10-BN-002,電動車電池模組固定螺母 M10,73181699,26752,454.79,477.53,2546
INV-EU-2024-04900,WO-2024-M10-04900,2024-09-24,Spain,Taiwan,TW2066921737,P-M10-BN-002,電動車電池模組固定螺母 M10,73181699,19129,325.21,341.47,2078
INV-EU-2024-04905,WO-2024-M12-04905,2024-09-24,France,Taiwan,TW2066948430,P-M12-EH-001,高強度引擎汽缸頭螺栓 M12,73181595,41034,2615.93,2821.1,19985
INV-EU-2024-04907,WO-2024-M12-04907,2024-09-24,Italy,Taiwan,TW2066723956,P-M12-EH-001,高強度引擎汽缸頭螺栓 M12,73181595,24433,1557.64,1679.81,12102
INV-EU-2024-04910,WO-2024-CS-04910,2024-09-24,Netherlands,Taiwan,TW2066340486,P-CS-BS-003,底盤懸吊臂襯套軸套,73269098,46772,12722.14,13657.58,99105
INV-EU-2024-04815,WO-2024-CS-04815,2024-09-25,France,Taiwan,TW2066724384,P-CS-BS-003,底盤懸吊臂襯套軸套,73269098,15327,4169.04,4475.58,21053
INV-EU-2024-04824,WO-2024-CS-04824,2024-09-25,Spain,Taiwan,TW2066492642,P-CS-BS-003,底盤懸吊臂襯套軸套,73269098,12257,3334,3579.14,19570
INV-EU-2024-04830,WO-2024-M12-04830,2024-09-25,Germany,Taiwan,TW2066951704,P-M12-EH-001,高強度引擎汽缸頭螺栓 M12,73181595,30505,1944.72,2097.24,14157
INV-EU-2024-04839,WO-2024-CS-04839,2024-09-25,Netherlands,Taiwan,TW2066501682,P-CS-BS-003,底盤懸吊臂襯套軸套,73269098,35021,9525.88,10226.3,50868
INV-EU-2024-04873,WO-2024-M10-04873,2024-09-25,Germany,Taiwan,TW2066435329,P-M10-BN-002,電動車電池模組固定螺母 M10,73181699,41125,699.13,734.09,4935
INV-EU-2024-04875,WO-2024-M10-04875,2024-09-25,Spain,Taiwan,TW2066962679,P-M10-BN-002,電動車電池模組固定螺母 M10,73181699,31114,528.95,555.4,3776
INV-EU-2024-04877,WO-2024-CS-04877,2024-09-25,Germany,Taiwan,TW2066129926,P-CS-BS-003,底盤懸吊臂襯套軸套,73269098,12394,3371.26,3619.14,25318
INV-EU-2024-04889,WO-2024-CS-04889,2024-09-25,Italy,Taiwan,TW2066682368,P-CS-BS-003,底盤懸吊臂襯套軸套,73269098,17597,4786.65,5138.59,29294
INV-EU-2024-04901,WO-2024-M12-04901,2024-09-25,Italy,Taiwan,TW2066262066,P-M12-EH-001,高強度引擎汽缸頭螺栓 M12,73181595,40135,2558.62,2759.3,19522
INV-EU-2024-04908,WO-2024-M10-04908,2024-09-25,Italy,Taiwan,TW2066800885,P-M10-BN-002,電動車電池模組固定螺母 M10,73181699,38448,653.63,686.31,4758
INV-EU-2024-04912,WO-2024-M12-04912,2024-09-25,Netherlands,Taiwan,TW2066506398,P-M12-EH-001,高強度引擎汽缸頭螺栓 M12,73181595,17028,1085.54,1170.68,7696
INV-EU-2024-04921,WO-2024-CS-04921,2024-09-25,France,Taiwan,TW2066962157,P-CS-BS-003,底盤懸吊臂襯套軸套,73269098,25164,6844.86,7348.14,22314
INV-EU-2024-04925,WO-2024-CS-04925,2024-09-25,Italy,Taiwan,TW2066617624,P-CS-BS-003,底盤懸吊臂襯套軸套,73269098,36918,10041.89,10780.25,46594
INV-EU-2024-04926,WO-2024-M12-04926,2024-09-25,Netherlands,Taiwan,TW2066530051,P-M12-EH-001,高強度引擎汽缸頭螺栓 M12,73181595,38459,2451.82,2644.12,17628
INV-EU-2024-04927,WO-2024-M10-04927,2024-09-25,Netherlands,Taiwan,TW2066542091,P-M10-BN-002,電動車電池模組固定螺母 M10,73181699,38298,651.08,683.63,4668
INV-EU-2024-04929,WO-2024-M12-04929,2024-09-25,Spain,Taiwan,TW2066247306,P-M12-EH-001,高強度引擎汽缸頭螺栓 M12,73181595,21443,1367.04,1474.25,8229
INV-EU-2024-04933,WO-2024-M10-04933,2024-09-25,Italy,Taiwan,TW2066874114,P-M10-BN-002,電動車電池模組固定螺母 M10,73181699,24026,408.45,428.87,2079
INV-EU-2024-04831,WO-2024-M10-04831,2024-09-26,Italy,Taiwan,TW2066223683,P-M10-BN-002,電動車電池模組固定螺母 M10,73181699,43323,736.5,773.33,3299
INV-EU-2024-04832,WO-2024-CS-04832,2024-09-26,Spain,Taiwan,TW2066193682,P-CS-BS-003,底盤懸吊臂襯套軸套,73269098,38717,10531.21,11305.55,59606
INV-EU-2024-04834,WO-2024-M12-04834,2024-09-26,Italy,Taiwan,TW2066993393,P-M12-EH-001,高強度引擎汽缸頭螺栓 M12,73181595,44969,2866.8,3091.64,15910
INV-EU-2024-04847,WO-2024-CS-04847,2024-09-26,Italy,Taiwan,TW2066181421,P-CS-BS-003,底盤懸吊臂襯套軸套,73269098,33581,9134.18,9805.8,55627
INV-EU-2024-04856,WO-2024-M10-04856,2024-09-26,Italy,Taiwan,TW2066724652,P-M10-BN-002,電動車電池模組固定螺母 M10,73181699,18094,307.61,322.99,1630
INV-EU-2024-04862,WO-2024-CS-04862,2024-09-26,Germany,Taiwan,TW2066321788,P-CS-BS-003,底盤懸吊臂襯套軸套,73269098,43673,11879.24,12752.7,50605
INV-EU-2024-04884,WO-2024-M10-04884,2024-09-26,Spain,Taiwan,TW2066615294,P-M10-BN-002,電動車電池模組固定螺母 M10,73181699,31193,530.29,556.8,2476
INV-EU-2024-04894,WO-2024-CS-04894,2024-09-26,Spain,Taiwan,TW2066398910,P-CS-BS-003,底盤懸吊臂襯套軸套,73269098,44124,12001.92,12884.4,93614
INV-EU-2024-04902,WO-2024-M10-04902,2024-09-26,France,Taiwan,TW2066749397,P-M10-BN-002,電動車電池模組固定螺母 M10,73181699,42805,727.69,764.07,4810
INV-EU-2024-04906,WO-2024-M12-04906,2024-09-26,Italy,Taiwan,TW2066308160,P-M12-EH-001,高強度引擎汽缸頭螺栓 M12,73181595,13342,850.57,917.28,6073
INV-EU-2024-04909,WO-2024-M12-04909,2024-09-26,Netherlands,Taiwan,TW2066112193,P-M12-EH-001,高強度引擎汽缸頭螺栓 M12,73181595,10019,638.77,688.87,4356
INV-EU-2024-04915,WO-2024-M10-04915,2024-09-26,Spain,Taiwan,TW2066931125,P-M10-BN-002,電動車電池模組固定螺母 M10,73181699,14406,244.91,257.16,1305
INV-EU-2024-04919,WO-2024-M12-04919,2024-09-26,Spain,Taiwan,TW2066427761,P-M12-EH-001,高強度引擎汽缸頭螺栓 M12,73181595,44172,2816.01,3036.87,20697
INV-EU-2024-04958,WO-2024-CS-04958,2024-09-26,France,Taiwan,TW2066797465,P-CS-BS-003,底盤懸吊臂襯套軸套,73269098,42008,11426.23,12266.39,84325
INV-EU-2024-04838,WO-2024-M12-04838,2024-09-27,Italy,Taiwan,TW2066400498,P-M12-EH-001,高強度引擎汽缸頭螺栓 M12,73181595,24028,1531.82,1651.96,10171
INV-EU-2024-04841,WO-2024-M12-04841,2024-09-27,Netherlands,Taiwan,TW2066702234,P-M12-EH-001,高強度引擎汽缸頭螺栓 M12,73181595,25185,1605.6,1731.52,7931
INV-EU-2024-04843,WO-2024-M10-04843,2024-09-27,Netherlands,Taiwan,TW2066138299,P-M10-BN-002,電動車電池模組固定螺母 M10,73181699,40179,683.05,717.2,5252
INV-EU-2024-04895,WO-2024-M10-04895,2024-09-27,France,Taiwan,TW2066908062,P-M10-BN-002,電動車電池模組固定螺母 M10,73181699,14188,241.2,253.26,863
INV-EU-2024-04897,WO-2024-M10-04897,2024-09-27,France,Taiwan,TW2066829775,P-M10-BN-002,電動車電池模組固定螺母 M10,73181699,14334,243.68,255.86,1140
INV-EU-2024-04917,WO-2024-M10-04917,2024-09-27,Netherlands,Taiwan,TW2066791362,P-M10-BN-002,電動車電池模組固定螺母 M10,73181699,44802,761.65,799.73,4554
INV-EU-2024-04918,WO-2024-M12-04918,2024-09-27,Germany,Taiwan,TW2066151146,P-M12-EH-001,高強度引擎汽缸頭螺栓 M12,73181595,26614,1696.69,1829.76,12046
INV-EU-2024-04932,WO-2024-CS-04932,2024-09-27,Germany,Taiwan,TW2066518690,P-CS-BS-003,底盤懸吊臂襯套軸套,73269098,49253,13396.97,14382.03,60018
INV-EU-2024-04947,WO-2024-M12-04947,2024-09-27,Spain,Taiwan,TW2066483150,P-M12-EH-001,高強度引擎汽缸頭螺栓 M12,73181595,23268,1483.39,1599.73,6022
INV-EU-2024-04949,WO-2024-CS-04949,2024-09-27,France,Taiwan,TW2066970578,P-CS-BS-003,底盤懸吊臂襯套軸套,73269098,25789,7014.85,7530.63,34092
INV-EU-2024-04978,WO-2024-CS-04978,2024-09-27,France,Taiwan,TW2066343188,P-CS-BS-003,底盤懸吊臂襯套軸套,73269098,10056,2735.31,2936.43,14223
INV-EU-2024-04858,WO-2024-M10-04858,2024-09-28,Germany,Taiwan,TW2066794516,P-M10-BN-002,電動車電池模組固定螺母 M10,73181699,12708,216.04,226.84,1004
INV-EU-2024-04863,WO-2024-M12-04863,2024-09-28,Netherlands,Taiwan,TW2066564300,P-M12-EH-001,高強度引擎汽缸頭螺栓 M12,73181595,11233,716.15,772.31,4533
INV-EU-2024-04868,WO-2024-CS-04868,2024-09-28,Germany,Taiwan,TW2066274309,P-CS-BS-003,底盤懸吊臂襯套軸套,73269098,38556,10487.41,11258.53,51178
INV-EU-2024-04869,WO-2024-M12-04869,2024-09-28,Spain,Taiwan,TW2066193708,P-M12-EH-001,高強度引擎汽缸頭螺栓 M12,73181595,10269,654.67,706.01,4373
INV-EU-2024-04878,WO-2024-CS-04878,2024-09-28,Italy,Taiwan,TW2066572055,P-CS-BS-003,底盤懸吊臂襯套軸套,73269098,13094,3561.76,3823.64,21619
INV-EU-2024-04887,WO-2024-M10-04887,2024-09-28,Netherlands,Taiwan,TW2066321289,P-M10-BN-002,電動車電池模組固定螺母 M10,73181699,41514,705.74,741.03,2794
INV-EU-2024-04896,WO-2024-M10-04896,2024-09-28,Italy,Taiwan,TW2066582344,P-M10-BN-002,電動車電池模組固定螺母 M10,73181699,41147,699.5,734.48,2728
INV-EU-2024-04899,WO-2024-CS-04899,2024-09-28,Netherlands,Taiwan,TW2066328159,P-CS-BS-003,底盤懸吊臂襯套軸套,73269098,11271,3065.72,3291.14,12784
INV-EU-2024-04913,WO-2024-M10-04913,2024-09-28,Netherlands,Taiwan,TW2066387969,P-M10-BN-002,電動車電池模組固定螺母 M10,73181699,24465,415.92,436.72,2607
INV-EU-2024-04920,WO-2024-CS-04920,2024-09-28,Germany,Taiwan,TW2066137569,P-CS-BS-003,底盤懸吊臂襯套軸套,73269098,20906,5686.49,6104.61,26442
INV-EU-2024-04928,WO-2024-M10-04928,2024-09-28,Spain,Taiwan,TW2066322368,P-M10-BN-002,電動車電池模組固定螺母 M10,73181699,26068,443.16,465.32,3341
INV-EU-2024-04930,WO-2024-CS-04930,2024-09-28,Netherlands,Taiwan,TW2066647428,P-CS-BS-003,底盤懸吊臂襯套軸套,73269098,14209,3865.12,4149.3,27906
INV-EU-2024-04937,WO-2024-M10-04937,2024-09-28,Germany,Taiwan,TW2066639241,P-M10-BN-002,電動車電池模組固定螺母 M10,73181699,49243,837.14,879,4009
INV-EU-2024-04941,WO-2024-CS-04941,2024-09-28,Spain,Taiwan,TW2066128425,P-CS-BS-003,底盤懸吊臂襯套軸套,73269098,27372,7445.42,7992.86,53532
INV-EU-2024-04945,WO-2024-M12-04945,2024-09-28,France,Taiwan,TW2066584650,P-M12-EH-001,高強度引擎汽缸頭螺栓 M12,73181595,29503,1880.87,2028.38,14520
INV-EU-2024-04946,WO-2024-CS-04946,2024-09-28,Netherlands,Taiwan,TW2066210439,P-CS-BS-003,底盤懸吊臂襯套軸套,73269098,43082,11718.52,12580.16,84138
INV-EU-2024-04948,WO-2024-CS-04948,2024-09-28,Germany,Taiwan,TW2066318768,P-CS-BS-003,底盤懸吊臂襯套軸套,73269098,29481,8019.02,8608.64,50359
INV-EU-2024-04957,WO-2024-CS-04957,2024-09-28,Germany,Taiwan,TW2066112151,P-CS-BS-003,底盤懸吊臂襯套軸套,73269098,15842,4309.24,4626.08,23183
INV-EU-2024-04976,WO-2024-M10-04976,2024-09-28,Italy,Taiwan,TW2066532787,P-M10-BN-002,電動車電池模組固定螺母 M10,73181699,38359,652.11,684.72,3612
INV-EU-2024-04980,WO-2024-CS-04980,2024-09-28,Italy,Taiwan,TW2066292777,P-CS-BS-003,底盤懸吊臂襯套軸套,73269098,29506,8025.75,8615.87,45345
INV-EU-2024-04997,WO-2024-M10-04997,2024-09-28,Germany,Taiwan,TW2066147901,P-M10-BN-002,電動車電池模組固定螺母 M10,73181699,18156,308.66,324.09,1645
INV-EU-2024-05002,WO-2024-M10-05002,2024-09-28,Italy,Taiwan,TW2066541602,P-M10-BN-002,電動車電池模組固定螺母 M10,73181699,20465,347.91,365.31,1784
INV-EU-2024-04870,WO-2024-M12-04870,2024-09-29,France,Taiwan,TW2066830671,P-M12-EH-001,高強度引擎汽缸頭螺栓 M12,73181595,39850,2540.45,2739.7,18189
INV-EU-2024-04881,WO-2024-M10-04881,2024-09-29,Italy,Taiwan,TW2066750184,P-M10-BN-002,電動車電池模組固定螺母 M10,73181699,28171,478.91,502.86,2935
INV-EU-2024-04891,WO-2024-M10-04891,2024-09-29,Spain,Taiwan,TW2066691303,P-M10-BN-002,電動車電池模組固定螺母 M10,73181699,49444,840.55,882.58,2782
INV-EU-2024-04916,WO-2024-M10-04916,2024-09-29,France,Taiwan,TW2066920583,P-M10-BN-002,電動車電池模組固定螺母 M10,73181699,10048,170.83,179.37,1182
INV-EU-2024-04922,WO-2024-M12-04922,2024-09-29,Italy,Taiwan,TW2066871278,P-M12-EH-001,高強度引擎汽缸頭螺栓 M12,73181595,17146,1093.1,1178.83,6635
INV-EU-2024-04923,WO-2024-M12-04923,2024-09-29,Germany,Taiwan,TW2066558565,P-M12-EH-001,高強度引擎汽缸頭螺栓 M12,73181595,25549,1628.78,1756.53,6156
INV-EU-2024-04938,WO-2024-M12-04938,2024-09-29,Italy,Taiwan,TW2066588512,P-M12-EH-001,高強度引擎汽缸頭螺栓 M12,73181595,22572,1439.02,1551.88,8130
INV-EU-2024-04939,WO-2024-M12-04939,2024-09-29,Netherlands,Taiwan,TW2066808055,P-M12-EH-001,高強度引擎汽缸頭螺栓 M12,73181595,34286,2185.74,2357.17,15540
INV-EU-2024-04943,WO-2024-CS-04943,2024-09-29,Spain,Taiwan,TW2066230675,P-CS-BS-003,底盤懸吊臂襯套軸套,73269098,17791,4839.32,5195.14,30536
INV-EU-2024-04944,WO-2024-M10-04944,2024-09-29,Spain,Taiwan,TW2066337943,P-M10-BN-002,電動車電池模組固定螺母 M10,73181699,32534,553.08,580.73,3246
INV-EU-2024-04952,WO-2024-CS-04952,2024-09-29,Spain,Taiwan,TW2066236647,P-CS-BS-003,底盤懸吊臂襯套軸套,73269098,23825,6480.49,6956.99,37651
INV-EU-2024-04954,WO-2024-M12-04954,2024-09-29,Spain,Taiwan,TW2066383375,P-M12-EH-001,高強度引擎汽缸頭螺栓 M12,73181595,25089,1599.45,1724.89,9388
INV-EU-2024-04955,WO-2024-M12-04955,2024-09-29,Netherlands,Taiwan,TW2066607696,P-M12-EH-001,高強度引擎汽缸頭螺栓 M12,73181595,19182,1222.88,1318.79,6945
INV-EU-2024-04959,WO-2024-M12-04959,2024-09-29,Italy,Taiwan,TW2066452675,P-M12-EH-001,高強度引擎汽缸頭螺栓 M12,73181595,40574,2586.62,2789.49,19089
INV-EU-2024-04961,WO-2024-M12-04961,2024-09-29,Spain,Taiwan,TW2066216366,P-M12-EH-001,高強度引擎汽缸頭螺栓 M12,73181595,40006,2550.39,2750.42,19408
INV-EU-2024-04967,WO-2024-CS-04967,2024-09-29,Italy,Taiwan,TW2066185974,P-CS-BS-003,底盤懸吊臂襯套軸套,73269098,12152,3305.61,3548.65,15602
INV-EU-2024-04973,WO-2024-CS-04973,2024-09-29,Italy,Taiwan,TW2066245684,P-CS-BS-003,底盤懸吊臂襯套軸套,73269098,15854,4312.45,4629.53,15007
INV-EU-2024-04975,WO-2024-M12-04975,2024-09-29,Italy,Taiwan,TW2066154574,P-M12-EH-001,高強度引擎汽缸頭螺栓 M12,73181595,33455,2132.77,2300.05,16401
INV-EU-2024-04998,WO-2024-M12-04998,2024-09-29,Germany,Taiwan,TW2066288926,P-M12-EH-001,高強度引擎汽缸頭螺栓 M12,73181595,20464,1304.61,1406.93,9001
INV-EU-2024-05006,WO-2024-CS-05006,2024-09-29,Germany,Taiwan,TW2066402801,P-CS-BS-003,底盤懸吊臂襯套軸套,73269098,26775,7282.82,7818.32,39545
INV-EU-2024-05007,WO-2024-M12-05007,2024-09-29,Germany,Taiwan,TW2066919012,P-M12-EH-001,高強度引擎汽缸頭螺栓 M12,73181595,37007,2359.22,2544.25,14745
INV-EU-2024-05008,WO-2024-M12-05008,2024-09-29,France,Taiwan,TW2066857569,P-M12-EH-001,高強度引擎汽缸頭螺栓 M12,73181595,25914,1652.05,1781.62,11713
INV-EU-2024-04886,WO-2024-M12-04886,2024-09-30,Netherlands,Taiwan,TW2066129600,P-M12-EH-001,高強度引擎汽缸頭螺栓 M12,73181595,21372,1362.5,1469.36,8433
INV-EU-2024-04903,WO-2024-M10-04903,2024-09-30,Italy,Taiwan,TW2066376703,P-M10-BN-002,電動車電池模組固定螺母 M10,73181699,25372,431.33,452.9,3416
INV-EU-2024-04911,WO-2024-M12-04911,2024-09-30,Italy,Taiwan,TW2066813257,P-M12-EH-001,高強度引擎汽缸頭螺栓 M12,73181595,35487,2262.35,2439.78,16198
INV-EU-2024-04924,WO-2024-M12-04924,2024-09-30,Germany,Taiwan,TW2066371111,P-M12-EH-001,高強度引擎汽缸頭螺栓 M12,73181595,27365,1744.55,1881.38,5739
INV-EU-2024-04931,WO-2024-M12-04931,2024-09-30,Netherlands,Taiwan,TW2066636660,P-M12-EH-001,高強度引擎汽缸頭螺栓 M12,73181595,48922,3118.79,3363.4,19430
INV-EU-2024-04936,WO-2024-M12-04936,2024-09-30,Spain,Taiwan,TW2066684173,P-M12-EH-001,高強度引擎汽缸頭螺栓 M12,73181595,27022,1722.7,1857.81,5271
INV-EU-2024-04940,WO-2024-M10-04940,2024-09-30,Spain,Taiwan,TW2066241190,P-M10-BN-002,電動車電池模組固定螺母 M10,73181699,36751,624.78,656.02,2805
INV-EU-2024-04951,WO-2024-M10-04951,2024-09-30,France,Taiwan,TW2066785689,P-M10-BN-002,電動車電池模組固定螺母 M10,73181699,20681,351.59,369.17,1346
INV-EU-2024-04962,WO-2024-CS-04962,2024-09-30,Germany,Taiwan,TW2066257680,P-CS-BS-003,底盤懸吊臂襯套軸套,73269098,40495,11014.77,11824.67,82170
INV-EU-2024-04965,WO-2024-M12-04965,2024-09-30,Spain,Taiwan,TW2066822344,P-M12-EH-001,高強度引擎汽缸頭螺栓 M12,73181595,40418,2576.68,2778.77,20458
INV-EU-2024-04966,WO-2024-CS-04966,2024-09-30,France,Taiwan,TW2066612954,P-CS-BS-003,底盤懸吊臂襯套軸套,73269098,14237,3872.69,4157.43,22887
INV-EU-2024-04968,WO-2024-M10-04968,2024-09-30,Netherlands,Taiwan,TW2066387475,P-M10-BN-002,電動車電池模組固定螺母 M10,73181699,21177,360.02,378.02,2822
INV-EU-2024-04982,WO-2024-CS-04982,2024-09-30,Spain,Taiwan,TW2066713632,P-CS-BS-003,底盤懸吊臂襯套軸套,73269098,31398,8540.43,9168.39,41421
INV-EU-2024-04985,WO-2024-CS-04985,2024-09-30,Spain,Taiwan,TW2066572981,P-CS-BS-003,底盤懸吊臂襯套軸套,73269098,29875,8126.2,8723.7,52495
INV-EU-2024-04992,WO-2024-CS-04992,2024-09-30,France,Taiwan,TW2066653018,P-CS-BS-003,底盤懸吊臂襯套軸套,73269098,16823,4575.89,4912.35,27409
INV-EU-2024-05001,WO-2024-M10-05001,2024-09-30,Netherlands,Taiwan,TW2066141263,P-M10-BN-002,電動車電池模組固定螺母 M10,73181699,42894,729.21,765.67,3791
INV-EU-2024-05003,WO-2024-CS-05003,2024-09-30,France,Taiwan,TW2066445974,P-CS-BS-003,底盤懸吊臂襯套軸套,73269098,28004,7617.3,8177.38,26355
INV-EU-2024-05016,WO-2024-M10-05016,2024-09-30,Italy,Taiwan,TW2066685180,P-M10-BN-002,電動車電池模組固定螺母 M10,73181699,40379,686.45,720.77,4420
INV-EU-2024-05018,WO-2024-M10-05018,2024-09-30,Spain,Taiwan,TW2066379552,P-M10-BN-002,電動車電池模組固定螺母 M10,73181699,38204,649.47,681.94,4559
INV-EU-2024-05033,WO-2024-M10-05033,2024-09-30,France,Taiwan,TW2066699382,P-M10-BN-002,電動車電池模組固定螺母 M10,73181699,48380,822.47,863.59,2681
INV-EU-2024-04914,WO-2024-M12-04914,2024-10-01,Italy,Taiwan,TW2066596349,P-M12-EH-001,高強度引擎汽缸頭螺栓 M12,73181595,12152,774.72,835.48,4059
INV-EU-2024-04934,WO-2024-CS-04934,2024-10-01,Spain,Taiwan,TW2066965029,P-CS-BS-003,底盤懸吊臂襯套軸套,73269098,22599,6147.06,6599.04,19977
INV-EU-2024-04950,WO-2024-CS-04950,2024-10-01,Netherlands,Taiwan,TW2066446748,P-CS-BS-003,底盤懸吊臂襯套軸套,73269098,32388,8809.73,9457.49,29424
INV-EU-2024-04956,WO-2024-M12-04956,2024-10-01,Germany,Taiwan,TW2066245975,P-M12-EH-001,高強度引擎汽缸頭螺栓 M12,73181595,30597,1950.58,2103.57,6163
INV-EU-2024-04960,WO-2024-CS-04960,2024-10-01,Germany,Taiwan,TW2066277969,P-CS-BS-003,底盤懸吊臂襯套軸套,73269098,40802,11098.19,11914.23,86898
INV-EU-2024-04964,WO-2024-M12-04964,2024-10-01,Italy,Taiwan,TW2066485788,P-M12-EH-001,高強度引擎汽缸頭螺栓 M12,73181595,12944,825.22,889.94,4150
INV-EU-2024-04972,WO-2024-M10-04972,2024-10-01,Spain,Taiwan,TW2066502470,P-M10-BN-002,電動車電池模組固定螺母 M10,73181699,46699,793.9,833.6,6303
INV-EU-2024-04990,WO-2024-M10-04990,2024-10-01,Spain,Taiwan,TW2066263293,P-M10-BN-002,電動車電池模組固定螺母 M10,73181699,43134,733.28,769.94,2412
INV-EU-2024-04991,WO-2024-CS-04991,2024-10-01,Germany,Taiwan,TW2066841562,P-CS-BS-003,底盤懸吊臂襯套軸套,73269098,13421,3650.59,3919.01,16719
INV-EU-2024-04999,WO-2024-M12-04999,2024-10-01,Italy,Taiwan,TW2066819525,P-M12-EH-001,高強度引擎汽缸頭螺栓 M12,73181595,45147,2878.16,3103.89,11109
INV-EU-2024-05000,WO-2024-M12-05000,2024-10-01,Italy,Taiwan,TW2066441024,P-M12-EH-001,高強度引擎汽缸頭螺栓 M12,73181595,12034,767.22,827.39,5554
INV-EU-2024-05004,WO-2024-CS-05004,2024-10-01,Italy,Taiwan,TW2066763654,P-CS-BS-003,底盤懸吊臂襯套軸套,73269098,32911,8951.81,9610.03,30257
INV-EU-2024-05005,WO-2024-CS-05005,2024-10-01,France,Taiwan,TW2066337127,P-CS-BS-003,底盤懸吊臂襯套軸套,73269098,47123,12817.49,13759.95,73316
INV-EU-2024-05010,WO-2024-M12-05010,2024-10-01,France,Taiwan,TW2066862511,P-M12-EH-001,高強度引擎汽缸頭螺栓 M12,73181595,27037,1723.65,1858.84,7687
INV-EU-2024-05022,WO-2024-M12-05022,2024-10-01,Netherlands,Taiwan,TW2066160536,P-M12-EH-001,高強度引擎汽缸頭螺栓 M12,73181595,27614,1760.44,1898.51,6055
INV-EU-2024-05025,WO-2024-M10-05025,2024-10-01,Germany,Taiwan,TW2066477650,P-M10-BN-002,電動車電池模組固定螺母 M10,73181699,26814,455.84,478.63,2789
INV-EU-2024-05043,WO-2024-M12-05043,2024-10-01,Netherlands,Taiwan,TW2066998048,P-M12-EH-001,高強度引擎汽缸頭螺栓 M12,73181595,45218,2882.69,3108.78,15105
INV-EU-2024-05045,WO-2024-M10-05045,2024-10-01,Italy,Taiwan,TW2066614211,P-M10-BN-002,電動車電池模組固定螺母 M10,73181699,16453,279.71,293.7,1697
INV-EU-2024-05058,WO-2024-CS-05058,2024-10-01,Netherlands,Taiwan,TW2066119939,P-CS-BS-003,底盤懸吊臂襯套軸套,73269098,34500,9384.09,10074.09,38850
INV-EU-2024-05060,WO-2024-M12-05060,2024-10-01,Spain,Taiwan,TW2066635522,P-M12-EH-001,高強度引擎汽缸頭螺栓 M12,73181595,34490,2198.79,2371.24,16534
INV-EU-2024-04935,WO-2024-M10-04935,2024-10-02,France,Taiwan,TW2066768803,P-M10-BN-002,電動車電池模組固定螺母 M10,73181699,18668,317.36,333.23,974
INV-EU-2024-04942,WO-2024-CS-04942,2024-10-02,Italy,Taiwan,TW2066468738,P-CS-BS-003,底盤懸吊臂襯套軸套,73269098,35634,9692.65,10405.33,38867
INV-EU-2024-04953,WO-2024-M10-04953,2024-10-02,France,Taiwan,TW2066844210,P-M10-BN-002,電動車電池模組固定螺母 M10,73181699,43629,741.7,778.79,4131
INV-EU-2024-04963,WO-2024-M10-04963,2024-10-02,Italy,Taiwan,TW2066390921,P-M10-BN-002,電動車電池模組固定螺母 M10,73181699,37118,631.02,662.57,2454
INV-EU-2024-04979,WO-2024-M10-04979,2024-10-02,Italy,Taiwan,TW2066313693,P-M10-BN-002,電動車電池模組固定螺母 M10,73181699,18456,313.76,329.45,988
INV-EU-2024-04984,WO-2024-M12-04984,2024-10-02,France,Taiwan,TW2066207390,P-M12-EH-001,高強度引擎汽缸頭螺栓 M12,73181595,36106,2301.79,2482.32,8401
INV-EU-2024-05013,WO-2024-M10-05013,2024-10-02,Netherlands,Taiwan,TW2066805330,P-M10-BN-002,電動車電池模組固定螺母 M10,73181699,39940,678.98,712.93,4352
INV-EU-2024-05017,WO-2024-M12-05017,2024-10-02,Netherlands,Taiwan,TW2066587762,P-M12-EH-001,高強度引擎汽缸頭螺栓 M12,73181595,47795,3046.99,3285.96,17824
INV-EU-2024-05037,WO-2024-M12-05037,2024-10-02,France,Taiwan,TW2066846779,P-M12-EH-001,高強度引擎汽缸頭螺栓 M12,73181595,38888,2479.16,2673.6,12941
INV-EU-2024-05042,WO-2024-CS-05042,2024-10-02,Netherlands,Taiwan,TW2066830181,P-CS-BS-003,底盤懸吊臂襯套軸套,73269098,17908,4871.2,5229.36,32442
INV-EU-2024-05044,WO-2024-M10-05044,2024-10-02,Italy,Taiwan,TW2066538217,P-M10-BN-002,電動車電池模組固定螺母 M10,73181699,10544,179.25,188.21,600
INV-EU-2024-05052,WO-2024-M10-05052,2024-10-02,Netherlands,Taiwan,TW2066334167,P-M10-BN-002,電動車電池模組固定螺母 M10,73181699,44191,751.25,788.81,4387
INV-EU-2024-05064,WO-2024-CS-05064,2024-10-02,Netherlands,Taiwan,TW2066232034,P-CS-BS-003,底盤懸吊臂襯套軸套,73269098,12233,3327.46,3572.12,12611
INV-EU-2024-05069,WO-2024-CS-05069,2024-10-02,Italy,Taiwan,TW2066310668,P-CS-BS-003,底盤懸吊臂襯套軸套,73269098,12105,3292.65,3534.75,25682
INV-EU-2024-05070,WO-2024-CS-05070,2024-10-02,Italy,Taiwan,TW2066490324,P-CS-BS-003,底盤懸吊臂襯套軸套,73269098,21352,5807.76,6234.8,22650
INV-EU-2024-05072,WO-2024-CS-05072,2024-10-02,France,Taiwan,TW2066593705,P-CS-BS-003,底盤懸吊臂襯套軸套,73269098,29631,8059.81,8652.43,57144
INV-EU-2024-04970,WO-2024-CS-04970,2024-10-03,Netherlands,Taiwan,TW2066717131,P-CS-BS-003,底盤懸吊臂襯套軸套,73269098,10649,2896.59,3109.57,18480
INV-EU-2024-04971,WO-2024-M12-04971,2024-10-03,France,Taiwan,TW2066213236,P-M12-EH-001,高強度引擎汽缸頭螺栓 M12,73181595,48655,3101.76,3345.04,19913
INV-EU-2024-04994,WO-2024-CS-04994,2024-10-03,Spain,Taiwan,TW2066882038,P-CS-BS-003,底盤懸吊臂襯套軸套,73269098,31631,8603.89,9236.51,56957
INV-EU-2024-05009,WO-2024-CS-05009,2024-10-03,Netherlands,Taiwan,TW2066486568,P-CS-BS-003,底盤懸吊臂襯套軸套,73269098,43750,11900.05,12775.05,77707
INV-EU-2024-05015,WO-2024-M10-05015,2024-10-03,Spain,Taiwan,TW2066941728,P-M10-BN-002,電動車電池模組固定螺母 M10,73181699,22981,390.68,410.21,2758
INV-EU-2024-05019,WO-2024-CS-05019,2024-10-03,Spain,Taiwan,TW2066293536,P-CS-BS-003,底盤懸吊臂襯套軸套,73269098,43317,11782.28,12648.62,49014
INV-EU-2024-05024,WO-2024-CS-05024,2024-10-03,France,Taiwan,TW2066160904,P-CS-BS-003,底盤懸吊臂襯套軸套,73269098,35036,9529.95,10230.67,40311
INV-EU-2024-05026,WO-2024-M12-05026,2024-10-03,France,Taiwan,TW2066569161,P-M12-EH-001,高強度引擎汽缸頭螺栓 M12,73181595,26178,1668.89,1799.78,11265
INV-EU-2024-05030,WO-2024-M12-05030,2024-10-03,Italy,Taiwan,TW2066883958,P-M12-EH-001,高強度引擎汽缸頭螺栓 M12,73181595,19639,1252.02,1350.21,4795
INV-EU-2024-05031,WO-2024-CS-05031,2024-10-03,Italy,Taiwan,TW2066573682,P-CS-BS-003,底盤懸吊臂襯套軸套,73269098,41860,11385.94,12223.14,73667
INV-EU-2024-05032,WO-2024-M10-05032,2024-10-03,Netherlands,Taiwan,TW2066429518,P-M10-BN-002,電動車電池模組固定螺母 M10,73181699,13098,222.67,233.8,1413
INV-EU-2024-05034,WO-2024-M10-05034,2024-10-03,Netherlands,Taiwan,TW2066557007,P-M10-BN-002,電動車電池模組固定螺母 M10,73181699,40802,693.64,728.32,3003
INV-EU-2024-05039,WO-2024-M10-05039,2024-10-03,Italy,Taiwan,TW2066966129,P-M10-BN-002,電動車電池模組固定螺母 M10,73181699,27965,475.42,499.19,2191
INV-EU-2024-05041,WO-2024-M10-05041,2024-10-03,Spain,Taiwan,TW2066801778,P-M10-BN-002,電動車電池模組固定螺母 M10,73181699,27442,466.53,489.86,1838
INV-EU-2024-05048,WO-2024-M10-05048,2024-10-03,Netherlands,Taiwan,TW2066692885,P-M10-BN-002,電動車電池模組固定螺母 M10,73181699,27515,467.76,491.15,3639
INV-EU-2024-05051,WO-2024-M12-05051,2024-10-03,Spain,Taiwan,TW2066106448,P-M12-EH-001,高強度引擎汽缸頭螺栓 M12,73181595,37182,2370.38,2556.29,11448
INV-EU-2024-05054,WO-2024-M12-05054,2024-10-03,Netherlands,Taiwan,TW2066543601,P-M12-EH-001,高強度引擎汽缸頭螺栓 M12,73181595,41343,2635.62,2842.34,8855
INV-EU-2024-05055,WO-2024-M10-05055,2024-10-03,Germany,Taiwan,TW2066174468,P-M10-BN-002,電動車電池模組固定螺母 M10,73181699,41375,703.39,738.56,4051
INV-EU-2024-05063,WO-2024-CS-05063,2024-10-03,France,Taiwan,TW2066384549,P-CS-BS-003,底盤懸吊臂襯套軸套,73269098,36696,9981.43,10715.35,71566
INV-EU-2024-05071,WO-2024-CS-05071,2024-10-03,Germany,Taiwan,TW2066211577,P-CS-BS-003,底盤懸吊臂襯套軸套,73269098,47476,12913.69,13863.21,67280
INV-EU-2024-05092,WO-2024-M12-05092,2024-10-03,Italy,Taiwan,TW2066897945,P-M12-EH-001,高強度引擎汽缸頭螺栓 M12,73181595,23814,1518.2,1637.27,8289
INV-EU-2024-05096,WO-2024-M12-05096,2024-10-03,Italy,Taiwan,TW2066277700,P-M12-EH-001,高強度引擎汽缸頭螺栓 M12,73181595,44920,2863.68,3088.28,12256
INV-EU-2024-04969,WO-2024-M12-04969,2024-10-04,France,Taiwan,TW2066843960,P-M12-EH-001,高強度引擎汽缸頭螺栓 M12,73181595,48045,3062.89,3303.11,23921
INV-EU-2024-04974,WO-2024-M12-04974,2024-10-04,France,Taiwan,TW2066812017,P-M12-EH-001,高強度引擎汽缸頭螺栓 M12,73181595,24220,1544.03,1665.13,7488
INV-EU-2024-04977,WO-2024-CS-04977,2024-10-04,Netherlands,Taiwan,TW2066574959,P-CS-BS-003,底盤懸吊臂襯套軸套,73269098,39196,10661.37,11445.29,43285
INV-EU-2024-04981,WO-2024-M10-04981,2024-10-04,Germany,Taiwan,TW2066294243,P-M10-BN-002,電動車電池模組固定螺母 M10,73181699,30514,518.75,544.69,1810
INV-EU-2024-04983,WO-2024-CS-04983,2024-10-04,Spain,Taiwan,TW2066264303,P-CS-BS-003,底盤懸吊臂襯套軸套,73269098,12783,3477.21,3732.87,22740
INV-EU-2024-04986,WO-2024-M10-04986,2024-10-04,Italy,Taiwan,TW2066412114,P-M10-BN-002,電動車電池模組固定螺母 M10,73181699,26201,445.43,467.7,1661
INV-EU-2024-04988,WO-2024-M10-04988,2024-10-04,France,Taiwan,TW2066929010,P-M10-BN-002,電動車電池模組固定螺母 M10,73181699,36723,624.3,655.51,3383
INV-EU-2024-04989,WO-2024-M10-04989,2024-10-04,Spain,Taiwan,TW2066163743,P-M10-BN-002,電動車電池模組固定螺母 M10,73181699,44363,754.18,791.89,2458
INV-EU-2024-05029,WO-2024-M10-05029,2024-10-04,Netherlands,Taiwan,TW2066512320,P-M10-BN-002,電動車電池模組固定螺母 M10,73181699,25311,430.3,451.81,1351
INV-EU-2024-05049,WO-2024-M12-05049,2024-10-04,France,Taiwan,TW2066834316,P-M12-EH-001,高強度引擎汽缸頭螺栓 M12,73181595,42835,2730.78,2944.96,19033
INV-EU-2024-05061,WO-2024-M12-05061,2024-10-04,Italy,Taiwan,TW2066333860,P-M12-EH-001,高強度引擎汽缸頭螺栓 M12,73181595,21292,1357.4,1463.86,9732
INV-EU-2024-05067,WO-2024-M10-05067,2024-10-04,Germany,Taiwan,TW2066815666,P-M10-BN-002,電動車電池模組固定螺母 M10,73181699,11924,202.71,212.85,1370
INV-EU-2024-05073,WO-2024-M12-05073,2024-10-04,Netherlands,Taiwan,TW2066297111,P-M12-EH-001,高強度引擎汽缸頭螺栓 M12,73181595,35079,2236.34,2411.74,8117
INV-EU-2024-05075,WO-2024-M12-05075,2024-10-04,Germany,Taiwan,TW2066936765,P-M12-EH-001,高強度引擎汽缸頭螺栓 M12,73181595,29570,1885.13,2032.98,11084
INV-EU-2024-05084,WO-2024-M10-05084,2024-10-04,Germany,Taiwan,TW2066692679,P-M10-BN-002,電動車電池模組固定螺母 M10,73181699,45660,776.22,815.03,4618
INV-EU-2024-05085,WO-2024-CS-05085,2024-10-04,Netherlands,Taiwan,TW2066216440,P-CS-BS-003,底盤懸吊臂襯套軸套,73269098,15191,4132.06,4435.88,19544
INV-EU-2024-05087,WO-2024-M12-05087,2024-10-04,France,Taiwan,TW2066546516,P-M12-EH-001,高強度引擎汽缸頭螺栓 M12,73181595,24310,1549.8,1671.35,9205
INV-EU-2024-05090,WO-2024-CS-05090,2024-10-04,Germany,Taiwan,TW2066653757,P-CS-BS-003,底盤懸吊臂襯套軸套,73269098,43848,11926.83,12803.79,63212
INV-EU-2024-05103,WO-2024-CS-05103,2024-10-04,Germany,Taiwan,TW2066578109,P-CS-BS-003,底盤懸吊臂襯套軸套,73269098,45544,12388.23,13299.11,62808
INV-EU-2024-05105,WO-2024-M10-05105,2024-10-04,Italy,Taiwan,TW2066942138,P-M10-BN-002,電動車電池模組固定螺母 M10,73181699,37897,644.25,676.46,5057
INV-EU-2024-05106,WO-2024-M10-05106,2024-10-04,Netherlands,Taiwan,TW2066125340,P-M10-BN-002,電動車電池模組固定螺母 M10,73181699,30775,523.19,549.35,2882
INV-EU-2024-05108,WO-2024-M12-05108,2024-10-04,Germany,Taiwan,TW2066902801,P-M12-EH-001,高強度引擎汽缸頭螺栓 M12,73181595,25295,1612.61,1739.08,11755
INV-EU-2024-04987,WO-2024-M12-04987,2024-10-05,Spain,Taiwan,TW2066737001,P-M12-EH-001,高強度引擎汽缸頭螺栓 M12,73181595,27503,1753.36,1890.88,10362
INV-EU-2024-04993,WO-2024-CS-04993,2024-10-05,Italy,Taiwan,TW2066248951,P-CS-BS-003,底盤懸吊臂襯套軸套,73269098,44848,12198.86,13095.82,41720
INV-EU-2024-04995,WO-2024-M12-04995,2024-10-05,France,Taiwan,TW2066624917,P-M12-EH-001,高強度引擎汽缸頭螺栓 M12,73181595,34438,2195.48,2367.67,14995
INV-EU-2024-04996,WO-2024-CS-04996,2024-10-05,Italy,Taiwan,TW2066381299,P-CS-BS-003,底盤懸吊臂襯套軸套,73269098,24859,6761.71,7258.89,43545
INV-EU-2024-05011,WO-2024-M10-05011,2024-10-05,Spain,Taiwan,TW2066177447,P-M10-BN-002,電動車電池模組固定螺母 M10,73181699,41832,711.15,746.71,3484
INV-EU-2024-05012,WO-2024-M12-05012,2024-10-05,Spain,Taiwan,TW2066729260,P-M12-EH-001,高強度引擎汽缸頭螺栓 M12,73181595,34152,2177.22,2347.98,13868
INV-EU-2024-05028,WO-2024-M12-05028,2024-10-05,France,Taiwan,TW2066330853,P-M12-EH-001,高強度引擎汽缸頭螺栓 M12,73181595,19550,1246.34,1344.09,9185
INV-EU-2024-05035,WO-2024-CS-05035,2024-10-05,Netherlands,Taiwan,TW2066633928,P-CS-BS-003,底盤懸吊臂襯套軸套,73269098,26036,7081.81,7602.53,31655
INV-EU-2024-05056,WO-2024-M10-05056,2024-10-05,Spain,Taiwan,TW2066183677,P-M10-BN-002,電動車電池模組固定螺母 M10,73181699,39974,679.56,713.54,4498
INV-EU-2024-05088,WO-2024-M12-05088,2024-10-05,Italy,Taiwan,TW2066331239,P-M12-EH-001,高強度引擎汽缸頭螺栓 M12,73181595,40071,2554.55,2754.91,15761
INV-EU-2024-05094,WO-2024-M10-05094,2024-10-05,France,Taiwan,TW2066588761,P-M10-BN-002,電動車電池模組固定螺母 M10,73181699,21550,366.35,384.67,1989
INV-EU-2024-05095,WO-2024-M10-05095,2024-10-05,Italy,Taiwan,TW2066424094,P-M10-BN-002,電動車電池模組固定螺母 M10,73181699,29807,506.72,532.06,2609
INV-EU-2024-05107,WO-2024-M12-05107,2024-10-05,Italy,Taiwan,TW2066518857,P-M12-EH-001,高強度引擎汽缸頭螺栓 M12,73181595,21336,1360.23,1466.91,10160
INV-EU-2024-05114,WO-2024-M10-05114,2024-10-05,Netherlands,Taiwan,TW2066852380,P-M10-BN-002,電動車電池模組固定螺母 M10,73181699,43217,734.7,771.44,2674
INV-EU-2024-05122,WO-2024-M10-05122,2024-10-05,Netherlands,Taiwan,TW2066754711,P-M10-BN-002,電動車電池模組固定螺母 M10,73181699,44547,757.3,795.16,4180
INV-EU-2024-05125,WO-2024-M12-05125,2024-10-05,Netherlands,Taiwan,TW2066807358,P-M12-EH-001,高強度引擎汽缸頭螺栓 M12,73181595,34995,2230.95,2405.92,9213
INV-EU-2024-05129,WO-2024-M10-05129,2024-10-05,Italy,Taiwan,TW2066973348,P-M10-BN-002,電動車電池模組固定螺母 M10,73181699,35805,608.7,639.13,2818
INV-EU-2024-05014,WO-2024-M12-05014,2024-10-06,Spain,Taiwan,TW2066646706,P-M12-EH-001,高強度引擎汽缸頭螺栓 M12,73181595,17154,1093.58,1179.35,7414
INV-EU-2024-05027,WO-2024-M12-05027,2024-10-06,Germany,Taiwan,TW2066598320,P-M12-EH-001,高強度引擎汽缸頭螺栓 M12,73181595,29435,1876.51,2023.68,8481
INV-EU-2024-05038,WO-2024-CS-05038,2024-10-06,Germany,Taiwan,TW2066367134,P-CS-BS-003,底盤懸吊臂襯套軸套,73269098,31169,8478,9101.38,42390
INV-EU-2024-05047,WO-2024-CS-05047,2024-10-06,Spain,Taiwan,TW2066341053,P-CS-BS-003,底盤懸吊臂襯套軸套,73269098,42653,11601.79,12454.85,71467
INV-EU-2024-05053,WO-2024-M10-05053,2024-10-06,Spain,Taiwan,TW2066393092,P-M10-BN-002,電動車電池模組固定螺母 M10,73181699,36000,612.01,642.61,4375
INV-EU-2024-05104,WO-2024-M12-05104,2024-10-06,Netherlands,Taiwan,TW2066285046,P-M12-EH-001,高強度引擎汽缸頭螺栓 M12,73181595,41429,2641.11,2848.26,14684
INV-EU-2024-05109,WO-2024-M12-05109,2024-10-06,Italy,Taiwan,TW2066337973,P-M12-EH-001,高強度引擎汽缸頭螺栓 M12,73181595,19900,1268.66,1368.16,8893
INV-EU-2024-05116,WO-2024-M12-05116,2024-10-06,Italy,Taiwan,TW2066351064,P-M12-EH-001,高強度引擎汽缸頭螺栓 M12,73181595,14443,920.75,992.97,6445
INV-EU-2024-05117,WO-2024-CS-05117,2024-10-06,Netherlands,Taiwan,TW2066746426,P-CS-BS-003,底盤懸吊臂襯套軸套,73269098,49574,13484.27,14475.75,92636
INV-EU-2024-05119,WO-2024-M12-05119,2024-10-06,Germany,Taiwan,TW2066755765,P-M12-EH-001,高強度引擎汽缸頭螺栓 M12,73181595,14379,916.69,988.59,4473
INV-EU-2024-05131,WO-2024-M10-05131,2024-10-06,Spain,Taiwan,TW2066299450,P-M10-BN-002,電動車電池模組固定螺母 M10,73181699,44084,749.44,786.91,2705
INV-EU-2024-05135,WO-2024-CS-05135,2024-10-06,France,Taiwan,TW2066236408,P-CS-BS-003,底盤懸吊臂襯套軸套,73269098,12237,3328.6,3573.34,13880
INV-EU-2024-05138,WO-2024-CS-05138,2024-10-06,Italy,Taiwan,TW2066507704,P-CS-BS-003,底盤懸吊臂襯套軸套,73269098,27642,7518.65,8071.49,35563
INV-EU-2024-05020,WO-2024-M12-05020,2024-10-07,Germany,Taiwan,TW2066819617,P-M12-EH-001,高強度引擎汽缸頭螺栓 M12,73181595,13224,843.09,909.21,3532
INV-EU-2024-05021,WO-2024-CS-05021,2024-10-07,Netherlands,Taiwan,TW2066620808,P-CS-BS-003,底盤懸吊臂襯套軸套,73269098,15319,4166.86,4473.24,20375
INV-EU-2024-05023,WO-2024-CS-05023,2024-10-07,France,Taiwan,TW2066125342,P-CS-BS-003,底盤懸吊臂襯套軸套,73269098,10766,2928.46,3143.78,11655
INV-EU-2024-05036,WO-2024-M10-05036,2024-10-07,France,Taiwan,TW2066242999,P-M10-BN-002,電動車電池模組固定螺母 M10,73181699,11205,190.5,200.03,1485
INV-EU-2024-05040,WO-2024-M12-05040,2024-10-07,France,Taiwan,TW2066731839,P-M12-EH-001,高強度引擎汽缸頭螺栓 M12,73181595,17164,1094.24,1180.06,8655
INV-EU-2024-05050,WO-2024-CS-05050,2024-10-07,Spain,Taiwan,TW2066968453,P-CS-BS-003,底盤懸吊臂襯套軸套,73269098,10245,2786.68,2991.58,15967
INV-EU-2024-05059,WO-2024-M10-05059,2024-10-07,Italy,Taiwan,TW2066253974,P-M10-BN-002,電動車電池模組固定螺母 M10,73181699,47022,799.39,839.36,3253
INV-EU-2024-05062,WO-2024-M12-05062,2024-10-07,Netherlands,Taiwan,TW2066781612,P-M12-EH-001,高強度引擎汽缸頭螺栓 M12,73181595,20141,1283.99,1384.69,9809
INV-EU-2024-05065,WO-2024-M12-05065,2024-10-07,Germany,Taiwan,TW2066814037,P-M12-EH-001,高強度引擎汽缸頭螺栓 M12,73181595,30131,1920.88,2071.54,8144
INV-EU-2024-05082,WO-2024-M12-05082,2024-10-07,Spain,Taiwan,TW2066319789,P-M12-EH-001,高強度引擎汽缸頭螺栓 M12,73181595,40460,2579.34,2781.64,12277
INV-EU-2024-05097,WO-2024-CS-05097,2024-10-07,Spain,Taiwan,TW2066757275,P-CS-BS-003,底盤懸吊臂襯套軸套,73269098,45922,12490.86,13409.3,99052
INV-EU-2024-05111,WO-2024-M12-05111,2024-10-07,Germany,Taiwan,TW2066857775,P-M12-EH-001,高強度引擎汽缸頭螺栓 M12,73181595,39154,2496.1,2691.87,11731
INV-EU-2024-05124,WO-2024-M10-05124,2024-10-07,Spain,Taiwan,TW2066317787,P-M10-BN-002,電動車電池模組固定螺母 M10,73181699,34053,578.91,607.86,2952
INV-EU-2024-05126,WO-2024-M10-05126,2024-10-07,Italy,Taiwan,TW2066892177,P-M10-BN-002,電動車電池模組固定螺母 M10,73181699,37341,634.8,666.54,3326
INV-EU-2024-05144,WO-2024-CS-05144,2024-10-07,Netherlands,Taiwan,TW2066609731,P-CS-BS-003,底盤懸吊臂襯套軸套,73269098,21192,5764.24,6188.08,18503
INV-EU-2024-05150,WO-2024-CS-05150,2024-10-07,Italy,Taiwan,TW2066588161,P-CS-BS-003,底盤懸吊臂襯套軸套,73269098,33976,9241.73,9921.25,71993
INV-EU-2024-05160,WO-2024-M10-05160,2024-10-07,Spain,Taiwan,TW2066211548,P-M10-BN-002,電動車電池模組固定螺母 M10,73181699,34609,588.36,617.78,4077
INV-EU-2024-05046,WO-2024-M10-05046,2024-10-08,Italy,Taiwan,TW2066634788,P-M10-BN-002,電動車電池模組固定螺母 M10,73181699,11173,189.95,199.45,837
INV-EU-2024-05057,WO-2024-CS-05057,2024-10-08,Germany,Taiwan,TW2066970873,P-CS-BS-003,底盤懸吊臂襯套軸套,73269098,38296,10416.66,11182.58,44270
INV-EU-2024-05066,WO-2024-CS-05066,2024-10-08,Netherlands,Taiwan,TW2066322995,P-CS-BS-003,底盤懸吊臂襯套軸套,73269098,18049,4909.52,5270.5,29653
INV-EU-2024-05068,WO-2024-CS-05068,2024-10-08,Italy,Taiwan,TW2066531064,P-CS-BS-003,底盤懸吊臂襯套軸套,73269098,43956,11956.23,12835.35,49977
INV-EU-2024-05074,WO-2024-CS-05074,2024-10-08,France,Taiwan,TW2066954364,P-CS-BS-003,底盤懸吊臂襯套軸套,73269098,34180,9297.07,9980.67,31610
INV-EU-2024-05079,WO-2024-M12-05079,2024-10-08,Germany,Taiwan,TW2066201708,P-M12-EH-001,高強度引擎汽缸頭螺栓 M12,73181595,21949,1399.3,1509.05,7724
INV-EU-2024-05081,WO-2024-CS-05081,2024-10-08,Netherlands,Taiwan,TW2066843872,P-CS-BS-003,底盤懸吊臂襯套軸套,73269098,35624,9689.91,10402.39,61530
INV-EU-2024-05093,WO-2024-CS-05093,2024-10-08,France,Taiwan,TW2066609630,P-CS-BS-003,底盤懸吊臂襯套軸套,73269098,27843,7573.5,8130.36,45365
INV-EU-2024-05110,WO-2024-CS-05110,2024-10-08,France,Taiwan,TW2066838182,P-CS-BS-003,底盤懸吊臂襯套軸套,73269098,32888,8945.65,9603.41,37929
INV-EU-2024-05115,WO-2024-M10-05115,2024-10-08,Italy,Taiwan,TW2066611460,P-M10-BN-002,電動車電池模組固定螺母 M10,73181699,43957,747.27,784.63,3317
INV-EU-2024-05123,WO-2024-CS-05123,2024-10-08,Netherlands,Taiwan,TW2066475879,P-CS-BS-003,底盤懸吊臂襯套軸套,73269098,17171,4670.66,5014.08,14245
INV-EU-2024-05132,WO-2024-M10-05132,2024-10-08,Italy,Taiwan,TW2066279177,P-M10-BN-002,電動車電池模組固定螺母 M10,73181699,36657,623.18,654.34,4954
INV-EU-2024-05133,WO-2024-M10-05133,2024-10-08,Spain,Taiwan,TW2066253075,P-M10-BN-002,電動車電池模組固定螺母 M10,73181699,31310,532.28,558.89,2107
INV-EU-2024-05136,WO-2024-M10-05136,2024-10-08,Spain,Taiwan,TW2066961806,P-M10-BN-002,電動車電池模組固定螺母 M10,73181699,44514,756.74,794.58,3730
INV-EU-2024-05143,WO-2024-M12-05143,2024-10-08,Italy,Taiwan,TW2066994624,P-M12-EH-001,高強度引擎汽缸頭螺栓 M12,73181595,24981,1592.55,1717.45,5303
INV-EU-2024-05146,WO-2024-CS-05146,2024-10-08,Netherlands,Taiwan,TW2066687404,P-CS-BS-003,底盤懸吊臂襯套軸套,73269098,19593,5329.31,5721.17,40236
INV-EU-2024-05153,WO-2024-M12-05153,2024-10-08,Italy,Taiwan,TW2066936963,P-M12-EH-001,高強度引擎汽缸頭螺栓 M12,73181595,11392,726.28,783.24,5483
INV-EU-2024-05162,WO-2024-CS-05162,2024-10-08,Italy,Taiwan,TW2066351694,P-CS-BS-003,底盤懸吊臂襯套軸套,73269098,13662,3716.24,3989.48,25233
INV-EU-2024-05164,WO-2024-M10-05164,2024-10-08,Italy,Taiwan,TW2066480686,P-M10-BN-002,電動車電池模組固定螺母 M10,73181699,24321,413.46,434.13,2001
INV-EU-2024-05165,WO-2024-CS-05165,2024-10-08,Netherlands,Taiwan,TW2066920900,P-CS-BS-003,底盤懸吊臂襯套軸套,73269098,41832,11378.37,12215.01,87841
INV-EU-2024-05169,WO-2024-M12-05169,2024-10-08,France,Taiwan,TW2066989745,P-M12-EH-001,高強度引擎汽缸頭螺栓 M12,73181595,30301,1931.75,2083.26,6567
INV-EU-2024-05076,WO-2024-M10-05076,2024-10-09,France,Taiwan,TW2066421325,P-M10-BN-002,電動車電池模組固定螺母 M10,73181699,14021,238.37,250.29,922
INV-EU-2024-05077,WO-2024-M10-05077,2024-10-09,Italy,Taiwan,TW2066702039,P-M10-BN-002,電動車電池模組固定螺母 M10,73181699,33374,567.36,595.73,3699
INV-EU-2024-05078,WO-2024-M10-05078,2024-10-09,Spain,Taiwan,TW2066176305,P-M10-BN-002,電動車電池模組固定螺母 M10,73181699,19335,328.7,345.13,1636
INV-EU-2024-05080,WO-2024-M10-05080,2024-10-09,Netherlands,Taiwan,TW2066805464,P-M10-BN-002,電動車電池模組固定螺母 M10,73181699,36701,623.93,655.13,1934
INV-EU-2024-05091,WO-2024-M10-05091,2024-10-09,Germany,Taiwan,TW2066881037,P-M10-BN-002,電動車電池模組固定螺母 M10,73181699,47797,812.55,853.18,2900
INV-EU-2024-05100,WO-2024-CS-05100,2024-10-09,France,Taiwan,TW2066841815,P-CS-BS-003,底盤懸吊臂襯套軸套,73269098,45049,12253.43,13154.41,76951
INV-EU-2024-05101,WO-2024-M12-05101,2024-10-09,Germany,Taiwan,TW2066452661,P-M12-EH-001,高強度引擎汽缸頭螺栓 M12,73181595,11496,732.91,790.39,5445
INV-EU-2024-05102,WO-2024-CS-05102,2024-10-09,France,Taiwan,TW2066283667,P-CS-BS-003,底盤懸吊臂襯套軸套,73269098,47784,12997.41,13953.09,54979
INV-EU-2024-05112,WO-2024-CS-05112,2024-10-09,Spain,Taiwan,TW2066902831,P-CS-BS-003,底盤懸吊臂襯套軸套,73269098,10773,2930.35,3145.81,20600
INV-EU-2024-05127,WO-2024-CS-05127,2024-10-09,Italy,Taiwan,TW2066358157,P-CS-BS-003,底盤懸吊臂襯套軸套,73269098,22096,6010.38,6452.3,20976
INV-EU-2024-05134,WO-2024-M12-05134,2024-10-09,Spain,Taiwan,TW2066577570,P-M12-EH-001,高強度引擎汽缸頭螺栓 M12,73181595,30821,1964.87,2118.97,8999
INV-EU-2024-05137,WO-2024-M12-05137,2024-10-09,Germany,Taiwan,TW2066442885,P-M12-EH-001,高強度引擎汽缸頭螺栓 M12,73181595,35921,2289.98,2469.59,9732
INV-EU-2024-05139,WO-2024-CS-05139,2024-10-09,Netherlands,Taiwan,TW2066283748,P-CS-BS-003,底盤懸吊臂襯套軸套,73269098,20902,5685.45,6103.49,39513
INV-EU-2024-05140,WO-2024-CS-05140,2024-10-09,Germany,Taiwan,TW2066316449,P-CS-BS-003,底盤懸吊臂襯套軸套,73269098,17324,4712.29,5058.77,25304
INV-EU-2024-05141,WO-2024-CS-05141,2024-10-09,Germany,Taiwan,TW2066181919,P-CS-BS-003,底盤懸吊臂襯套軸套,73269098,41603,11316.22,12148.28,35080
INV-EU-2024-05149,WO-2024-CS-05149,2024-10-09,Germany,Taiwan,TW2066225472,P-CS-BS-003,底盤懸吊臂襯套軸套,73269098,27942,7600.28,8159.12,58674
INV-EU-2024-05157,WO-2024-M12-05157,2024-10-09,France,Taiwan,TW2066571144,P-M12-EH-001,高強度引擎汽缸頭螺栓 M12,73181595,48264,3076.89,3318.21,23692
INV-EU-2024-05188,WO-2024-M10-05188,2024-10-09,Netherlands,Taiwan,TW2066415892,P-M10-BN-002,電動車電池模組固定螺母 M10,73181699,31744,539.66,566.64,3966
INV-EU-2024-05205,WO-2024-M10-05205,2024-10-09,Spain,Taiwan,TW2066674617,P-M10-BN-002,電動車電池模組固定螺母 M10,73181699,43122,733.08,769.73,3877
INV-EU-2024-05209,WO-2024-M12-05209,2024-10-09,Spain,Taiwan,TW2066325072,P-M12-EH-001,高強度引擎汽缸頭螺栓 M12,73181595,48120,3067.71,3308.31,15583
INV-EU-2024-05083,WO-2024-M10-05083,2024-10-10,Italy,Taiwan,TW2066642294,P-M10-BN-002,電動車電池模組固定螺母 M10,73181699,38821,659.97,692.97,4857
INV-EU-2024-05086,WO-2024-M10-05086,2024-10-10,Netherlands,Taiwan,TW2066579423,P-M10-BN-002,電動車電池模組固定螺母 M10,73181699,33730,573.42,602.09,1938
INV-EU-2024-05089,WO-2024-M10-05089,2024-10-10,Germany,Taiwan,TW2066892937,P-M10-BN-002,電動車電池模組固定螺母 M10,73181699,36974,628.56,659.99,2382
INV-EU-2024-05098,WO-2024-M10-05098,2024-10-10,France,Taiwan,TW2066200904,P-M10-BN-002,電動車電池模組固定螺母 M10,73181699,35822,608.98,639.43,4817
INV-EU-2024-05099,WO-2024-CS-05099,2024-10-10,Netherlands,Taiwan,TW2066426251,P-CS-BS-003,底盤懸吊臂襯套軸套,73269098,17756,4829.86,5184.98,20237
INV-EU-2024-05142,WO-2024-M12-05142,2024-10-10,Germany,Taiwan,TW2066512152,P-M12-EH-001,高強度引擎汽缸頭螺栓 M12,73181595,46649,2973.88,3207.13,20162
INV-EU-2024-05147,WO-2024-M12-05147,2024-10-10,Spain,Taiwan,TW2066901804,P-M12-EH-001,高強度引擎汽缸頭螺栓 M12,73181595,21126,1346.8,1452.43,4673
INV-EU-2024-05154,WO-2024-M10-05154,2024-10-10,Italy,Taiwan,TW2066305792,P-M10-BN-002,電動車電池模組固定螺母 M10,73181699,24916,423.58,444.76,2643
INV-EU-2024-05158,WO-2024-M12-05158,2024-10-10,France,Taiwan,TW2066315227,P-M12-EH-001,高強度引擎汽缸頭螺栓 M12,73181595,43778,2790.85,3009.74,11107
INV-EU-2024-05179,WO-2024-M12-05179,2024-10-10,Germany,Taiwan,TW2066881735,P-M12-EH-001,高強度引擎汽缸頭螺栓 M12,73181595,19045,1214.18,1309.4,7309
INV-EU-2024-05180,WO-2024-CS-05180,2024-10-10,Netherlands,Taiwan,TW2066223837,P-CS-BS-003,底盤懸吊臂襯套軸套,73269098,34196,9301.41,9985.33,38879
INV-EU-2024-05185,WO-2024-CS-05185,2024-10-10,Netherlands,Taiwan,TW2066272622,P-CS-BS-003,底盤懸吊臂襯套軸套,73269098,25510,6938.89,7449.09,26853
INV-EU-2024-05201,WO-2024-M10-05201,2024-10-10,Italy,Taiwan,TW2066949516,P-M10-BN-002,電動車電池模組固定螺母 M10,73181699,45665,776.32,815.14,3633
INV-EU-2024-05207,WO-2024-M12-05207,2024-10-10,France,Taiwan,TW2066322115,P-M12-EH-001,高強度引擎汽缸頭螺栓 M12,73181595,16039,1022.54,1102.73,6564
INV-EU-2024-05208,WO-2024-M12-05208,2024-10-10,Spain,Taiwan,TW2066141007,P-M12-EH-001,高強度引擎汽缸頭螺栓 M12,73181595,23981,1528.8,1648.7,9830
INV-EU-2024-05214,WO-2024-CS-05214,2024-10-10,Spain,Taiwan,TW2066153018,P-CS-BS-003,底盤懸吊臂襯套軸套,73269098,43532,11840.83,12711.47,66071
INV-EU-2024-05120,WO-2024-M12-05120,2024-10-11,Germany,Taiwan,TW2066341427,P-M12-EH-001,高強度引擎汽缸頭螺栓 M12,73181595,20611,1313.98,1417.04,5098
INV-EU-2024-05130,WO-2024-CS-05130,2024-10-11,Spain,Taiwan,TW2066174003,P-CS-BS-003,底盤懸吊臂襯套軸套,73269098,27327,7433.04,7979.58,57160
INV-EU-2024-05145,WO-2024-M10-05145,2024-10-11,Germany,Taiwan,TW2066749446,P-M10-BN-002,電動車電池模組固定螺母 M10,73181699,45470,773,811.65,5797
INV-EU-2024-05148,WO-2024-CS-05148,2024-10-11,Italy,Taiwan,TW2066626528,P-CS-BS-003,底盤懸吊臂襯套軸套,73269098,23730,6454.57,6929.17,45375
INV-EU-2024-05173,WO-2024-CS-05173,2024-10-11,Germany,Taiwan,TW2066869357,P-CS-BS-003,底盤懸吊臂襯套軸套,73269098,35720,9716.11,10430.51,62863
INV-EU-2024-05183,WO-2024-CS-05183,2024-10-11,Germany,Taiwan,TW2066195561,P-CS-BS-003,底盤懸吊臂襯套軸套,73269098,20927,5692.17,6110.71,44740
INV-EU-2024-05184,WO-2024-CS-05184,2024-10-11,Spain,Taiwan,TW2066186515,P-CS-BS-003,底盤懸吊臂襯套軸套,73269098,11636,3165.14,3397.86,14939
INV-EU-2024-05186,WO-2024-M10-05186,2024-10-11,Germany,Taiwan,TW2066581358,P-M10-BN-002,電動車電池模組固定螺母 M10,73181699,37848,643.42,675.59,4330
INV-EU-2024-05193,WO-2024-M10-05193,2024-10-11,Netherlands,Taiwan,TW2066542683,P-M10-BN-002,電動車電池模組固定螺母 M10,73181699,19174,325.97,342.27,2141
INV-EU-2024-05204,WO-2024-M12-05204,2024-10-11,Netherlands,Taiwan,TW2066450491,P-M12-EH-001,高強度引擎汽缸頭螺栓 M12,73181595,43414,2767.66,2984.73,8386
INV-EU-2024-05223,WO-2024-M10-05223,2024-10-11,Italy,Taiwan,TW2066820735,P-M10-BN-002,電動車電池模組固定螺母 M10,73181699,29468,500.96,526.01,3606
INV-EU-2024-05228,WO-2024-CS-05228,2024-10-11,Netherlands,Taiwan,TW2066882299,P-CS-BS-003,底盤懸吊臂襯套軸套,73269098,44950,12226.67,13125.67,41692
INV-EU-2024-05229,WO-2024-CS-05229,2024-10-11,Germany,Taiwan,TW2066141219,P-CS-BS-003,底盤懸吊臂襯套軸套,73269098,23990,6525.33,7005.13,44894
INV-EU-2024-05230,WO-2024-M12-05230,2024-10-11,Netherlands,Taiwan,TW2066173465,P-M12-EH-001,高強度引擎汽缸頭螺栓 M12,73181595,29529,1882.48,2030.13,12198
INV-EU-2024-05113,WO-2024-M12-05113,2024-10-12,France,Taiwan,TW2066251547,P-M12-EH-001,高強度引擎汽缸頭螺栓 M12,73181595,27343,1743.15,1879.87,8890
INV-EU-2024-05118,WO-2024-M10-05118,2024-10-12,France,Taiwan,TW2066337371,P-M10-BN-002,電動車電池模組固定螺母 M10,73181699,33374,567.36,595.73,2377
INV-EU-2024-05121,WO-2024-CS-05121,2024-10-12,Germany,Taiwan,TW2066798305,P-CS-BS-003,底盤懸吊臂襯套軸套,73269098,23106,6284.89,6747.01,20991
INV-EU-2024-05128,WO-2024-M12-05128,2024-10-12,Spain,Taiwan,TW2066749284,P-M12-EH-001,高強度引擎汽缸頭螺栓 M12,73181595,30803,1963.73,2117.74,12646
INV-EU-2024-05151,WO-2024-CS-05151,2024-10-12,Netherlands,Taiwan,TW2066112684,P-CS-BS-003,底盤懸吊臂襯套軸套,73269098,15787,4294.1,4609.84,18464
INV-EU-2024-05152,WO-2024-M10-05152,2024-10-12,Netherlands,Taiwan,TW2066828214,P-M10-BN-002,電動車電池模組固定螺母 M10,73181699,29985,509.76,535.25,2615
INV-EU-2024-05159,WO-2024-CS-05159,2024-10-12,France,Taiwan,TW2066149698,P-CS-BS-003,底盤懸吊臂襯套軸套,73269098,17915,4873.09,5231.39,33185
INV-EU-2024-05161,WO-2024-M10-05161,2024-10-12,Germany,Taiwan,TW2066751239,P-M10-BN-002,電動車電池模組固定螺母 M10,73181699,11434,194.38,204.1,1199
INV-EU-2024-05163,WO-2024-M10-05163,2024-10-12,Spain,Taiwan,TW2066823989,P-M10-BN-002,電動車電池模組固定螺母 M10,73181699,38805,659.69,692.67,3476
INV-EU-2024-05166,WO-2024-M12-05166,2024-10-12,Netherlands,Taiwan,TW2066692586,P-M12-EH-001,高強度引擎汽缸頭螺栓 M12,73181595,15881,1012.42,1091.83,6428
INV-EU-2024-05167,WO-2024-CS-05167,2024-10-12,Netherlands,Taiwan,TW2066607734,P-CS-BS-003,底盤懸吊臂襯套軸套,73269098,43738,11896.84,12771.6,42233
INV-EU-2024-05171,WO-2024-M12-05171,2024-10-12,Netherlands,Taiwan,TW2066221188,P-M12-EH-001,高強度引擎汽缸頭螺栓 M12,73181595,17145,1093.01,1178.73,7858
INV-EU-2024-05175,WO-2024-M12-05175,2024-10-12,Germany,Taiwan,TW2066209411,P-M12-EH-001,高強度引擎汽缸頭螺栓 M12,73181595,38369,2446.06,2637.9,8536
INV-EU-2024-05176,WO-2024-M10-05176,2024-10-12,Netherlands,Taiwan,TW2066346114,P-M10-BN-002,電動車電池模組固定螺母 M10,73181699,23086,392.47,412.09,2370
INV-EU-2024-05177,WO-2024-CS-05177,2024-10-12,Netherlands,Taiwan,TW2066104587,P-CS-BS-003,底盤懸吊臂襯套軸套,73269098,39995,10878.83,11678.73,40686
INV-EU-2024-05182,WO-2024-M10-05182,2024-10-12,Italy,Taiwan,TW2066451870,P-M10-BN-002,電動車電池模組固定螺母 M10,73181699,43662,742.27,779.38,5143
INV-EU-2024-05192,WO-2024-M12-05192,2024-10-12,Germany,Taiwan,TW2066889473,P-M12-EH-001,高強度引擎汽缸頭螺栓 M12,73181595,23853,1520.66,1639.93,5717
INV-EU-2024-05194,WO-2024-M10-05194,2024-10-12,France,Taiwan,TW2066788807,P-M10-BN-002,電動車電池模組固定螺母 M10,73181699,22012,374.21,392.92,2933
INV-EU-2024-05195,WO-2024-CS-05195,2024-10-12,Netherlands,Taiwan,TW2066778510,P-CS-BS-003,底盤懸吊臂襯套軸套,73269098,19658,5347.19,5740.35,29249
INV-EU-2024-05200,WO-2024-M10-05200,2024-10-12,Germany,Taiwan,TW2066631436,P-M10-BN-002,電動車電池模組固定螺母 M10,73181699,25084,426.43,447.75,1846
INV-EU-2024-05206,WO-2024-M10-05206,2024-10-12,France,Taiwan,TW2066207889,P-M10-BN-002,電動車電池模組固定螺母 M10,73181699,24722,420.28,441.29,1660
INV-EU-2024-05211,WO-2024-M10-05211,2024-10-12,Germany,Taiwan,TW2066233584,P-M10-BN-002,電動車電池模組固定螺母 M10,73181699,33257,565.38,593.65,4319
INV-EU-2024-05232,WO-2024-CS-05232,2024-10-12,Spain,Taiwan,TW2066970914,P-CS-BS-003,底盤懸吊臂襯套軸套,73269098,21810,5932.33,6368.53,19576
INV-EU-2024-05243,WO-2024-M10-05243,2024-10-12,Italy,Taiwan,TW2066942383,P-M10-BN-002,電動車電池模組固定螺母 M10,73181699,35939,610.97,641.52,2492
INV-EU-2024-05155,WO-2024-CS-05155,2024-10-13,Germany,Taiwan,TW2066107977,P-CS-BS-003,底盤懸吊臂襯套軸套,73269098,16920,4602.36,4940.76,33090
INV-EU-2024-05156,WO-2024-M12-05156,2024-10-13,Italy,Taiwan,TW2066290011,P-M12-EH-001,高強度引擎汽缸頭螺栓 M12,73181595,47203,3009.25,3245.26,19921
INV-EU-2024-05178,WO-2024-CS-05178,2024-10-13,Germany,Taiwan,TW2066872329,P-CS-BS-003,底盤懸吊臂襯套軸套,73269098,34999,9519.73,10219.71,54738
INV-EU-2024-05187,WO-2024-M12-05187,2024-10-13,Spain,Taiwan,TW2066465420,P-M12-EH-001,高強度引擎汽缸頭螺栓 M12,73181595,23197,1478.85,1594.83,11549
INV-EU-2024-05190,WO-2024-M10-05190,2024-10-13,Germany,Taiwan,TW2066766444,P-M10-BN-002,電動車電池模組固定螺母 M10,73181699,28783,489.32,513.79,3875
INV-EU-2024-05199,WO-2024-CS-05199,2024-10-13,Netherlands,Taiwan,TW2066494629,P-CS-BS-003,底盤懸吊臂襯套軸套,73269098,45259,12310.67,13215.85,50473
INV-EU-2024-05202,WO-2024-M12-05202,2024-10-13,Spain,Taiwan,TW2066608933,P-M12-EH-001,高強度引擎汽缸頭螺栓 M12,73181595,31358,1999.1,2155.89,14833
INV-EU-2024-05212,WO-2024-CS-05212,2024-10-13,Italy,Taiwan,TW2066918058,P-CS-BS-003,底盤懸吊臂襯套軸套,73269098,37902,10309.39,11067.43,31649
INV-EU-2024-05217,WO-2024-M10-05217,2024-10-13,France,Taiwan,TW2066918537,P-M10-BN-002,電動車電池模組固定螺母 M10,73181699,35717,607.19,637.55,2859
INV-EU-2024-05219,WO-2024-M12-05219,2024-10-13,Germany,Taiwan,TW2066324029,P-M12-EH-001,高強度引擎汽缸頭螺栓 M12,73181595,16676,1063.12,1146.5,3997
INV-EU-2024-05221,WO-2024-M12-05221,2024-10-13,Germany,Taiwan,TW2066658258,P-M12-EH-001,高強度引擎汽缸頭螺栓 M12,73181595,35860,2286.1,2465.4,13007
INV-EU-2024-05222,WO-2024-CS-05222,2024-10-13,France,Taiwan,TW2066355146,P-CS-BS-003,底盤懸吊臂襯套軸套,73269098,38258,10406.35,11171.51,71803
INV-EU-2024-05234,WO-2024-M10-05234,2024-10-13,France,Taiwan,TW2066893051,P-M10-BN-002,電動車電池模組固定螺母 M10,73181699,31772,540.13,567.14,2646
INV-EU-2024-05251,WO-2024-M10-05251,2024-10-13,Italy,Taiwan,TW2066167860,P-M10-BN-002,電動車電池模組固定螺母 M10,73181699,31493,535.39,562.16,1820
INV-EU-2024-05257,WO-2024-M10-05257,2024-10-13,Spain,Taiwan,TW2066460635,P-M10-BN-002,電動車電池模組固定螺母 M10,73181699,26485,450.26,472.77,2152
INV-EU-2024-05259,WO-2024-M12-05259,2024-10-13,France,Taiwan,TW2066531502,P-M12-EH-001,高強度引擎汽缸頭螺栓 M12,73181595,23953,1527.01,1646.78,8429
INV-EU-2024-05264,WO-2024-M10-05264,2024-10-13,Italy,Taiwan,TW2066200530,P-M10-BN-002,電動車電池模組固定螺母 M10,73181699,29190,496.24,521.05,2084
INV-EU-2024-05265,WO-2024-M12-05265,2024-10-13,Germany,Taiwan,TW2066270403,P-M12-EH-001,高強度引擎汽缸頭螺栓 M12,73181595,29210,1862.14,2008.19,7969
INV-EU-2024-05275,WO-2024-M12-05275,2024-10-13,Italy,Taiwan,TW2066217461,P-M12-EH-001,高強度引擎汽缸頭螺栓 M12,73181595,12790,815.38,879.33,4981
INV-EU-2024-05276,WO-2024-M12-05276,2024-10-13,Spain,Taiwan,TW2066163276,P-M12-EH-001,高強度引擎汽缸頭螺栓 M12,73181595,38120,2430.16,2620.76,10862
INV-EU-2024-05278,WO-2024-M12-05278,2024-10-13,Netherlands,Taiwan,TW2066386109,P-M12-EH-001,高強度引擎汽缸頭螺栓 M12,73181595,46374,2956.37,3188.24,21226
INV-EU-2024-05172,WO-2024-M10-05172,2024-10-14,Spain,Taiwan,TW2066836151,P-M10-BN-002,電動車電池模組固定螺母 M10,73181699,49210,836.58,878.41,2785
INV-EU-2024-05181,WO-2024-M12-05181,2024-10-14,Italy,Taiwan,TW2066953016,P-M12-EH-001,高強度引擎汽缸頭螺栓 M12,73181595,28058,1788.73,1929.02,6242
INV-EU-2024-05191,WO-2024-CS-05191,2024-10-14,Netherlands,Taiwan,TW2066979332,P-CS-BS-003,底盤懸吊臂襯套軸套,73269098,27315,7429.82,7976.12,52008
INV-EU-2024-05203,WO-2024-M10-05203,2024-10-14,Netherlands,Taiwan,TW2066802800,P-M10-BN-002,電動車電池模組固定螺母 M10,73181699,42538,723.16,759.32,3044
INV-EU-2024-05216,WO-2024-M10-05216,2024-10-14,Germany,Taiwan,TW2066750446,P-M10-BN-002,電動車電池模組固定螺母 M10,73181699,33046,561.79,589.88,4393
INV-EU-2024-05224,WO-2024-CS-05224,2024-10-14,Italy,Taiwan,TW2066655297,P-CS-BS-003,底盤懸吊臂襯套軸套,73269098,37152,10105.44,10848.48,78620
INV-EU-2024-05225,WO-2024-M10-05225,2024-10-14,Italy,Taiwan,TW2066887611,P-M10-BN-002,電動車電池模組固定螺母 M10,73181699,39205,666.49,699.81,4438
INV-EU-2024-05227,WO-2024-M12-05227,2024-10-14,France,Taiwan,TW2066777756,P-M12-EH-001,高強度引擎汽缸頭螺栓 M12,73181595,10077,642.46,692.85,3469
INV-EU-2024-05231,WO-2024-CS-05231,2024-10-14,Spain,Taiwan,TW2066513662,P-CS-BS-003,底盤懸吊臂襯套軸套,73269098,28699,7806.39,8380.37,57220
INV-EU-2024-05241,WO-2024-M10-05241,2024-10-14,France,Taiwan,TW2066430128,P-M10-BN-002,電動車電池模組固定螺母 M10,73181699,46283,786.82,826.16,2895
INV-EU-2024-05242,WO-2024-CS-05242,2024-10-14,Spain,Taiwan,TW2066611223,P-CS-BS-003,底盤懸吊臂襯套軸套,73269098,36919,10042.17,10780.55,33641
INV-EU-2024-05254,WO-2024-M10-05254,2024-10-14,Italy,Taiwan,TW2066281784,P-M10-BN-002,電動車電池模組固定螺母 M10,73181699,36401,618.82,649.76,4839
INV-EU-2024-05256,WO-2024-M10-05256,2024-10-14,France,Taiwan,TW2066722004,P-M10-BN-002,電動車電池模組固定螺母 M10,73181699,42032,714.55,750.28,3701
INV-EU-2024-05272,WO-2024-M10-05272,2024-10-14,Spain,Taiwan,TW2066491855,P-M10-BN-002,電動車電池模組固定螺母 M10,73181699,12958,220.3,231.31,689
INV-EU-2024-05285,WO-2024-M12-05285,2024-10-14,France,Taiwan,TW2066420246,P-M12-EH-001,高強度引擎汽缸頭螺栓 M12,73181595,41396,2639.02,2846,11400
INV-EU-2024-05295,WO-2024-M12-05295,2024-10-14,France,Taiwan,TW2066793801,P-M12-EH-001,高強度引擎汽缸頭螺栓 M12,73181595,23357,1489.07,1605.86,11793
INV-EU-2024-05168,WO-2024-M12-05168,2024-10-15,Italy,Taiwan,TW2066632879,P-M12-EH-001,高強度引擎汽缸頭螺栓 M12,73181595,42151,2687.17,2897.93,10479
INV-EU-2024-05170,WO-2024-M10-05170,2024-10-15,Germany,Taiwan,TW2066501257,P-M10-BN-002,電動車電池模組固定螺母 M10,73181699,21082,358.41,376.33,1096
INV-EU-2024-05174,WO-2024-CS-05174,2024-10-15,Netherlands,Taiwan,TW2066603246,P-CS-BS-003,底盤懸吊臂襯套軸套,73269098,31689,8619.6,9253.38,65422
INV-EU-2024-05197,WO-2024-M12-05197,2024-10-15,Spain,Taiwan,TW2066184108,P-M12-EH-001,高強度引擎汽缸頭螺栓 M12,73181595,46110,2939.54,3170.09,22752
INV-EU-2024-05198,WO-2024-M12-05198,2024-10-15,Spain,Taiwan,TW2066615402,P-M12-EH-001,高強度引擎汽缸頭螺栓 M12,73181595,13673,871.67,940.03,3260
INV-EU-2024-05213,WO-2024-M12-05213,2024-10-15,Netherlands,Taiwan,TW2066677332,P-M12-EH-001,高強度引擎汽缸頭螺栓 M12,73181595,37134,2367.35,2553.02,13564
INV-EU-2024-05215,WO-2024-CS-05215,2024-10-15,Spain,Taiwan,TW2066627358,P-CS-BS-003,底盤懸吊臂襯套軸套,73269098,45955,12499.77,13418.87,57373
INV-EU-2024-05233,WO-2024-CS-05233,2024-10-15,France,Taiwan,TW2066800602,P-CS-BS-003,底盤懸吊臂襯套軸套,73269098,40443,11000.66,11809.52,83054
INV-EU-2024-05235,WO-2024-CS-05235,2024-10-15,Spain,Taiwan,TW2066396936,P-CS-BS-003,底盤懸吊臂襯套軸套,73269098,16720,4548.08,4882.48,18510
INV-EU-2024-05239,WO-2024-M10-05239,2024-10-15,Germany,Taiwan,TW2066747161,P-M10-BN-002,電動車電池模組固定螺母 M10,73181699,23981,407.69,428.07,1977
INV-EU-2024-05261,WO-2024-M12-05261,2024-10-15,Netherlands,Taiwan,TW2066221971,P-M12-EH-001,高強度引擎汽缸頭螺栓 M12,73181595,23022,1467.68,1582.79,9877
INV-EU-2024-05262,WO-2024-M10-05262,2024-10-15,Italy,Taiwan,TW2066786074,P-M10-BN-002,電動車電池模組固定螺母 M10,73181699,49393,839.69,881.67,2594
INV-EU-2024-05273,WO-2024-M12-05273,2024-10-15,France,Taiwan,TW2066340934,P-M12-EH-001,高強度引擎汽缸頭螺栓 M12,73181595,15661,998.42,1076.72,6170
INV-EU-2024-05274,WO-2024-M10-05274,2024-10-15,Italy,Taiwan,TW2066148909,P-M10-BN-002,電動車電池模組固定螺母 M10,73181699,37452,636.69,668.52,3979
INV-EU-2024-05292,WO-2024-CS-05292,2024-10-15,Italy,Taiwan,TW2066313547,P-CS-BS-003,底盤懸吊臂襯套軸套,73269098,11442,3112.45,3341.29,13352
INV-EU-2024-05306,WO-2024-CS-05306,2024-10-15,Italy,Taiwan,TW2066235371,P-CS-BS-003,底盤懸吊臂襯套軸套,73269098,48193,13108.75,14072.61,40506
INV-EU-2024-05308,WO-2024-M10-05308,2024-10-15,Spain,Taiwan,TW2066624666,P-M10-BN-002,電動車電池模組固定螺母 M10,73181699,18724,318.31,334.23,1419
INV-EU-2024-05311,WO-2024-M10-05311,2024-10-15,Netherlands,Taiwan,TW2066433052,P-M10-BN-002,電動車電池模組固定螺母 M10,73181699,12118,206.02,216.32,1464
INV-EU-2024-05313,WO-2024-M12-05313,2024-10-15,Spain,Taiwan,TW2066813372,P-M12-EH-001,高強度引擎汽缸頭螺栓 M12,73181595,44677,2848.17,3071.56,19794
INV-EU-2024-05314,WO-2024-M10-05314,2024-10-15,Germany,Taiwan,TW2066975614,P-M10-BN-002,電動車電池模組固定螺母 M10,73181699,15941,271.01,284.56,1371
INV-EU-2024-05189,WO-2024-M12-05189,2024-10-16,Germany,Taiwan,TW2066524381,P-M12-EH-001,高強度引擎汽缸頭螺栓 M12,73181595,14012,893.32,963.38,2715
INV-EU-2024-05196,WO-2024-M10-05196,2024-10-16,France,Taiwan,TW2066738030,P-M10-BN-002,電動車電池模組固定螺母 M10,73181699,25879,439.95,461.95,3172
INV-EU-2024-05210,WO-2024-M10-05210,2024-10-16,Netherlands,Taiwan,TW2066838865,P-M10-BN-002,電動車電池模組固定螺母 M10,73181699,22685,385.65,404.93,2630
INV-EU-2024-05218,WO-2024-CS-05218,2024-10-16,Spain,Taiwan,TW2066361069,P-CS-BS-003,底盤懸吊臂襯套軸套,73269098,41330,11241.97,12068.57,77457
INV-EU-2024-05244,WO-2024-M10-05244,2024-10-16,Germany,Taiwan,TW2066108988,P-M10-BN-002,電動車電池模組固定螺母 M10,73181699,46155,784.64,823.87,3311
INV-EU-2024-05245,WO-2024-CS-05245,2024-10-16,Germany,Taiwan,TW2066999307,P-CS-BS-003,底盤懸吊臂襯套軸套,73269098,25276,6875.13,7380.65,26606
INV-EU-2024-05252,WO-2024-M10-05252,2024-10-16,Germany,Taiwan,TW2066209352,P-M10-BN-002,電動車電池模組固定螺母 M10,73181699,14472,246.03,258.33,819
INV-EU-2024-05260,WO-2024-M10-05260,2024-10-16,Spain,Taiwan,TW2066730426,P-M10-BN-002,電動車電池模組固定螺母 M10,73181699,17504,297.58,312.46,1059
INV-EU-2024-05266,WO-2024-M10-05266,2024-10-16,Germany,Taiwan,TW2066948538,P-M10-BN-002,電動車電池模組固定螺母 M10,73181699,38482,654.2,686.91,2571
INV-EU-2024-05280,WO-2024-CS-05280,2024-10-16,Spain,Taiwan,TW2066517350,P-CS-BS-003,底盤懸吊臂襯套軸套,73269098,26039,7082.67,7603.45,40725
INV-EU-2024-05281,WO-2024-M12-05281,2024-10-16,Spain,Taiwan,TW2066181790,P-M12-EH-001,高強度引擎汽缸頭螺栓 M12,73181595,9963,635.19,685.01,1981
INV-EU-2024-05286,WO-2024-CS-05286,2024-10-16,Spain,Taiwan,TW2066291585,P-CS-BS-003,底盤懸吊臂襯套軸套,73269098,31483,8563.6,9193.26,38279
INV-EU-2024-05291,WO-2024-CS-05291,2024-10-16,France,Taiwan,TW2066322128,P-CS-BS-003,底盤懸吊臂襯套軸套,73269098,49529,13472.06,14462.64,66013
INV-EU-2024-05304,WO-2024-CS-05304,2024-10-16,Germany,Taiwan,TW2066717161,P-CS-BS-003,底盤懸吊臂襯套軸套,73269098,12067,3282.34,3523.68,11028
INV-EU-2024-05310,WO-2024-M10-05310,2024-10-16,Germany,Taiwan,TW2066428046,P-M10-BN-002,電動車電池模組固定螺母 M10,73181699,20765,353.02,370.67,2199
INV-EU-2024-05316,WO-2024-CS-05316,2024-10-16,Italy,Taiwan,TW2066599876,P-CS-BS-003,底盤懸吊臂襯套軸套,73269098,27561,7496.79,8048.01,44605
INV-EU-2024-05327,WO-2024-M10-05327,2024-10-16,Italy,Taiwan,TW2066408868,P-M10-BN-002,電動車電池模組固定螺母 M10,73181699,35076,596.3,626.12,4531
INV-EU-2024-05329,WO-2024-CS-05329,2024-10-16,Germany,Taiwan,TW2066319202,P-CS-BS-003,底盤懸吊臂襯套軸套,73269098,27410,7455.73,8003.93,58303
INV-EU-2024-05220,WO-2024-M12-05220,2024-10-17,Germany,Taiwan,TW2066366434,P-M12-EH-001,高強度引擎汽缸頭螺栓 M12,73181595,43001,2741.37,2956.38,9594
INV-EU-2024-05236,WO-2024-CS-05236,2024-10-17,Germany,Taiwan,TW2066484177,P-CS-BS-003,底盤懸吊臂襯套軸套,73269098,19093,5193.48,5575.34,40872
INV-EU-2024-05237,WO-2024-M12-05237,2024-10-17,Germany,Taiwan,TW2066460759,P-M12-EH-001,高強度引擎汽缸頭螺栓 M12,73181595,17272,1101.15,1187.51,8148
INV-EU-2024-05238,WO-2024-CS-05238,2024-10-17,Italy,Taiwan,TW2066917620,P-CS-BS-003,底盤懸吊臂襯套軸套,73269098,22937,6238.9,6697.64,43048
INV-EU-2024-05246,WO-2024-CS-05246,2024-10-17,Spain,Taiwan,TW2066105897,P-CS-BS-003,底盤懸吊臂襯套軸套,73269098,41438,11271.39,12100.15,70558
INV-EU-2024-05268,WO-2024-M10-05268,2024-10-17,Spain,Taiwan,TW2066385664,P-M10-BN-002,電動車電池模組固定螺母 M10,73181699,26291,446.95,469.3,1582
INV-EU-2024-05269,WO-2024-M10-05269,2024-10-17,Italy,Taiwan,TW2066618750,P-M10-BN-002,電動車電池模組固定螺母 M10,73181699,22045,374.78,393.52,2747
INV-EU-2024-05290,WO-2024-M12-05290,2024-10-17,Netherlands,Taiwan,TW2066323223,P-M12-EH-001,高強度引擎汽缸頭螺栓 M12,73181595,10720,683.44,737.04,3731
INV-EU-2024-05293,WO-2024-M12-05293,2024-10-17,Netherlands,Taiwan,TW2066553035,P-M12-EH-001,高強度引擎汽缸頭螺栓 M12,73181595,43914,2799.54,3019.11,14501
INV-EU-2024-05297,WO-2024-M10-05297,2024-10-17,Netherlands,Taiwan,TW2066176780,P-M10-BN-002,電動車電池模組固定螺母 M10,73181699,34214,581.65,610.73,3309
INV-EU-2024-05299,WO-2024-M12-05299,2024-10-17,Netherlands,Taiwan,TW2066597473,P-M12-EH-001,高強度引擎汽缸頭螺栓 M12,73181595,21302,1358.06,1464.57,7781
INV-EU-2024-05309,WO-2024-CS-05309,2024-10-17,France,Taiwan,TW2066890033,P-CS-BS-003,底盤懸吊臂襯套軸套,73269098,49462,13453.71,14442.95,106822
INV-EU-2024-05226,WO-2024-CS-05226,2024-10-18,Italy,Taiwan,TW2066343757,P-CS-BS-003,底盤懸吊臂襯套軸套,73269098,49620,13496.67,14489.07,87323
INV-EU-2024-05249,WO-2024-CS-05249,2024-10-18,Spain,Taiwan,TW2066544847,P-CS-BS-003,底盤懸吊臂襯套軸套,73269098,43811,11916.79,12793.01,66614
INV-EU-2024-05263,WO-2024-M10-05263,2024-10-18,Spain,Taiwan,TW2066510831,P-M10-BN-002,電動車電池模組固定螺母 M10,73181699,21472,365.03,383.28,2734
INV-EU-2024-05277,WO-2024-M12-05277,2024-10-18,Netherlands,Taiwan,TW2066922524,P-M12-EH-001,高強度引擎汽缸頭螺栓 M12,73181595,21316,1358.91,1465.49,6006
INV-EU-2024-05283,WO-2024-CS-05283,2024-10-18,Italy,Taiwan,TW2066394296,P-CS-BS-003,底盤懸吊臂襯套軸套,73269098,18502,5032.67,5402.71,36134
INV-EU-2024-05284,WO-2024-M10-05284,2024-10-18,France,Taiwan,TW2066312403,P-M10-BN-002,電動車電池模組固定螺母 M10,73181699,23480,399.17,419.13,2047
INV-EU-2024-05288,WO-2024-M10-05288,2024-10-18,Germany,Taiwan,TW2066285435,P-M10-BN-002,電動車電池模組固定螺母 M10,73181699,10599,180.2,189.21,652
INV-EU-2024-05289,WO-2024-CS-05289,2024-10-18,Netherlands,Taiwan,TW2066603265,P-CS-BS-003,底盤懸吊臂襯套軸套,73269098,19591,5328.83,5720.65,38527
INV-EU-2024-05294,WO-2024-M12-05294,2024-10-18,Spain,Taiwan,TW2066748282,P-M12-EH-001,高強度引擎汽缸頭螺栓 M12,73181595,44921,2863.76,3088.37,22165
INV-EU-2024-05319,WO-2024-M10-05319,2024-10-18,Netherlands,Taiwan,TW2066964809,P-M10-BN-002,電動車電池模組固定螺母 M10,73181699,40818,693.92,728.62,2255
INV-EU-2024-05322,WO-2024-M10-05322,2024-10-18,France,Taiwan,TW2066749086,P-M10-BN-002,電動車電池模組固定螺母 M10,73181699,28366,482.23,506.34,2078
INV-EU-2024-05336,WO-2024-CS-05336,2024-10-18,France,Taiwan,TW2066935552,P-CS-BS-003,底盤懸吊臂襯套軸套,73269098,22427,6100.33,6548.87,25682
INV-EU-2024-05337,WO-2024-CS-05337,2024-10-18,Spain,Taiwan,TW2066626046,P-CS-BS-003,底盤懸吊臂襯套軸套,73269098,43605,11860.6,12732.7,69977
INV-EU-2024-05344,WO-2024-CS-05344,2024-10-18,Germany,Taiwan,TW2066867981,P-CS-BS-003,底盤懸吊臂襯套軸套,73269098,19709,5360.9,5755.08,34845
INV-EU-2024-05353,WO-2024-M10-05353,2024-10-18,France,Taiwan,TW2066796167,P-M10-BN-002,電動車電池模組固定螺母 M10,73181699,38225,649.84,682.33,4821
INV-EU-2024-05360,WO-2024-CS-05360,2024-10-18,Italy,Taiwan,TW2066739266,P-CS-BS-003,底盤懸吊臂襯套軸套,73269098,42288,11502.38,12348.14,82932
INV-EU-2024-05240,WO-2024-CS-05240,2024-10-19,Germany,Taiwan,TW2066530306,P-CS-BS-003,底盤懸吊臂襯套軸套,73269098,44347,12062.64,12949.58,58745
INV-EU-2024-05247,WO-2024-CS-05247,2024-10-19,Spain,Taiwan,TW2066660890,P-CS-BS-003,底盤懸吊臂襯套軸套,73269098,43890,11938.17,12815.97,78911
INV-EU-2024-05248,WO-2024-M10-05248,2024-10-19,Spain,Taiwan,TW2066940181,P-M10-BN-002,電動車電池模組固定螺母 M10,73181699,12547,213.3,223.97,1162
INV-EU-2024-05253,WO-2024-M10-05253,2024-10-19,Spain,Taiwan,TW2066740663,P-M10-BN-002,電動車電池模組固定螺母 M10,73181699,45637,775.84,814.63,3530
INV-EU-2024-05258,WO-2024-M12-05258,2024-10-19,France,Taiwan,TW2066778837,P-M12-EH-001,高強度引擎汽缸頭螺栓 M12,73181595,36149,2304.55,2485.3,10946
INV-EU-2024-05267,WO-2024-M12-05267,2024-10-19,Italy,Taiwan,TW2066724444,P-M12-EH-001,高強度引擎汽缸頭螺栓 M12,73181595,15646,997.48,1075.71,6593
INV-EU-2024-05296,WO-2024-CS-05296,2024-10-19,Spain,Taiwan,TW2066236115,P-CS-BS-003,底盤懸吊臂襯套軸套,73269098,37854,10296.42,11053.5,40053
INV-EU-2024-05298,WO-2024-M10-05298,2024-10-19,Italy,Taiwan,TW2066531421,P-M10-BN-002,電動車電池模組固定螺母 M10,73181699,45487,773.28,811.94,2443
INV-EU-2024-05300,WO-2024-M12-05300,2024-10-19,Spain,Taiwan,TW2066520445,P-M12-EH-001,高強度引擎汽缸頭螺栓 M12,73181595,40227,2564.48,2765.61,11360
INV-EU-2024-05305,WO-2024-CS-05305,2024-10-19,Italy,Taiwan,TW2066410674,P-CS-BS-003,底盤懸吊臂襯套軸套,73269098,13266,3608.5,3873.82,17248
INV-EU-2024-05317,WO-2024-M10-05317,2024-10-19,Italy,Taiwan,TW2066514624,P-M10-BN-002,電動車電池模組固定螺母 M10,73181699,29779,506.25,531.56,3736
INV-EU-2024-05323,WO-2024-CS-05323,2024-10-19,Spain,Taiwan,TW2066244442,P-CS-BS-003,底盤懸吊臂襯套軸套,73269098,34132,9284.11,9966.75,31008
INV-EU-2024-05325,WO-2024-CS-05325,2024-10-19,France,Taiwan,TW2066100703,P-CS-BS-003,底盤懸吊臂襯套軸套,73269098,33071,8995.32,9656.74,68454
INV-EU-2024-05326,WO-2024-CS-05326,2024-10-19,France,Taiwan,TW2066513218,P-CS-BS-003,底盤懸吊臂襯套軸套,73269098,27406,7454.61,8002.73,51734
INV-EU-2024-05330,WO-2024-CS-05330,2024-10-19,France,Taiwan,TW2066874830,P-CS-BS-003,底盤懸吊臂襯套軸套,73269098,39185,10658.43,11442.13,34959
INV-EU-2024-05332,WO-2024-M12-05332,2024-10-19,France,Taiwan,TW2066510945,P-M12-EH-001,高強度引擎汽缸頭螺栓 M12,73181595,26497,1689.22,1821.7,8716
INV-EU-2024-05350,WO-2024-M10-05350,2024-10-19,Spain,Taiwan,TW2066909863,P-M10-BN-002,電動車電池模組固定螺母 M10,73181699,10238,174.05,182.75,682
INV-EU-2024-05354,WO-2024-M10-05354,2024-10-19,Germany,Taiwan,TW2066232864,P-M10-BN-002,電動車電池模組固定螺母 M10,73181699,26307,447.23,469.59,1744
INV-EU-2024-05359,WO-2024-CS-05359,2024-10-19,Italy,Taiwan,TW2066312126,P-CS-BS-003,底盤懸吊臂襯套軸套,73269098,17636,4797.13,5149.85,26432
INV-EU-2024-05366,WO-2024-M10-05366,2024-10-19,Spain,Taiwan,TW2066766766,P-M10-BN-002,電動車電池模組固定螺母 M10,73181699,43634,741.79,778.88,3820
INV-EU-2024-05378,WO-2024-M12-05378,2024-10-19,Germany,Taiwan,TW2066409309,P-M12-EH-001,高強度引擎汽缸頭螺栓 M12,73181595,29567,1884.94,2032.78,9349
INV-EU-2024-05250,WO-2024-M12-05250,2024-10-20,Germany,Taiwan,TW2066623353,P-M12-EH-001,高強度引擎汽缸頭螺栓 M12,73181595,34836,2220.83,2395.01,16078
INV-EU-2024-05255,WO-2024-CS-05255,2024-10-20,France,Taiwan,TW2066547400,P-CS-BS-003,底盤懸吊臂襯套軸套,73269098,40716,11075.02,11889.34,72319
INV-EU-2024-05270,WO-2024-M10-05270,2024-10-20,Spain,Taiwan,TW2066947505,P-M10-BN-002,電動車電池模組固定螺母 M10,73181699,25411,432,453.6,1887
INV-EU-2024-05271,WO-2024-M10-05271,2024-10-20,Spain,Taiwan,TW2066657924,P-M10-BN-002,電動車電池模組固定螺母 M10,73181699,20744,352.65,370.28,1936
INV-EU-2024-05287,WO-2024-M12-05287,2024-10-20,Italy,Taiwan,TW2066317268,P-M12-EH-001,高強度引擎汽缸頭螺栓 M12,73181595,34275,2185.07,2356.45,9373
INV-EU-2024-05312,WO-2024-M10-05312,2024-10-20,Germany,Taiwan,TW2066771751,P-M10-BN-002,電動車電池模組固定螺母 M10,73181699,11529,196,205.8,593
INV-EU-2024-05315,WO-2024-CS-05315,2024-10-20,Spain,Taiwan,TW2066937699,P-CS-BS-003,底盤懸吊臂襯套軸套,73269098,12404,3374.01,3622.09,18017
INV-EU-2024-05320,WO-2024-M10-05320,2024-10-20,France,Taiwan,TW2066414438,P-M10-BN-002,電動車電池模組固定螺母 M10,73181699,48269,820.58,861.61,3068
INV-EU-2024-05331,WO-2024-M12-05331,2024-10-20,France,Taiwan,TW2066408032,P-M12-EH-001,高強度引擎汽缸頭螺栓 M12,73181595,31264,1993.14,2149.46,8311
INV-EU-2024-05342,WO-2024-CS-05342,2024-10-20,Italy,Taiwan,TW2066745518,P-CS-BS-003,底盤懸吊臂襯套軸套,73269098,31381,8535.79,9163.41,28936
INV-EU-2024-05343,WO-2024-CS-05343,2024-10-20,Spain,Taiwan,TW2066716776,P-CS-BS-003,底盤懸吊臂襯套軸套,73269098,26654,7250.1,7783.18,43935
INV-EU-2024-05346,WO-2024-CS-05346,2024-10-20,Spain,Taiwan,TW2066639835,P-CS-BS-003,底盤懸吊臂襯套軸套,73269098,34539,9394.87,10085.65,69991
INV-EU-2024-05348,WO-2024-M12-05348,2024-10-20,Italy,Taiwan,TW2066410141,P-M12-EH-001,高強度引擎汽缸頭螺栓 M12,73181595,37552,2393.94,2581.7,17715
INV-EU-2024-05356,WO-2024-M10-05356,2024-10-20,Spain,Taiwan,TW2066845124,P-M10-BN-002,電動車電池模組固定螺母 M10,73181699,33624,571.62,600.2,3303
INV-EU-2024-05363,WO-2024-M10-05363,2024-10-20,Netherlands,Taiwan,TW2066952951,P-M10-BN-002,電動車電池模組固定螺母 M10,73181699,36813,625.83,657.12,2121
INV-EU-2024-05368,WO-2024-M10-05368,2024-10-20,France,Taiwan,TW2066734011,P-M10-BN-002,電動車電池模組固定螺母 M10,73181699,12502,212.55,223.18,1113
INV-EU-2024-05374,WO-2024-CS-05374,2024-10-20,Italy,Taiwan,TW2066450785,P-CS-BS-003,底盤懸吊臂襯套軸套,73269098,14740,4009.38,4304.18,26622
INV-EU-2024-05376,WO-2024-M10-05376,2024-10-20,Italy,Taiwan,TW2066879719,P-M10-BN-002,電動車電池模組固定螺母 M10,73181699,40562,689.57,724.05,3730
INV-EU-2024-05380,WO-2024-M12-05380,2024-10-20,Germany,Taiwan,TW2066325703,P-M12-EH-001,高強度引擎汽缸頭螺栓 M12,73181595,13882,885,954.41,6239
INV-EU-2024-05384,WO-2024-M10-05384,2024-10-20,France,Taiwan,TW2066234884,P-M10-BN-002,電動車電池模組固定螺母 M10,73181699,40913,695.53,730.31,2274
INV-EU-2024-05390,WO-2024-CS-05390,2024-10-20,Netherlands,Taiwan,TW2066618641,P-CS-BS-003,底盤懸吊臂襯套軸套,73269098,42545,11572.38,12423.28,64805
INV-EU-2024-05279,WO-2024-M12-05279,2024-10-21,France,Taiwan,TW2066805436,P-M12-EH-001,高強度引擎汽缸頭螺栓 M12,73181595,45257,2885.15,3111.43,22734
INV-EU-2024-05282,WO-2024-M12-05282,2024-10-21,France,Taiwan,TW2066321464,P-M12-EH-001,高強度引擎汽缸頭螺栓 M12,73181595,40911,2608.08,2812.63,16769
INV-EU-2024-05307,WO-2024-M10-05307,2024-10-21,Spain,Taiwan,TW2066792493,P-M10-BN-002,電動車電池模組固定螺母 M10,73181699,39639,673.87,707.56,3686
INV-EU-2024-05321,WO-2024-M10-05321,2024-10-21,Italy,Taiwan,TW2066844996,P-M10-BN-002,電動車電池模組固定螺母 M10,73181699,37825,643.03,675.18,3189
INV-EU-2024-05334,WO-2024-M10-05334,2024-10-21,Italy,Taiwan,TW2066746014,P-M10-BN-002,電動車電池模組固定螺母 M10,73181699,44002,748.04,785.44,3545
INV-EU-2024-05340,WO-2024-M12-05340,2024-10-21,France,Taiwan,TW2066240381,P-M12-EH-001,高強度引擎汽缸頭螺栓 M12,73181595,27732,1767.93,1906.59,10872
INV-EU-2024-05367,WO-2024-CS-05367,2024-10-21,Italy,Taiwan,TW2066235732,P-CS-BS-003,底盤懸吊臂襯套軸套,73269098,31305,8514.98,9141.08,38317
INV-EU-2024-05369,WO-2024-M12-05369,2024-10-21,Italy,Taiwan,TW2066547845,P-M12-EH-001,高強度引擎汽缸頭螺栓 M12,73181595,28245,1800.65,1941.88,7706
INV-EU-2024-05373,WO-2024-M10-05373,2024-10-21,France,Taiwan,TW2066841055,P-M10-BN-002,電動車電池模組固定螺母 M10,73181699,29908,508.44,533.86,3976
INV-EU-2024-05382,WO-2024-M12-05382,2024-10-21,Netherlands,Taiwan,TW2066754953,P-M12-EH-001,高強度引擎汽缸頭螺栓 M12,73181595,35962,2292.63,2472.44,9193
INV-EU-2024-05404,WO-2024-CS-05404,2024-10-21,Netherlands,Taiwan,TW2066711980,P-CS-BS-003,底盤懸吊臂襯套軸套,73269098,15743,4282.17,4597.03,19184
INV-EU-2024-05410,WO-2024-M12-05410,2024-10-21,Germany,Taiwan,TW2066245776,P-M12-EH-001,高強度引擎汽缸頭螺栓 M12,73181595,40940,2609.97,2814.67,13676
INV-EU-2024-05301,WO-2024-M12-05301,2024-10-22,Italy,Taiwan,TW2066902148,P-M12-EH-001,高強度引擎汽缸頭螺栓 M12,73181595,17413,1110.12,1197.18,6882
INV-EU-2024-05302,WO-2024-M12-05302,2024-10-22,Spain,Taiwan,TW2066915482,P-M12-EH-001,高強度引擎汽缸頭螺栓 M12,73181595,41325,2634.47,2841.09,10485
INV-EU-2024-05303,WO-2024-M12-05303,2024-10-22,Italy,Taiwan,TW2066210483,P-M12-EH-001,高強度引擎汽缸頭螺栓 M12,73181595,13696,873.17,941.65,4418
INV-EU-2024-05335,WO-2024-M12-05335,2024-10-22,Germany,Taiwan,TW2066928520,P-M12-EH-001,高強度引擎汽缸頭螺栓 M12,73181595,11114,708.58,764.15,3720
INV-EU-2024-05349,WO-2024-M12-05349,2024-10-22,Netherlands,Taiwan,TW2066260547,P-M12-EH-001,高強度引擎汽缸頭螺栓 M12,73181595,19264,1228.09,1324.41,7577
INV-EU-2024-05351,WO-2024-M10-05351,2024-10-22,Italy,Taiwan,TW2066369847,P-M10-BN-002,電動車電池模組固定螺母 M10,73181699,28906,491.41,515.98,3882
INV-EU-2024-05357,WO-2024-CS-05357,2024-10-22,Spain,Taiwan,TW2066386530,P-CS-BS-003,底盤懸吊臂襯套軸套,73269098,43220,11756.07,12620.47,93695
INV-EU-2024-05362,WO-2024-M10-05362,2024-10-22,Netherlands,Taiwan,TW2066879959,P-M10-BN-002,電動車電池模組固定螺母 M10,73181699,15151,257.58,270.46,1303
INV-EU-2024-05365,WO-2024-CS-05365,2024-10-22,Italy,Taiwan,TW2066191935,P-CS-BS-003,底盤懸吊臂襯套軸套,73269098,46227,12573.82,13498.36,38978
INV-EU-2024-05372,WO-2024-M10-05372,2024-10-22,Spain,Taiwan,TW2066510106,P-M10-BN-002,電動車電池模組固定螺母 M10,73181699,34826,592.05,621.65,1912
INV-EU-2024-05381,WO-2024-CS-05381,2024-10-22,Netherlands,Taiwan,TW2066140770,P-CS-BS-003,底盤懸吊臂襯套軸套,73269098,42657,11602.84,12455.98,53953
INV-EU-2024-05385,WO-2024-CS-05385,2024-10-22,Spain,Taiwan,TW2066453588,P-CS-BS-003,底盤懸吊臂襯套軸套,73269098,32750,8908.11,9563.11,55942
INV-EU-2024-05395,WO-2024-M10-05395,2024-10-22,Italy,Taiwan,TW2066647088,P-M10-BN-002,電動車電池模組固定螺母 M10,73181699,34948,594.13,623.84,3505
INV-EU-2024-05406,WO-2024-M12-05406,2024-10-22,Netherlands,Taiwan,TW2066286843,P-M12-EH-001,高強度引擎汽缸頭螺栓 M12,73181595,12451,793.81,856.06,3214
INV-EU-2024-05422,WO-2024-CS-05422,2024-10-22,Netherlands,Taiwan,TW2066929265,P-CS-BS-003,底盤懸吊臂襯套軸套,73269098,47996,13054.92,14014.84,73629
INV-EU-2024-05431,WO-2024-CS-05431,2024-10-22,Netherlands,Taiwan,TW2066571775,P-CS-BS-003,底盤懸吊臂襯套軸套,73269098,32976,8969.68,9629.2,69694
INV-EU-2024-05318,WO-2024-M10-05318,2024-10-23,Spain,Taiwan,TW2066492648,P-M10-BN-002,電動車電池模組固定螺母 M10,73181699,35605,605.3,635.56,4243
INV-EU-2024-05324,WO-2024-M12-05324,2024-10-23,Italy,Taiwan,TW2066714645,P-M12-EH-001,高強度引擎汽缸頭螺栓 M12,73181595,29588,1886.26,2034.2,12958
INV-EU-2024-05328,WO-2024-CS-05328,2024-10-23,Spain,Taiwan,TW2066891523,P-CS-BS-003,底盤懸吊臂襯套軸套,73269098,42100,11451.31,12293.31,75807
INV-EU-2024-05333,WO-2024-CS-05333,2024-10-23,Netherlands,Taiwan,TW2066972723,P-CS-BS-003,底盤懸吊臂襯套軸套,73269098,22705,6175.99,6630.09,38352
INV-EU-2024-05345,WO-2024-M10-05345,2024-10-23,Netherlands,Taiwan,TW2066117538,P-M10-BN-002,電動車電池模組固定螺母 M10,73181699,30853,524.51,550.74,2334
INV-EU-2024-05370,WO-2024-CS-05370,2024-10-23,Spain,Taiwan,TW2066522855,P-CS-BS-003,底盤懸吊臂襯套軸套,73269098,15622,4249.26,4561.7,32209
INV-EU-2024-05379,WO-2024-M10-05379,2024-10-23,Germany,Taiwan,TW2066667414,P-M10-BN-002,電動車電池模組固定螺母 M10,73181699,11529,196,205.8,772
INV-EU-2024-05383,WO-2024-M10-05383,2024-10-23,France,Taiwan,TW2066933931,P-M10-BN-002,電動車電池模組固定螺母 M10,73181699,41119,699.03,733.98,5578
INV-EU-2024-05388,WO-2024-CS-05388,2024-10-23,Spain,Taiwan,TW2066290416,P-CS-BS-003,底盤懸吊臂襯套軸套,73269098,48140,13094.35,14057.15,98338
INV-EU-2024-05394,WO-2024-CS-05394,2024-10-23,Netherlands,Taiwan,TW2066261793,P-CS-BS-003,底盤懸吊臂襯套軸套,73269098,42090,11448.65,12290.45,72469
INV-EU-2024-05401,WO-2024-M12-05401,2024-10-23,Spain,Taiwan,TW2066777541,P-M12-EH-001,高強度引擎汽缸頭螺栓 M12,73181595,20915,1333.36,1437.93,6053
INV-EU-2024-05405,WO-2024-M12-05405,2024-10-23,Germany,Taiwan,TW2066381118,P-M12-EH-001,高強度引擎汽缸頭螺栓 M12,73181595,17544,1118.45,1206.17,8667
INV-EU-2024-05411,WO-2024-CS-05411,2024-10-23,Italy,Taiwan,TW2066389332,P-CS-BS-003,底盤懸吊臂襯套軸套,73269098,32438,8823.24,9472,41380
INV-EU-2024-05413,WO-2024-M10-05413,2024-10-23,Germany,Taiwan,TW2066505960,P-M10-BN-002,電動車電池模組固定螺母 M10,73181699,37602,639.25,671.21,4736
INV-EU-2024-05417,WO-2024-M12-05417,2024-10-23,Italy,Taiwan,TW2066191194,P-M12-EH-001,高強度引擎汽缸頭螺栓 M12,73181595,30772,1961.74,2115.6,7140
INV-EU-2024-05419,WO-2024-M10-05419,2024-10-23,Netherlands,Taiwan,TW2066942189,P-M10-BN-002,電動車電池模組固定螺母 M10,73181699,35388,601.61,631.69,3393
INV-EU-2024-05425,WO-2024-CS-05425,2024-10-23,Netherlands,Taiwan,TW2066223926,P-CS-BS-003,底盤懸吊臂襯套軸套,73269098,13467,3663.26,3932.6,23151
INV-EU-2024-05430,WO-2024-M12-05430,2024-10-23,Italy,Taiwan,TW2066125159,P-M12-EH-001,高強度引擎汽缸頭螺栓 M12,73181595,33143,2112.89,2278.61,6486
INV-EU-2024-05433,WO-2024-M10-05433,2024-10-23,Spain,Taiwan,TW2066845866,P-M10-BN-002,電動車電池模組固定螺母 M10,73181699,24722,420.28,441.29,1971
INV-EU-2024-05445,WO-2024-M10-05445,2024-10-23,France,Taiwan,TW2066407185,P-M10-BN-002,電動車電池模組固定螺母 M10,73181699,25995,441.93,464.03,2249
INV-EU-2024-05456,WO-2024-CS-05456,2024-10-23,Germany,Taiwan,TW2066741976,P-CS-BS-003,底盤懸吊臂襯套軸套,73269098,22143,6023.14,6466,38668
INV-EU-2024-05338,WO-2024-CS-05338,2024-10-24,Germany,Taiwan,TW2066439509,P-CS-BS-003,底盤懸吊臂襯套軸套,73269098,13062,3553.07,3814.31,14603
INV-EU-2024-05339,WO-2024-M12-05339,2024-10-24,Spain,Taiwan,TW2066302641,P-M12-EH-001,高強度引擎汽缸頭螺栓 M12,73181595,43637,2781.86,3000.05,11850
INV-EU-2024-05341,WO-2024-M12-05341,2024-10-24,Italy,Taiwan,TW2066711342,P-M12-EH-001,高強度引擎汽缸頭螺栓 M12,73181595,39201,2499.12,2695.13,11720
INV-EU-2024-05347,WO-2024-M10-05347,2024-10-24,Germany,Taiwan,TW2066551364,P-M10-BN-002,電動車電池模組固定螺母 M10,73181699,24187,411.19,431.75,2685
INV-EU-2024-05358,WO-2024-M12-05358,2024-10-24,Germany,Taiwan,TW2066419418,P-M12-EH-001,高強度引擎汽缸頭螺栓 M12,73181595,31228,1990.79,2146.93,15647
INV-EU-2024-05361,WO-2024-M12-05361,2024-10-24,Italy,Taiwan,TW2066829926,P-M12-EH-001,高強度引擎汽缸頭螺栓 M12,73181595,37250,2374.74,2560.99,10686
INV-EU-2024-05364,WO-2024-CS-05364,2024-10-24,Italy,Taiwan,TW2066687399,P-CS-BS-003,底盤懸吊臂襯套軸套,73269098,22120,6016.9,6459.3,28941
INV-EU-2024-05392,WO-2024-CS-05392,2024-10-24,Italy,Taiwan,TW2066802690,P-CS-BS-003,底盤懸吊臂襯套軸套,73269098,42761,11631.21,12486.43,84791
INV-EU-2024-05403,WO-2024-CS-05403,2024-10-24,Spain,Taiwan,TW2066512843,P-CS-BS-003,底盤懸吊臂襯套軸套,73269098,12691,3452.03,3705.85,12185
INV-EU-2024-05412,WO-2024-M10-05412,2024-10-24,France,Taiwan,TW2066443571,P-M10-BN-002,電動車電池模組固定螺母 M10,73181699,17755,301.84,316.93,993
INV-EU-2024-05418,WO-2024-M10-05418,2024-10-24,France,Taiwan,TW2066693015,P-M10-BN-002,電動車電池模組固定螺母 M10,73181699,16314,277.34,291.21,970
INV-EU-2024-05427,WO-2024-M12-05427,2024-10-24,France,Taiwan,TW2066185152,P-M12-EH-001,高強度引擎汽缸頭螺栓 M12,73181595,25271,1611.08,1737.43,9247
INV-EU-2024-05436,WO-2024-M10-05436,2024-10-24,France,Taiwan,TW2066685141,P-M10-BN-002,電動車電池模組固定螺母 M10,73181699,32839,558.28,586.19,3299
INV-EU-2024-05440,WO-2024-M12-05440,2024-10-24,Germany,Taiwan,TW2066290038,P-M12-EH-001,高強度引擎汽缸頭螺栓 M12,73181595,19725,1257.5,1356.13,3835
INV-EU-2024-05448,WO-2024-CS-05448,2024-10-24,Italy,Taiwan,TW2066129468,P-CS-BS-003,底盤懸吊臂襯套軸套,73269098,27008,7346.29,7886.45,22112
INV-EU-2024-05452,WO-2024-CS-05452,2024-10-24,Spain,Taiwan,TW2066783330,P-CS-BS-003,底盤懸吊臂襯套軸套,73269098,24803,6746.58,7242.64,43987
INV-EU-2024-05460,WO-2024-CS-05460,2024-10-24,Netherlands,Taiwan,TW2066887797,P-CS-BS-003,底盤懸吊臂襯套軸套,73269098,38599,10499.04,11271.02,70658
INV-EU-2024-05352,WO-2024-M10-05352,2024-10-25,Spain,Taiwan,TW2066339080,P-M10-BN-002,電動車電池模組固定螺母 M10,73181699,15847,269.41,282.88,1314
INV-EU-2024-05355,WO-2024-CS-05355,2024-10-25,Spain,Taiwan,TW2066609226,P-CS-BS-003,底盤懸吊臂襯套軸套,73269098,18822,5119.69,5496.13,31639
INV-EU-2024-05375,WO-2024-M12-05375,2024-10-25,Italy,Taiwan,TW2066121357,P-M12-EH-001,高強度引擎汽缸頭螺栓 M12,73181595,46246,2948.24,3179.47,17070
INV-EU-2024-05377,WO-2024-CS-05377,2024-10-25,Italy,Taiwan,TW2066838492,P-CS-BS-003,底盤懸吊臂襯套軸套,73269098,33491,9109.58,9779.4,53199
INV-EU-2024-05389,WO-2024-M12-05389,2024-10-25,Spain,Taiwan,TW2066527195,P-M12-EH-001,高強度引擎汽缸頭螺栓 M12,73181595,36741,2342.28,2525.99,9205
INV-EU-2024-05399,WO-2024-M10-05399,2024-10-25,Germany,Taiwan,TW2066649506,P-M10-BN-002,電動車電池模組固定螺母 M10,73181699,42944,730.06,766.56,5198
INV-EU-2024-05407,WO-2024-CS-05407,2024-10-25,Netherlands,Taiwan,TW2066838246,P-CS-BS-003,底盤懸吊臂襯套軸套,73269098,40569,11035.01,11846.39,48995
INV-EU-2024-05438,WO-2024-M12-05438,2024-10-25,Germany,Taiwan,TW2066305311,P-M12-EH-001,高強度引擎汽缸頭螺栓 M12,73181595,23725,1512.53,1631.15,8818
INV-EU-2024-05443,WO-2024-M10-05443,2024-10-25,France,Taiwan,TW2066192959,P-M10-BN-002,電動車電池模組固定螺母 M10,73181699,24978,424.63,445.86,2237
INV-EU-2024-05450,WO-2024-CS-05450,2024-10-25,Italy,Taiwan,TW2066999367,P-CS-BS-003,底盤懸吊臂襯套軸套,73269098,44586,12127.55,13019.27,63548
INV-EU-2024-05469,WO-2024-M12-05469,2024-10-25,France,Taiwan,TW2066183613,P-M12-EH-001,高強度引擎汽缸頭螺栓 M12,73181595,29475,1879.07,2026.44,6388
INV-EU-2024-05473,WO-2024-CS-05473,2024-10-25,Italy,Taiwan,TW2066948225,P-CS-BS-003,底盤懸吊臂襯套軸套,73269098,39691,10796.16,11589.98,72658
INV-EU-2024-05476,WO-2024-M12-05476,2024-10-25,Italy,Taiwan,TW2066739928,P-M12-EH-001,高強度引擎汽缸頭螺栓 M12,73181595,28218,1798.95,1940.04,5954
INV-EU-2024-05477,WO-2024-M12-05477,2024-10-25,Italy,Taiwan,TW2066421822,P-M12-EH-001,高強度引擎汽缸頭螺栓 M12,73181595,36640,2335.84,2519.04,15276
INV-EU-2024-05478,WO-2024-CS-05478,2024-10-25,Italy,Taiwan,TW2066710973,P-CS-BS-003,底盤懸吊臂襯套軸套,73269098,32200,8758.64,9402.64,29253
INV-EU-2024-05479,WO-2024-CS-05479,2024-10-25,France,Taiwan,TW2066873397,P-CS-BS-003,底盤懸吊臂襯套軸套,73269098,17145,4663.67,5006.57,16882
INV-EU-2024-05483,WO-2024-M10-05483,2024-10-25,France,Taiwan,TW2066969783,P-M10-BN-002,電動車電池模組固定螺母 M10,73181699,22028,374.49,393.21,2160
INV-EU-2024-05486,WO-2024-M10-05486,2024-10-25,Italy,Taiwan,TW2066880302,P-M10-BN-002,電動車電池模組固定螺母 M10,73181699,40085,681.45,715.52,3563
INV-EU-2024-05371,WO-2024-CS-05371,2024-10-26,Netherlands,Taiwan,TW2066714032,P-CS-BS-003,底盤懸吊臂襯套軸套,73269098,25288,6878.44,7384.2,45397
INV-EU-2024-05386,WO-2024-CS-05386,2024-10-26,France,Taiwan,TW2066174795,P-CS-BS-003,底盤懸吊臂襯套軸套,73269098,10283,2797.17,3002.83,17286
INV-EU-2024-05391,WO-2024-CS-05391,2024-10-26,Spain,Taiwan,TW2066647410,P-CS-BS-003,底盤懸吊臂襯套軸套,73269098,20577,5597.09,6008.63,17518
INV-EU-2024-05400,WO-2024-M12-05400,2024-10-26,Netherlands,Taiwan,TW2066812193,P-M12-EH-001,高強度引擎汽缸頭螺栓 M12,73181595,12034,767.22,827.39,3805
INV-EU-2024-05420,WO-2024-CS-05420,2024-10-26,Netherlands,Taiwan,TW2066383235,P-CS-BS-003,底盤懸吊臂襯套軸套,73269098,11222,3052.48,3276.92,10897
INV-EU-2024-05421,WO-2024-CS-05421,2024-10-26,Netherlands,Taiwan,TW2066728854,P-CS-BS-003,底盤懸吊臂襯套軸套,73269098,35289,9598.62,10304.4,52984
INV-EU-2024-05428,WO-2024-CS-05428,2024-10-26,Spain,Taiwan,TW2066530106,P-CS-BS-003,底盤懸吊臂襯套軸套,73269098,26117,7103.95,7626.29,25361
INV-EU-2024-05441,WO-2024-M10-05441,2024-10-26,Spain,Taiwan,TW2066995418,P-M10-BN-002,電動車電池模組固定螺母 M10,73181699,49582,842.9,885.04,5976
INV-EU-2024-05465,WO-2024-M10-05465,2024-10-26,Germany,Taiwan,TW2066118238,P-M10-BN-002,電動車電池模組固定螺母 M10,73181699,14861,252.65,265.28,1945
INV-EU-2024-05468,WO-2024-M12-05468,2024-10-26,Netherlands,Taiwan,TW2066786214,P-M12-EH-001,高強度引擎汽缸頭螺栓 M12,73181595,19627,1251.27,1349.4,4642
INV-EU-2024-05475,WO-2024-M12-05475,2024-10-26,Italy,Taiwan,TW2066498697,P-M12-EH-001,高強度引擎汽缸頭螺栓 M12,73181595,15578,993.12,1071.01,7478
INV-EU-2024-05496,WO-2024-M10-05496,2024-10-26,France,Taiwan,TW2066387186,P-M10-BN-002,電動車電池模組固定螺母 M10,73181699,32818,557.91,585.81,2560
INV-EU-2024-05504,WO-2024-M10-05504,2024-10-26,Netherlands,Taiwan,TW2066704828,P-M10-BN-002,電動車電池模組固定螺母 M10,73181699,10338,175.76,184.55,1110
INV-EU-2024-05387,WO-2024-M10-05387,2024-10-27,Italy,Taiwan,TW2066786055,P-M10-BN-002,電動車電池模組固定螺母 M10,73181699,39300,668.1,701.5,3727
INV-EU-2024-05393,WO-2024-M12-05393,2024-10-27,Netherlands,Taiwan,TW2066421560,P-M12-EH-001,高強度引擎汽缸頭螺栓 M12,73181595,18676,1190.63,1284.01,6024
INV-EU-2024-05396,WO-2024-CS-05396,2024-10-27,Italy,Taiwan,TW2066591333,P-CS-BS-003,底盤懸吊臂襯套軸套,73269098,41209,11208.95,12033.13,80031
INV-EU-2024-05397,WO-2024-M12-05397,2024-10-27,Germany,Taiwan,TW2066592449,P-M12-EH-001,高強度引擎汽缸頭螺栓 M12,73181595,48402,3085.68,3327.69,16384
INV-EU-2024-05409,WO-2024-M12-05409,2024-10-27,Spain,Taiwan,TW2066703321,P-M12-EH-001,高強度引擎汽缸頭螺栓 M12,73181595,33793,2154.33,2323.3,11698
INV-EU-2024-05424,WO-2024-M12-05424,2024-10-27,France,Taiwan,TW2066933836,P-M12-EH-001,高強度引擎汽缸頭螺栓 M12,73181595,38697,2466.96,2660.45,9473
INV-EU-2024-05435,WO-2024-M10-05435,2024-10-27,Spain,Taiwan,TW2066621013,P-M10-BN-002,電動車電池模組固定螺母 M10,73181699,17015,289.27,303.73,2198
INV-EU-2024-05455,WO-2024-CS-05455,2024-10-27,Netherlands,Taiwan,TW2066237368,P-CS-BS-003,底盤懸吊臂襯套軸套,73269098,12142,3302.87,3545.71,11394
INV-EU-2024-05484,WO-2024-CS-05484,2024-10-27,Spain,Taiwan,TW2066486025,P-CS-BS-003,底盤懸吊臂襯套軸套,73269098,27514,7483.83,8034.11,56428
INV-EU-2024-05485,WO-2024-M10-05485,2024-10-27,Netherlands,Taiwan,TW2066425135,P-M10-BN-002,電動車電池模組固定螺母 M10,73181699,23875,405.89,426.18,1854
INV-EU-2024-05508,WO-2024-CS-05508,2024-10-27,Spain,Taiwan,TW2066532463,P-CS-BS-003,底盤懸吊臂襯套軸套,73269098,10602,2883.93,3095.97,13006
INV-EU-2024-05522,WO-2024-M10-05522,2024-10-27,Italy,Taiwan,TW2066973280,P-M10-BN-002,電動車電池模組固定螺母 M10,73181699,44520,756.84,794.68,3125
INV-EU-2024-05398,WO-2024-M10-05398,2024-10-28,Netherlands,Taiwan,TW2066737454,P-M10-BN-002,電動車電池模組固定螺母 M10,73181699,42143,716.44,752.26,4678
INV-EU-2024-05402,WO-2024-M10-05402,2024-10-28,Netherlands,Taiwan,TW2066511743,P-M10-BN-002,電動車電池模組固定螺母 M10,73181699,38164,648.8,681.24,2588
INV-EU-2024-05408,WO-2024-M12-05408,2024-10-28,Spain,Taiwan,TW2066197798,P-M12-EH-001,高強度引擎汽缸頭螺栓 M12,73181595,37065,2362.91,2548.23,16847
INV-EU-2024-05414,WO-2024-M10-05414,2024-10-28,Italy,Taiwan,TW2066119604,P-M10-BN-002,電動車電池模組固定螺母 M10,73181699,13254,225.32,236.59,1716
INV-EU-2024-05423,WO-2024-M10-05423,2024-10-28,Italy,Taiwan,TW2066469134,P-M10-BN-002,電動車電池模組固定螺母 M10,73181699,17683,300.62,315.65,2359
INV-EU-2024-05429,WO-2024-M12-05429,2024-10-28,Netherlands,Taiwan,TW2066124404,P-M12-EH-001,高強度引擎汽缸頭螺栓 M12,73181595,20546,1309.82,1412.55,7701
INV-EU-2024-05434,WO-2024-M12-05434,2024-10-28,Germany,Taiwan,TW2066483560,P-M12-EH-001,高強度引擎汽缸頭螺栓 M12,73181595,13159,838.93,904.72,3406
INV-EU-2024-05447,WO-2024-CS-05447,2024-10-28,Netherlands,Taiwan,TW2066754866,P-CS-BS-003,底盤懸吊臂襯套軸套,73269098,23987,6524.47,7004.21,44496
INV-EU-2024-05451,WO-2024-M10-05451,2024-10-28,Italy,Taiwan,TW2066301037,P-M10-BN-002,電動車電池模組固定螺母 M10,73181699,17760,301.93,317.03,1237
INV-EU-2024-05458,WO-2024-M10-05458,2024-10-28,Italy,Taiwan,TW2066960405,P-M10-BN-002,電動車電池模組固定螺母 M10,73181699,30575,519.78,545.77,4121
INV-EU-2024-05466,WO-2024-CS-05466,2024-10-28,France,Taiwan,TW2066503517,P-CS-BS-003,底盤懸吊臂襯套軸套,73269098,26201,7126.94,7650.96,52953
INV-EU-2024-05474,WO-2024-M10-05474,2024-10-28,Italy,Taiwan,TW2066204428,P-M10-BN-002,電動車電池模組固定螺母 M10,73181699,21672,368.44,386.86,1319
INV-EU-2024-05488,WO-2024-M10-05488,2024-10-28,Germany,Taiwan,TW2066771991,P-M10-BN-002,電動車電池模組固定螺母 M10,73181699,34470,586,615.3,3058
INV-EU-2024-05492,WO-2024-M12-05492,2024-10-28,Germany,Taiwan,TW2066551048,P-M12-EH-001,高強度引擎汽缸頭螺栓 M12,73181595,13940,888.69,958.39,3457
INV-EU-2024-05493,WO-2024-M10-05493,2024-10-28,Netherlands,Taiwan,TW2066119953,P-M10-BN-002,電動車電池模組固定螺母 M10,73181699,25200,428.41,449.83,3045
INV-EU-2024-05516,WO-2024-M12-05516,2024-10-28,Germany,Taiwan,TW2066777528,P-M12-EH-001,高強度引擎汽缸頭螺栓 M12,73181595,46521,2965.75,3198.36,9371
INV-EU-2024-05524,WO-2024-M10-05524,2024-10-28,Italy,Taiwan,TW2066558048,P-M10-BN-002,電動車電池模組固定螺母 M10,73181699,12158,206.69,217.02,770
INV-EU-2024-05525,WO-2024-CS-05525,2024-10-28,Germany,Taiwan,TW2066739701,P-CS-BS-003,底盤懸吊臂襯套軸套,73269098,30628,8331,8943.56,65981
INV-EU-2024-05527,WO-2024-CS-05527,2024-10-28,Netherlands,Taiwan,TW2066423911,P-CS-BS-003,底盤懸吊臂襯套軸套,73269098,28536,7761.84,8332.56,32289
INV-EU-2024-05532,WO-2024-M10-05532,2024-10-28,Spain,Taiwan,TW2066893707,P-M10-BN-002,電動車電池模組固定螺母 M10,73181699,27092,460.57,483.6,1533
INV-EU-2024-05415,WO-2024-CS-05415,2024-10-29,Netherlands,Taiwan,TW2066958405,P-CS-BS-003,底盤懸吊臂襯套軸套,73269098,38660,10515.79,11288.99,67090
INV-EU-2024-05416,WO-2024-M12-05416,2024-10-29,Netherlands,Taiwan,TW2066348048,P-M12-EH-001,高強度引擎汽缸頭螺栓 M12,73181595,10442,665.74,717.95,4833
INV-EU-2024-05426,WO-2024-M10-05426,2024-10-29,France,Taiwan,TW2066501973,P-M10-BN-002,電動車電池模組固定螺母 M10,73181699,47618,809.52,850,3359
INV-EU-2024-05432,WO-2024-M12-05432,2024-10-29,Italy,Taiwan,TW2066397054,P-M12-EH-001,高強度引擎汽缸頭螺栓 M12,73181595,24073,1534.67,1655.04,9069
INV-EU-2024-05439,WO-2024-M10-05439,2024-10-29,Germany,Taiwan,TW2066970069,P-M10-BN-002,電動車電池模組固定螺母 M10,73181699,39088,664.51,697.74,4478
INV-EU-2024-05444,WO-2024-M12-05444,2024-10-29,Spain,Taiwan,TW2066464562,P-M12-EH-001,高強度引擎汽缸頭螺栓 M12,73181595,19642,1252.21,1350.42,5346
INV-EU-2024-05446,WO-2024-M10-05446,2024-10-29,Netherlands,Taiwan,TW2066289081,P-M10-BN-002,電動車電池模組固定螺母 M10,73181699,14784,251.33,263.9,1648
INV-EU-2024-05449,WO-2024-CS-05449,2024-10-29,Netherlands,Taiwan,TW2066602790,P-CS-BS-003,底盤懸吊臂襯套軸套,73269098,39669,10790.2,11583.58,82329
INV-EU-2024-05453,WO-2024-M12-05453,2024-10-29,France,Taiwan,TW2066969491,P-M12-EH-001,高強度引擎汽缸頭螺栓 M12,73181595,38338,2444.07,2635.76,17841
INV-EU-2024-05454,WO-2024-M10-05454,2024-10-29,France,Taiwan,TW2066164752,P-M10-BN-002,電動車電池模組固定螺母 M10,73181699,11462,194.86,204.6,1235
INV-EU-2024-05459,WO-2024-CS-05459,2024-10-29,Italy,Taiwan,TW2066446097,P-CS-BS-003,底盤懸吊臂襯套軸套,73269098,45373,12341.5,13248.96,73802
INV-EU-2024-05461,WO-2024-CS-05461,2024-10-29,Germany,Taiwan,TW2066685571,P-CS-BS-003,底盤懸吊臂襯套軸套,73269098,29254,7957.17,8542.25,45355
INV-EU-2024-05470,WO-2024-M12-05470,2024-10-29,Spain,Taiwan,TW2066607729,P-M12-EH-001,高強度引擎汽缸頭螺栓 M12,73181595,38219,2436.51,2627.61,12353
INV-EU-2024-05472,WO-2024-M10-05472,2024-10-29,Spain,Taiwan,TW2066830132,P-M10-BN-002,電動車電池模組固定螺母 M10,73181699,21784,370.33,388.85,1666
INV-EU-2024-05502,WO-2024-CS-05502,2024-10-29,Italy,Taiwan,TW2066509032,P-CS-BS-003,底盤懸吊臂襯套軸套,73269098,46296,12592.75,13518.67,70015
INV-EU-2024-05529,WO-2024-M10-05529,2024-10-29,Italy,Taiwan,TW2066360218,P-M10-BN-002,電動車電池模組固定螺母 M10,73181699,30542,519.22,545.18,3759
INV-EU-2024-05533,WO-2024-M10-05533,2024-10-29,Netherlands,Taiwan,TW2066208604,P-M10-BN-002,電動車電池模組固定螺母 M10,73181699,26602,452.24,474.85,2428
INV-EU-2024-05543,WO-2024-CS-05543,2024-10-29,Germany,Taiwan,TW2066896751,P-CS-BS-003,底盤懸吊臂襯套軸套,73269098,42051,11438.06,12279.08,54330
INV-EU-2024-05547,WO-2024-M10-05547,2024-10-29,Germany,Taiwan,TW2066526107,P-M10-BN-002,電動車電池模組固定螺母 M10,73181699,49004,833.08,874.73,6173
INV-EU-2024-05552,WO-2024-M12-05552,2024-10-29,Italy,Taiwan,TW2066907541,P-M12-EH-001,高強度引擎汽缸頭螺栓 M12,73181595,46439,2960.54,3192.74,10184
INV-EU-2024-05557,WO-2024-CS-05557,2024-10-29,Spain,Taiwan,TW2066778697,P-CS-BS-003,底盤懸吊臂襯套軸套,73269098,46550,12661.6,13592.6,76476
INV-EU-2024-05558,WO-2024-M10-05558,2024-10-29,Netherlands,Taiwan,TW2066867560,P-M10-BN-002,電動車電池模組固定螺母 M10,73181699,45509,773.66,812.34,4541
INV-EU-2024-05564,WO-2024-M12-05564,2024-10-29,Netherlands,Taiwan,TW2066179883,P-M12-EH-001,高強度引擎汽缸頭螺栓 M12,73181595,32615,2079.22,2242.29,10042
INV-EU-2024-05437,WO-2024-M10-05437,2024-10-30,Italy,Taiwan,TW2066305668,P-M10-BN-002,電動車電池模組固定螺母 M10,73181699,42054,714.93,750.68,5140
INV-EU-2024-05442,WO-2024-M10-05442,2024-10-30,France,Taiwan,TW2066962716,P-M10-BN-002,電動車電池模組固定螺母 M10,73181699,34220,581.74,610.83,2297
INV-EU-2024-05462,WO-2024-M10-05462,2024-10-30,Germany,Taiwan,TW2066852452,P-M10-BN-002,電動車電池模組固定螺母 M10,73181699,18239,310.07,325.57,1860
INV-EU-2024-05480,WO-2024-CS-05480,2024-10-30,Germany,Taiwan,TW2066531269,P-CS-BS-003,底盤懸吊臂襯套軸套,73269098,35374,9621.79,10329.27,57153
INV-EU-2024-05481,WO-2024-CS-05481,2024-10-30,Germany,Taiwan,TW2066366726,P-CS-BS-003,底盤懸吊臂襯套軸套,73269098,49447,13449.65,14438.59,48956
INV-EU-2024-05494,WO-2024-M10-05494,2024-10-30,Italy,Taiwan,TW2066143220,P-M10-BN-002,電動車電池模組固定螺母 M10,73181699,47279,803.75,843.94,5264
INV-EU-2024-05513,WO-2024-CS-05513,2024-10-30,Germany,Taiwan,TW2066663553,P-CS-BS-003,底盤懸吊臂襯套軸套,73269098,19103,5196.12,5578.18,28734
INV-EU-2024-05519,WO-2024-M12-05519,2024-10-30,Germany,Taiwan,TW2066593381,P-M12-EH-001,高強度引擎汽缸頭螺栓 M12,73181595,30806,1963.92,2117.95,10114
INV-EU-2024-05523,WO-2024-M12-05523,2024-10-30,Germany,Taiwan,TW2066388944,P-M12-EH-001,高強度引擎汽缸頭螺栓 M12,73181595,44872,2860.64,3085,16248
INV-EU-2024-05530,WO-2024-M12-05530,2024-10-30,Spain,Taiwan,TW2066602094,P-M12-EH-001,高強度引擎汽缸頭螺栓 M12,73181595,15646,997.48,1075.71,5735
INV-EU-2024-05537,WO-2024-M10-05537,2024-10-30,Netherlands,Taiwan,TW2066910160,P-M10-BN-002,電動車電池模組固定螺母 M10,73181699,15858,269.59,283.07,1515
INV-EU-2024-05539,WO-2024-CS-05539,2024-10-30,Netherlands,Taiwan,TW2066815309,P-CS-BS-003,底盤懸吊臂襯套軸套,73269098,36831,10018.14,10754.76,36666
INV-EU-2024-05544,WO-2024-CS-05544,2024-10-30,France,Taiwan,TW2066482481,P-CS-BS-003,底盤懸吊臂襯套軸套,73269098,16106,4380.84,4702.96,19188
INV-EU-2024-05549,WO-2024-M12-05549,2024-10-30,Germany,Taiwan,TW2066930245,P-M12-EH-001,高強度引擎汽缸頭螺栓 M12,73181595,23357,1489.07,1605.86,5047
INV-EU-2024-05559,WO-2024-M12-05559,2024-10-30,Netherlands,Taiwan,TW2066174917,P-M12-EH-001,高強度引擎汽缸頭螺栓 M12,73181595,25709,1638.99,1767.54,12685
INV-EU-2024-05565,WO-2024-CS-05565,2024-10-30,Italy,Taiwan,TW2066272526,P-CS-BS-003,底盤懸吊臂襯套軸套,73269098,33959,9237.08,9916.26,49880
INV-EU-2024-05566,WO-2024-M12-05566,2024-10-30,France,Taiwan,TW2066251686,P-M12-EH-001,高強度引擎汽缸頭螺栓 M12,73181595,44028,2806.82,3026.96,10441
INV-EU-2024-05457,WO-2024-M12-05457,2024-10-31,Netherlands,Taiwan,TW2066836217,P-M12-EH-001,高強度引擎汽缸頭螺栓 M12,73181595,26045,1660.37,1790.59,9929
INV-EU-2024-05463,WO-2024-M10-05463,2024-10-31,Italy,Taiwan,TW2066379054,P-M10-BN-002,電動車電池模組固定螺母 M10,73181699,38059,647.01,679.36,3875
INV-EU-2024-05464,WO-2024-M12-05464,2024-10-31,Italy,Taiwan,TW2066930619,P-M12-EH-001,高強度引擎汽缸頭螺栓 M12,73181595,12787,815.19,879.13,4450
INV-EU-2024-05467,WO-2024-M12-05467,2024-10-31,Italy,Taiwan,TW2066673886,P-M12-EH-001,高強度引擎汽缸頭螺栓 M12,73181595,14159,902.69,973.49,6066
INV-EU-2024-05471,WO-2024-CS-05471,2024-10-31,Spain,Taiwan,TW2066576379,P-CS-BS-003,底盤懸吊臂襯套軸套,73269098,24872,6765.22,7262.66,34232
INV-EU-2024-05482,WO-2024-M12-05482,2024-10-31,France,Taiwan,TW2066224498,P-M12-EH-001,高強度引擎汽缸頭螺栓 M12,73181595,36097,2301.24,2481.72,7709
INV-EU-2024-05490,WO-2024-CS-05490,2024-10-31,France,Taiwan,TW2066696428,P-CS-BS-003,底盤懸吊臂襯套軸套,73269098,18568,5050.54,5421.9,21717
INV-EU-2024-05495,WO-2024-CS-05495,2024-10-31,Italy,Taiwan,TW2066471520,P-CS-BS-003,底盤懸吊臂襯套軸套,73269098,27351,7439.57,7986.59,32882
INV-EU-2024-05497,WO-2024-M12-05497,2024-10-31,Italy,Taiwan,TW2066330455,P-M12-EH-001,高強度引擎汽缸頭螺栓 M12,73181595,33122,2111.58,2277.19,12775
INV-EU-2024-05499,WO-2024-M10-05499,2024-10-31,Germany,Taiwan,TW2066606339,P-M10-BN-002,電動車電池模組固定螺母 M10,73181699,34687,589.69,619.17,2246
INV-EU-2024-05503,WO-2024-CS-05503,2024-10-31,France,Taiwan,TW2066113784,P-CS-BS-003,底盤懸吊臂襯套軸套,73269098,10054,2734.75,2935.83,21795
INV-EU-2024-05505,WO-2024-M12-05505,2024-10-31,Germany,Taiwan,TW2066794848,P-M12-EH-001,高強度引擎汽缸頭螺栓 M12,73181595,31072,1980.86,2136.22,6219
INV-EU-2024-05509,WO-2024-M12-05509,2024-10-31,Spain,Taiwan,TW2066328018,P-M12-EH-001,高強度引擎汽缸頭螺栓 M12,73181595,42205,2690.58,2901.61,19695
INV-EU-2024-05511,WO-2024-M12-05511,2024-10-31,Germany,Taiwan,TW2066659349,P-M12-EH-001,高強度引擎汽缸頭螺栓 M12,73181595,12167,775.65,836.49,4304
INV-EU-2024-05515,WO-2024-CS-05515,2024-10-31,Italy,Taiwan,TW2066498060,P-CS-BS-003,底盤懸吊臂襯套軸套,73269098,38954,10595.72,11374.8,73746
INV-EU-2024-05536,WO-2024-M10-05536,2024-10-31,France,Taiwan,TW2066392153,P-M10-BN-002,電動車電池模組固定螺母 M10,73181699,29579,502.85,527.99,3369
INV-EU-2024-05541,WO-2024-CS-05541,2024-10-31,Netherlands,Taiwan,TW2066664475,P-CS-BS-003,底盤懸吊臂襯套軸套,73269098,22400,6093.04,6541.04,24311
INV-EU-2024-05546,WO-2024-CS-05546,2024-10-31,France,Taiwan,TW2066476846,P-CS-BS-003,底盤懸吊臂襯套軸套,73269098,21625,5882.11,6314.61,24057
INV-EU-2024-05561,WO-2024-M12-05561,2024-10-31,Germany,Taiwan,TW2066314457,P-M12-EH-001,高強度引擎汽缸頭螺栓 M12,73181595,45046,2871.72,3096.95,17402
INV-EU-2024-05563,WO-2024-M12-05563,2024-10-31,Italy,Taiwan,TW2066253926,P-M12-EH-001,高強度引擎汽缸頭螺栓 M12,73181595,33247,2119.53,2285.77,9961
INV-EU-2024-05567,WO-2024-M12-05567,2024-10-31,Spain,Taiwan,TW2066295562,P-M12-EH-001,高強度引擎汽缸頭螺栓 M12,73181595,32401,2065.6,2227.61,10472
INV-EU-2024-05572,WO-2024-CS-05572,2024-10-31,France,Taiwan,TW2066972520,P-CS-BS-003,底盤懸吊臂襯套軸套,73269098,15868,4316.23,4633.59,21020
INV-EU-2024-05491,WO-2024-M10-05491,2024-11-01,Netherlands,Taiwan,TW2066194334,P-M10-BN-002,電動車電池模組固定螺母 M10,73181699,30375,516.38,542.2,3449
INV-EU-2024-05500,WO-2024-M12-05500,2024-11-01,Italy,Taiwan,TW2066349995,P-M12-EH-001,高強度引擎汽缸頭螺栓 M12,73181595,32607,2078.75,2241.78,11453
INV-EU-2024-05506,WO-2024-M10-05506,2024-11-01,Netherlands,Taiwan,TW2066144123,P-M10-BN-002,電動車電池模組固定螺母 M10,73181699,29635,503.8,528.99,1586
INV-EU-2024-05551,WO-2024-M10-05551,2024-11-01,Spain,Taiwan,TW2066876245,P-M10-BN-002,電動車電池模組固定螺母 M10,73181699,48164,818.79,859.73,3127
INV-EU-2024-05554,WO-2024-CS-05554,2024-11-01,Germany,Taiwan,TW2066112336,P-CS-BS-003,底盤懸吊臂襯套軸套,73269098,13524,3678.67,3949.15,25419
INV-EU-2024-05570,WO-2024-M12-05570,2024-11-01,Spain,Taiwan,TW2066973349,P-M12-EH-001,高強度引擎汽缸頭螺栓 M12,73181595,33219,2117.73,2283.82,7052
INV-EU-2024-05577,WO-2024-CS-05577,2024-11-01,Netherlands,Taiwan,TW2066934267,P-CS-BS-003,底盤懸吊臂襯套軸套,73269098,12490,3397.46,3647.26,22151
INV-EU-2024-05583,WO-2024-M12-05583,2024-11-01,Spain,Taiwan,TW2066990788,P-M12-EH-001,高強度引擎汽缸頭螺栓 M12,73181595,45197,2881.37,3107.36,14608
INV-EU-2024-05603,WO-2024-M10-05603,2024-11-01,Italy,Taiwan,TW2066855391,P-M10-BN-002,電動車電池模組固定螺母 M10,73181699,49566,842.63,884.76,2544
INV-EU-2024-05616,WO-2024-CS-05616,2024-11-01,Netherlands,Taiwan,TW2066583003,P-CS-BS-003,底盤懸吊臂襯套軸套,73269098,27673,7527.06,8080.52,59237
INV-EU-2024-05617,WO-2024-M10-05617,2024-11-01,Spain,Taiwan,TW2066726469,P-M10-BN-002,電動車電池模組固定螺母 M10,73181699,42371,720.31,756.33,4365
INV-EU-2024-05618,WO-2024-M12-05618,2024-11-01,Netherlands,Taiwan,TW2066896742,P-M12-EH-001,高強度引擎汽缸頭螺栓 M12,73181595,33109,2110.72,2276.26,16738
INV-EU-2024-05621,WO-2024-M10-05621,2024-11-01,Germany,Taiwan,TW2066864475,P-M10-BN-002,電動車電池模組固定螺母 M10,73181699,31732,539.46,566.43,3139
INV-EU-2024-05487,WO-2024-CS-05487,2024-11-02,France,Taiwan,TW2066509237,P-CS-BS-003,底盤懸吊臂襯套軸套,73269098,41626,11322.46,12154.98,75520
INV-EU-2024-05489,WO-2024-M10-05489,2024-11-02,Germany,Taiwan,TW2066930510,P-M10-BN-002,電動車電池模組固定螺母 M10,73181699,23441,398.51,418.44,1231
INV-EU-2024-05498,WO-2024-M12-05498,2024-11-02,Netherlands,Taiwan,TW2066192403,P-M12-EH-001,高強度引擎汽缸頭螺栓 M12,73181595,21234,1353.7,1459.87,10139
INV-EU-2024-05501,WO-2024-CS-05501,2024-11-02,Germany,Taiwan,TW2066173142,P-CS-BS-003,底盤懸吊臂襯套軸套,73269098,44182,12017.53,12901.17,93856
INV-EU-2024-05507,WO-2024-M10-05507,2024-11-02,Spain,Taiwan,TW2066907522,P-M10-BN-002,電動車電池模組固定螺母 M10,73181699,12297,209.05,219.5,1396
INV-EU-2024-05510,WO-2024-M12-05510,2024-11-02,Spain,Taiwan,TW2066300902,P-M12-EH-001,高強度引擎汽缸頭螺栓 M12,73181595,48315,3080.1,3321.67,18573
INV-EU-2024-05512,WO-2024-CS-05512,2024-11-02,Italy,Taiwan,TW2066543864,P-CS-BS-003,底盤懸吊臂襯套軸套,73269098,21160,5755.65,6178.85,22849
INV-EU-2024-05517,WO-2024-M12-05517,2024-11-02,Spain,Taiwan,TW2066829469,P-M12-EH-001,高強度引擎汽缸頭螺栓 M12,73181595,32171,2050.94,2211.8,8634
INV-EU-2024-05521,WO-2024-M10-05521,2024-11-02,Italy,Taiwan,TW2066372949,P-M10-BN-002,電動車電池模組固定螺母 M10,73181699,27214,462.65,485.78,3270
INV-EU-2024-05526,WO-2024-M10-05526,2024-11-02,Italy,Taiwan,TW2066994723,P-M10-BN-002,電動車電池模組固定螺母 M10,73181699,39472,671.03,704.58,3938
INV-EU-2024-05528,WO-2024-CS-05528,2024-11-02,Spain,Taiwan,TW2066643845,P-CS-BS-003,底盤懸吊臂襯套軸套,73269098,39619,10776.49,11568.87,83302
INV-EU-2024-05540,WO-2024-CS-05540,2024-11-02,Netherlands,Taiwan,TW2066704892,P-CS-BS-003,底盤懸吊臂襯套軸套,73269098,31798,8649.3,9285.26,66945
INV-EU-2024-05548,WO-2024-CS-05548,2024-11-02,Germany,Taiwan,TW2066892607,P-CS-BS-003,底盤懸吊臂襯套軸套,73269098,30892,8402.88,9020.72,51173
INV-EU-2024-05550,WO-2024-M12-05550,2024-11-02,Germany,Taiwan,TW2066153221,P-M12-EH-001,高強度引擎汽缸頭螺栓 M12,73181595,29330,1869.8,2016.45,10153
INV-EU-2024-05553,WO-2024-M12-05553,2024-11-02,Spain,Taiwan,TW2066808463,P-M12-EH-001,高強度引擎汽缸頭螺栓 M12,73181595,42538,2711.86,2924.55,18955
INV-EU-2024-05562,WO-2024-M10-05562,2024-11-02,France,Taiwan,TW2066182831,P-M10-BN-002,電動車電池模組固定螺母 M10,73181699,22379,380.45,399.47,2510
INV-EU-2024-05581,WO-2024-CS-05581,2024-11-02,France,Taiwan,TW2066285691,P-CS-BS-003,底盤懸吊臂襯套軸套,73269098,37593,10225.39,10977.25,55523
INV-EU-2024-05590,WO-2024-CS-05590,2024-11-02,France,Taiwan,TW2066770202,P-CS-BS-003,底盤懸吊臂襯套軸套,73269098,42875,11662.06,12519.56,42683
INV-EU-2024-05592,WO-2024-CS-05592,2024-11-02,Italy,Taiwan,TW2066100336,P-CS-BS-003,底盤懸吊臂襯套軸套,73269098,27100,7371.46,7913.46,47767
INV-EU-2024-05594,WO-2024-M12-05594,2024-11-02,France,Taiwan,TW2066865174,P-M12-EH-001,高強度引擎汽缸頭螺栓 M12,73181595,48177,3071.31,3312.19,15233
INV-EU-2024-05595,WO-2024-M10-05595,2024-11-02,Germany,Taiwan,TW2066429753,P-M10-BN-002,電動車電池模組固定螺母 M10,73181699,19180,326.06,342.36,2011
INV-EU-2024-05605,WO-2024-M10-05605,2024-11-02,Spain,Taiwan,TW2066529100,P-M10-BN-002,電動車電池模組固定螺母 M10,73181699,47473,807.05,847.4,3123
INV-EU-2024-05614,WO-2024-M12-05614,2024-11-02,France,Taiwan,TW2066312928,P-M12-EH-001,高強度引擎汽缸頭螺栓 M12,73181595,42943,2737.67,2952.39,15577
INV-EU-2024-05626,WO-2024-CS-05626,2024-11-02,Spain,Taiwan,TW2066133041,P-CS-BS-003,底盤懸吊臂襯套軸套,73269098,23262,6327.53,6792.77,31257
INV-EU-2024-05639,WO-2024-M10-05639,2024-11-02,France,Taiwan,TW2066898904,P-M10-BN-002,電動車電池模組固定螺母 M10,73181699,40774,693.17,727.83,5094
INV-EU-2024-05641,WO-2024-M12-05641,2024-11-02,Netherlands,Taiwan,TW2066399517,P-M12-EH-001,高強度引擎汽缸頭螺栓 M12,73181595,35998,2294.9,2474.89,11979
INV-EU-2024-05514,WO-2024-CS-05514,2024-11-03,Spain,Taiwan,TW2066328351,P-CS-BS-003,底盤懸吊臂襯套軸套,73269098,14419,3922.07,4210.45,20983
INV-EU-2024-05518,WO-2024-M10-05518,2024-11-03,Germany,Taiwan,TW2066185448,P-M10-BN-002,電動車電池模組固定螺母 M10,73181699,16509,280.66,294.69,2242
INV-EU-2024-05520,WO-2024-M12-05520,2024-11-03,Netherlands,Taiwan,TW2066140910,P-M12-EH-001,高強度引擎汽缸頭螺栓 M12,73181595,47696,3040.66,3279.14,12436
INV-EU-2024-05534,WO-2024-M12-05534,2024-11-03,France,Taiwan,TW2066235914,P-M12-EH-001,高強度引擎汽缸頭螺栓 M12,73181595,37777,2408.31,2597.19,16689
INV-EU-2024-05556,WO-2024-CS-05556,2024-11-03,France,Taiwan,TW2066773183,P-CS-BS-003,底盤懸吊臂襯套軸套,73269098,12140,3302.12,3544.92,16180
INV-EU-2024-05575,WO-2024-M10-05575,2024-11-03,Spain,Taiwan,TW2066643926,P-M10-BN-002,電動車電池模組固定螺母 M10,73181699,24054,408.93,429.38,2977
INV-EU-2024-05578,WO-2024-M10-05578,2024-11-03,France,Taiwan,TW2066110771,P-M10-BN-002,電動車電池模組固定螺母 M10,73181699,33207,564.52,592.75,4109
INV-EU-2024-05587,WO-2024-CS-05587,2024-11-03,Spain,Taiwan,TW2066385781,P-CS-BS-003,底盤懸吊臂襯套軸套,73269098,37541,10211.29,10962.11,32267
INV-EU-2024-05596,WO-2024-M12-05596,2024-11-03,Italy,Taiwan,TW2066387094,P-M12-EH-001,高強度引擎汽缸頭螺栓 M12,73181595,10683,681.06,734.47,2819
INV-EU-2024-05601,WO-2024-M10-05601,2024-11-03,Netherlands,Taiwan,TW2066680622,P-M10-BN-002,電動車電池模組固定螺母 M10,73181699,37614,639.44,671.41,3229
INV-EU-2024-05628,WO-2024-M10-05628,2024-11-03,Netherlands,Taiwan,TW2066453966,P-M10-BN-002,電動車電池模組固定螺母 M10,73181699,35215,598.67,628.6,3442
INV-EU-2024-05635,WO-2024-M10-05635,2024-11-03,Spain,Taiwan,TW2066608263,P-M10-BN-002,電動車電池模組固定螺母 M10,73181699,15301,260.12,273.13,1261
INV-EU-2024-05637,WO-2024-M12-05637,2024-11-03,Netherlands,Taiwan,TW2066533585,P-M12-EH-001,高強度引擎汽缸頭螺栓 M12,73181595,32343,2061.92,2223.64,14454
INV-EU-2024-05531,WO-2024-M10-05531,2024-11-04,Italy,Taiwan,TW2066394140,P-M10-BN-002,電動車電池模組固定螺母 M10,73181699,24142,410.43,430.95,2749
INV-EU-2024-05535,WO-2024-CS-05535,2024-11-04,Netherlands,Taiwan,TW2066816841,P-CS-BS-003,底盤懸吊臂襯套軸套,73269098,17530,4768.2,5118.8,22458
INV-EU-2024-05538,WO-2024-CS-05538,2024-11-04,Spain,Taiwan,TW2066636437,P-CS-BS-003,底盤懸吊臂襯套軸套,73269098,10312,2805.02,3011.26,11556
INV-EU-2024-05542,WO-2024-CS-05542,2024-11-04,Germany,Taiwan,TW2066236270,P-CS-BS-003,底盤懸吊臂襯套軸套,73269098,15282,4156.84,4462.48,12553
INV-EU-2024-05545,WO-2024-M10-05545,2024-11-04,Netherlands,Taiwan,TW2066922033,P-M10-BN-002,電動車電池模組固定螺母 M10,73181699,37130,631.21,662.77,1906
INV-EU-2024-05568,WO-2024-CS-05568,2024-11-04,France,Taiwan,TW2066928404,P-CS-BS-003,底盤懸吊臂襯套軸套,73269098,36423,9907.09,10635.55,52804
INV-EU-2024-05574,WO-2024-CS-05574,2024-11-04,Italy,Taiwan,TW2066208832,P-CS-BS-003,底盤懸吊臂襯套軸套,73269098,44929,12220.71,13119.29,68680
INV-EU-2024-05576,WO-2024-CS-05576,2024-11-04,France,Taiwan,TW2066453729,P-CS-BS-003,底盤懸吊臂襯套軸套,73269098,10501,2856.3,3066.32,11596
INV-EU-2024-05579,WO-2024-M10-05579,2024-11-04,Germany,Taiwan,TW2066902360,P-M10-BN-002,電動車電池模組固定螺母 M10,73181699,44380,754.47,792.19,5915
INV-EU-2024-05585,WO-2024-M12-05585,2024-11-04,France,Taiwan,TW2066437733,P-M12-EH-001,高強度引擎汽缸頭螺栓 M12,73181595,29759,1897.14,2045.94,14892
INV-EU-2024-05591,WO-2024-CS-05591,2024-11-04,Netherlands,Taiwan,TW2066207532,P-CS-BS-003,底盤懸吊臂襯套軸套,73269098,25554,6950.81,7461.89,35449
INV-EU-2024-05597,WO-2024-CS-05597,2024-11-04,France,Taiwan,TW2066608052,P-CS-BS-003,底盤懸吊臂襯套軸套,73269098,10720,2916.09,3130.49,17963
INV-EU-2024-05600,WO-2024-M12-05600,2024-11-04,France,Taiwan,TW2066645129,P-M12-EH-001,高強度引擎汽缸頭螺栓 M12,73181595,13060,832.6,897.9,3313
INV-EU-2024-05609,WO-2024-CS-05609,2024-11-04,France,Taiwan,TW2066913346,P-CS-BS-003,底盤懸吊臂襯套軸套,73269098,16479,4482.43,4812.01,15374
INV-EU-2024-05611,WO-2024-M10-05611,2024-11-04,Netherlands,Taiwan,TW2066865169,P-M10-BN-002,電動車電池模組固定螺母 M10,73181699,17098,290.67,305.2,1023
INV-EU-2024-05613,WO-2024-M10-05613,2024-11-04,Italy,Taiwan,TW2066731501,P-M10-BN-002,電動車電池模組固定螺母 M10,73181699,15657,266.18,279.49,1235
INV-EU-2024-05615,WO-2024-CS-05615,2024-11-04,Germany,Taiwan,TW2066524317,P-CS-BS-003,底盤懸吊臂襯套軸套,73269098,12125,3298.05,3540.55,16226
INV-EU-2024-05630,WO-2024-M12-05630,2024-11-04,Netherlands,Taiwan,TW2066317715,P-M12-EH-001,高強度引擎汽缸頭螺栓 M12,73181595,49003,3124,3369.01,18462
INV-EU-2024-05631,WO-2024-CS-05631,2024-11-04,Spain,Taiwan,TW2066605351,P-CS-BS-003,底盤懸吊臂襯套軸套,73269098,30300,8241.6,8847.6,64614
INV-EU-2024-05638,WO-2024-M10-05638,2024-11-04,Netherlands,Taiwan,TW2066584612,P-M10-BN-002,電動車電池模組固定螺母 M10,73181699,27470,466.99,490.34,2227
INV-EU-2024-05643,WO-2024-CS-05643,2024-11-04,France,Taiwan,TW2066774031,P-CS-BS-003,底盤懸吊臂襯套軸套,73269098,35790,9735.02,10450.82,73207
INV-EU-2024-05651,WO-2024-M12-05651,2024-11-04,Netherlands,Taiwan,TW2066910261,P-M12-EH-001,高強度引擎汽缸頭螺栓 M12,73181595,27899,1778.61,1918.11,8483
INV-EU-2024-05653,WO-2024-CS-05653,2024-11-04,France,Taiwan,TW2066851898,P-CS-BS-003,底盤懸吊臂襯套軸套,73269098,15873,4317.64,4635.1,32598
INV-EU-2024-05658,WO-2024-CS-05658,2024-11-04,Spain,Taiwan,TW2066668321,P-CS-BS-003,底盤懸吊臂襯套軸套,73269098,36629,9963.28,10695.86,48820
INV-EU-2024-05555,WO-2024-M10-05555,2024-11-05,Italy,Taiwan,TW2066691147,P-M10-BN-002,電動車電池模組固定螺母 M10,73181699,19964,339.39,356.36,1106
INV-EU-2024-05560,WO-2024-CS-05560,2024-11-05,France,Taiwan,TW2066180476,P-CS-BS-003,底盤懸吊臂襯套軸套,73269098,43831,11922.18,12798.8,68552
INV-EU-2024-05569,WO-2024-M12-05569,2024-11-05,Germany,Taiwan,TW2066935941,P-M12-EH-001,高強度引擎汽缸頭螺栓 M12,73181595,29738,1895.81,2044.5,9782
INV-EU-2024-05571,WO-2024-CS-05571,2024-11-05,Germany,Taiwan,TW2066777024,P-CS-BS-003,底盤懸吊臂襯套軸套,73269098,23112,6286.49,6748.73,24140
INV-EU-2024-05580,WO-2024-M12-05580,2024-11-05,Netherlands,Taiwan,TW2066964307,P-M12-EH-001,高強度引擎汽缸頭螺栓 M12,73181595,40498,2581.79,2784.28,14122
INV-EU-2024-05584,WO-2024-M10-05584,2024-11-05,Germany,Taiwan,TW2066948994,P-M10-BN-002,電動車電池模組固定螺母 M10,73181699,20526,348.95,366.4,2118
INV-EU-2024-05589,WO-2024-M10-05589,2024-11-05,Netherlands,Taiwan,TW2066185502,P-M10-BN-002,電動車電池模組固定螺母 M10,73181699,27776,472.2,495.81,2979
INV-EU-2024-05593,WO-2024-CS-05593,2024-11-05,Italy,Taiwan,TW2066288520,P-CS-BS-003,底盤懸吊臂襯套軸套,73269098,36304,9874.73,10600.81,50953
INV-EU-2024-05598,WO-2024-M12-05598,2024-11-05,France,Taiwan,TW2066161951,P-M12-EH-001,高強度引擎汽缸頭螺栓 M12,73181595,19001,1211.35,1306.36,7522
INV-EU-2024-05623,WO-2024-CS-05623,2024-11-05,France,Taiwan,TW2066814396,P-CS-BS-003,底盤懸吊臂襯套軸套,73269098,24129,6563.17,7045.75,42135
INV-EU-2024-05624,WO-2024-M10-05624,2024-11-05,Spain,Taiwan,TW2066355673,P-M10-BN-002,電動車電池模組固定螺母 M10,73181699,18768,319.06,335.01,1783
INV-EU-2024-05627,WO-2024-CS-05627,2024-11-05,Germany,Taiwan,TW2066530067,P-CS-BS-003,底盤懸吊臂襯套軸套,73269098,35090,9544.52,10246.32,31210
INV-EU-2024-05649,WO-2024-M10-05649,2024-11-05,Germany,Taiwan,TW2066125759,P-M10-BN-002,電動車電池模組固定螺母 M10,73181699,35060,596.02,625.82,2908
INV-EU-2024-05654,WO-2024-M10-05654,2024-11-05,Netherlands,Taiwan,TW2066543050,P-M10-BN-002,電動車電池模組固定螺母 M10,73181699,23881,405.98,426.28,1879
INV-EU-2024-05662,WO-2024-CS-05662,2024-11-05,Netherlands,Taiwan,TW2066879365,P-CS-BS-003,底盤懸吊臂襯套軸套,73269098,46288,12590.56,13516.32,60308
INV-EU-2024-05663,WO-2024-M10-05663,2024-11-05,Italy,Taiwan,TW2066917849,P-M10-BN-002,電動車電池模組固定螺母 M10,73181699,12152,206.59,216.92,1220
INV-EU-2024-05669,WO-2024-M10-05669,2024-11-05,Germany,Taiwan,TW2066643811,P-M10-BN-002,電動車電池模組固定螺母 M10,73181699,37781,642.28,674.39,4341
INV-EU-2024-05670,WO-2024-CS-05670,2024-11-05,Spain,Taiwan,TW2066513921,P-CS-BS-003,底盤懸吊臂襯套軸套,73269098,15084,4103.11,4404.79,24823
INV-EU-2024-05683,WO-2024-CS-05683,2024-11-05,Spain,Taiwan,TW2066968508,P-CS-BS-003,底盤懸吊臂襯套軸套,73269098,28202,7671.02,8235.06,27155
INV-EU-2024-05687,WO-2024-M10-05687,2024-11-05,Netherlands,Taiwan,TW2066186735,P-M10-BN-002,電動車電池模組固定螺母 M10,73181699,48597,826.16,867.47,4659
INV-EU-2024-05699,WO-2024-M12-05699,2024-11-05,Germany,Taiwan,TW2066334367,P-M12-EH-001,高強度引擎汽缸頭螺栓 M12,73181595,35637,2271.9,2450.09,6861
INV-EU-2024-05573,WO-2024-CS-05573,2024-11-06,Germany,Taiwan,TW2066460136,P-CS-BS-003,底盤懸吊臂襯套軸套,73269098,30243,8226.18,8831.04,51413
INV-EU-2024-05582,WO-2024-M12-05582,2024-11-06,Spain,Taiwan,TW2066694238,P-M12-EH-001,高強度引擎汽缸頭螺栓 M12,73181595,42556,2712.99,2925.77,17553
INV-EU-2024-05588,WO-2024-M12-05588,2024-11-06,Spain,Taiwan,TW2066350275,P-M12-EH-001,高強度引擎汽缸頭螺栓 M12,73181595,26456,1686.57,1818.85,12784
INV-EU-2024-05606,WO-2024-CS-05606,2024-11-06,Germany,Taiwan,TW2066856718,P-CS-BS-003,底盤懸吊臂襯套軸套,73269098,30548,8309.15,8920.11,34566
INV-EU-2024-05607,WO-2024-M12-05607,2024-11-06,Spain,Taiwan,TW2066532336,P-M12-EH-001,高強度引擎汽缸頭螺栓 M12,73181595,47373,3020.04,3256.9,9875
INV-EU-2024-05640,WO-2024-M10-05640,2024-11-06,Germany,Taiwan,TW2066698122,P-M10-BN-002,電動車電池模組固定螺母 M10,73181699,11796,200.54,210.57,1488
INV-EU-2024-05642,WO-2024-CS-05642,2024-11-06,Netherlands,Taiwan,TW2066805959,P-CS-BS-003,底盤懸吊臂襯套軸套,73269098,10472,2848.54,3057.98,15752
INV-EU-2024-05646,WO-2024-CS-05646,2024-11-06,Spain,Taiwan,TW2066955906,P-CS-BS-003,底盤懸吊臂襯套軸套,73269098,20634,5612.71,6025.39,36931
INV-EU-2024-05672,WO-2024-CS-05672,2024-11-06,Netherlands,Taiwan,TW2066795444,P-CS-BS-003,底盤懸吊臂襯套軸套,73269098,25046,6812.52,7313.44,49867
INV-EU-2024-05678,WO-2024-M10-05678,2024-11-06,France,Taiwan,TW2066478372,P-M10-BN-002,電動車電池模組固定螺母 M10,73181699,26180,445.06,467.31,2572
INV-EU-2024-05680,WO-2024-M12-05680,2024-11-06,France,Taiwan,TW2066438816,P-M12-EH-001,高強度引擎汽缸頭螺栓 M12,73181595,39014,2487.2,2682.27,16241
INV-EU-2024-05686,WO-2024-CS-05686,2024-11-06,Germany,Taiwan,TW2066915632,P-CS-BS-003,底盤懸吊臂襯套軸套,73269098,47076,12804.81,13746.33,67097
INV-EU-2024-05714,WO-2024-M10-05714,2024-11-06,France,Taiwan,TW2066800943,P-M10-BN-002,電動車電池模組固定螺母 M10,73181699,10961,186.35,195.67,1160
INV-EU-2024-05586,WO-2024-M10-05586,2024-11-07,France,Taiwan,TW2066454364,P-M10-BN-002,電動車電池模組固定螺母 M10,73181699,28271,480.62,504.65,2326
INV-EU-2024-05608,WO-2024-M10-05608,2024-11-07,Italy,Taiwan,TW2066585016,P-M10-BN-002,電動車電池模組固定螺母 M10,73181699,45448,772.63,811.26,2456
INV-EU-2024-05625,WO-2024-M10-05625,2024-11-07,Netherlands,Taiwan,TW2066109228,P-M10-BN-002,電動車電池模組固定螺母 M10,73181699,20442,347.53,364.91,1410
INV-EU-2024-05632,WO-2024-M10-05632,2024-11-07,Spain,Taiwan,TW2066860662,P-M10-BN-002,電動車電池模組固定螺母 M10,73181699,22413,381.03,400.08,2423
INV-EU-2024-05652,WO-2024-CS-05652,2024-11-07,Spain,Taiwan,TW2066488009,P-CS-BS-003,底盤懸吊臂襯套軸套,73269098,13430,3653.04,3921.64,25644
INV-EU-2024-05656,WO-2024-M10-05656,2024-11-07,Germany,Taiwan,TW2066558060,P-M10-BN-002,電動車電池模組固定螺母 M10,73181699,10944,186.06,195.36,1415
INV-EU-2024-05660,WO-2024-M10-05660,2024-11-07,Italy,Taiwan,TW2066924687,P-M10-BN-002,電動車電池模組固定螺母 M10,73181699,12380,210.47,220.99,1504
INV-EU-2024-05667,WO-2024-CS-05667,2024-11-07,Netherlands,Taiwan,TW2066166708,P-CS-BS-003,底盤懸吊臂襯套軸套,73269098,33372,9077.41,9744.85,46204
INV-EU-2024-05685,WO-2024-M12-05685,2024-11-07,France,Taiwan,TW2066404530,P-M12-EH-001,高強度引擎汽缸頭螺栓 M12,73181595,26978,1719.87,1854.76,12985
INV-EU-2024-05689,WO-2024-M10-05689,2024-11-07,Netherlands,Taiwan,TW2066271859,P-M10-BN-002,電動車電池模組固定螺母 M10,73181699,14344,243.85,256.04,1889
INV-EU-2024-05710,WO-2024-M10-05710,2024-11-07,Spain,Taiwan,TW2066153557,P-M10-BN-002,電動車電池模組固定螺母 M10,73181699,30558,519.49,545.46,2961
INV-EU-2024-05720,WO-2024-M12-05720,2024-11-07,Germany,Taiwan,TW2066465718,P-M12-EH-001,高強度引擎汽缸頭螺栓 M12,73181595,29348,1870.94,2017.68,9242
INV-EU-2024-05722,WO-2024-CS-05722,2024-11-07,Netherlands,Taiwan,TW2066129595,P-CS-BS-003,底盤懸吊臂襯套軸套,73269098,14539,3954.8,4245.58,13802
INV-EU-2024-05723,WO-2024-M12-05723,2024-11-07,Spain,Taiwan,TW2066538441,P-M12-EH-001,高強度引擎汽缸頭螺栓 M12,73181595,25717,1639.46,1768.05,7705
INV-EU-2024-05727,WO-2024-M10-05727,2024-11-07,France,Taiwan,TW2066177616,P-M10-BN-002,電動車電池模組固定螺母 M10,73181699,20604,350.27,367.78,2500
INV-EU-2024-05728,WO-2024-M12-05728,2024-11-07,Germany,Taiwan,TW2066762238,P-M12-EH-001,高強度引擎汽缸頭螺栓 M12,73181595,11765,750.03,808.86,3382
INV-EU-2024-05731,WO-2024-CS-05731,2024-11-07,Germany,Taiwan,TW2066258670,P-CS-BS-003,底盤懸吊臂襯套軸套,73269098,19816,5390.13,5786.45,36437
INV-EU-2024-05599,WO-2024-M10-05599,2024-11-08,Spain,Taiwan,TW2066522211,P-M10-BN-002,電動車電池模組固定螺母 M10,73181699,27893,474.19,497.9,2318
INV-EU-2024-05602,WO-2024-M10-05602,2024-11-08,France,Taiwan,TW2066755310,P-M10-BN-002,電動車電池模組固定螺母 M10,73181699,23436,398.42,418.34,2677
INV-EU-2024-05604,WO-2024-CS-05604,2024-11-08,Germany,Taiwan,TW2066474086,P-CS-BS-003,底盤懸吊臂襯套軸套,73269098,22008,5986.35,6426.51,19455
INV-EU-2024-05610,WO-2024-M10-05610,2024-11-08,Netherlands,Taiwan,TW2066723414,P-M10-BN-002,電動車電池模組固定螺母 M10,73181699,23998,407.97,428.37,1876
INV-EU-2024-05612,WO-2024-M12-05612,2024-11-08,Netherlands,Taiwan,TW2066929892,P-M12-EH-001,高強度引擎汽缸頭螺栓 M12,73181595,31674,2019.25,2177.62,6764
INV-EU-2024-05619,WO-2024-M12-05619,2024-11-08,France,Taiwan,TW2066249338,P-M12-EH-001,高強度引擎汽缸頭螺栓 M12,73181595,12224,779.34,840.46,5782
INV-EU-2024-05620,WO-2024-M12-05620,2024-11-08,Germany,Taiwan,TW2066854811,P-M12-EH-001,高強度引擎汽缸頭螺栓 M12,73181595,36627,2335.01,2518.15,15130
INV-EU-2024-05629,WO-2024-CS-05629,2024-11-08,Italy,Taiwan,TW2066317042,P-CS-BS-003,底盤懸吊臂襯套軸套,73269098,28400,7725.04,8293.04,46041
INV-EU-2024-05636,WO-2024-M10-05636,2024-11-08,Germany,Taiwan,TW2066153584,P-M10-BN-002,電動車電池模組固定螺母 M10,73181699,38710,658.07,690.97,3408
INV-EU-2024-05644,WO-2024-M12-05644,2024-11-08,Netherlands,Taiwan,TW2066369614,P-M12-EH-001,高強度引擎汽缸頭螺栓 M12,73181595,25154,1603.61,1729.38,12732
INV-EU-2024-05655,WO-2024-M10-05655,2024-11-08,Spain,Taiwan,TW2066371437,P-M10-BN-002,電動車電池模組固定螺母 M10,73181699,29801,506.63,531.96,2011
INV-EU-2024-05657,WO-2024-CS-05657,2024-11-08,Netherlands,Taiwan,TW2066813749,P-CS-BS-003,底盤懸吊臂襯套軸套,73269098,17835,4851.15,5207.85,37547
INV-EU-2024-05661,WO-2024-M10-05661,2024-11-08,Netherlands,Taiwan,TW2066547649,P-M10-BN-002,電動車電池模組固定螺母 M10,73181699,15980,271.66,285.24,2127
INV-EU-2024-05666,WO-2024-M12-05666,2024-11-08,Italy,Taiwan,TW2066636652,P-M12-EH-001,高強度引擎汽缸頭螺栓 M12,73181595,32670,2082.72,2246.07,7185
INV-EU-2024-05694,WO-2024-CS-05694,2024-11-08,France,Taiwan,TW2066652859,P-CS-BS-003,底盤懸吊臂襯套軸套,73269098,11760,3198.92,3434.12,22520
INV-EU-2024-05698,WO-2024-M12-05698,2024-11-08,Spain,Taiwan,TW2066908356,P-M12-EH-001,高強度引擎汽缸頭螺栓 M12,73181595,9969,635.56,685.4,4258
INV-EU-2024-05703,WO-2024-M12-05703,2024-11-08,France,Taiwan,TW2066415139,P-M12-EH-001,高強度引擎汽缸頭螺栓 M12,73181595,30364,1935.73,2087.55,5903
INV-EU-2024-05711,WO-2024-M10-05711,2024-11-08,Germany,Taiwan,TW2066301670,P-M10-BN-002,電動車電池模組固定螺母 M10,73181699,26190,445.24,467.5,2720
INV-EU-2024-05715,WO-2024-CS-05715,2024-11-08,Netherlands,Taiwan,TW2066847111,P-CS-BS-003,底盤懸吊臂襯套軸套,73269098,39990,10877.5,11677.3,66352
INV-EU-2024-05716,WO-2024-M12-05716,2024-11-08,Netherlands,Taiwan,TW2066797555,P-M12-EH-001,高強度引擎汽缸頭螺栓 M12,73181595,18099,1153.83,1244.32,6461
INV-EU-2024-05733,WO-2024-M12-05733,2024-11-08,Germany,Taiwan,TW2066876354,P-M12-EH-001,高強度引擎汽缸頭螺栓 M12,73181595,44404,2830.77,3052.79,21145
INV-EU-2024-05735,WO-2024-M12-05735,2024-11-08,Spain,Taiwan,TW2066551357,P-M12-EH-001,高強度引擎汽缸頭螺栓 M12,73181595,42214,2691.15,2902.22,19887
INV-EU-2024-05736,WO-2024-CS-05736,2024-11-08,Netherlands,Taiwan,TW2066206021,P-CS-BS-003,底盤懸吊臂襯套軸套,73269098,45752,12444.7,13359.74,63592
INV-EU-2024-05737,WO-2024-M10-05737,2024-11-08,Netherlands,Taiwan,TW2066306197,P-M10-BN-002,電動車電池模組固定螺母 M10,73181699,39222,666.78,700.12,3600
INV-EU-2024-05751,WO-2024-M10-05751,2024-11-08,Spain,Taiwan,TW2066756202,P-M10-BN-002,電動車電池模組固定螺母 M10,73181699,25884,440.04,462.04,2085
INV-EU-2024-05757,WO-2024-M12-05757,2024-11-08,Germany,Taiwan,TW2066930129,P-M12-EH-001,高強度引擎汽缸頭螺栓 M12,73181595,41333,2635.04,2841.7,20447
INV-EU-2024-05758,WO-2024-M12-05758,2024-11-08,France,Taiwan,TW2066806544,P-M12-EH-001,高強度引擎汽缸頭螺栓 M12,73181595,20951,1335.64,1440.39,8294
INV-EU-2024-05759,WO-2024-M12-05759,2024-11-08,Spain,Taiwan,TW2066687469,P-M12-EH-001,高強度引擎汽缸頭螺栓 M12,73181595,45227,2883.26,3109.4,16636
INV-EU-2024-05622,WO-2024-CS-05622,2024-11-09,Netherlands,Taiwan,TW2066512337,P-CS-BS-003,底盤懸吊臂襯套軸套,73269098,42258,11494.24,12339.4,77241
INV-EU-2024-05633,WO-2024-M10-05633,2024-11-09,Italy,Taiwan,TW2066154201,P-M10-BN-002,電動車電池模組固定螺母 M10,73181699,22457,381.77,400.86,1771
INV-EU-2024-05634,WO-2024-M10-05634,2024-11-09,Italy,Taiwan,TW2066964875,P-M10-BN-002,電動車電池模組固定螺母 M10,73181699,22084,375.44,394.21,2001
INV-EU-2024-05645,WO-2024-M10-05645,2024-11-09,Netherlands,Taiwan,TW2066616970,P-M10-BN-002,電動車電池模組固定螺母 M10,73181699,47401,805.83,846.12,5270
INV-EU-2024-05648,WO-2024-M10-05648,2024-11-09,Netherlands,Taiwan,TW2066545548,P-M10-BN-002,電動車電池模組固定螺母 M10,73181699,26768,455.07,477.82,2639
INV-EU-2024-05650,WO-2024-M10-05650,2024-11-09,Netherlands,Taiwan,TW2066422797,P-M10-BN-002,電動車電池模組固定螺母 M10,73181699,38065,647.11,679.47,3604
INV-EU-2024-05659,WO-2024-CS-05659,2024-11-09,Netherlands,Taiwan,TW2066822866,P-CS-BS-003,底盤懸吊臂襯套軸套,73269098,22545,6132.48,6583.38,25204
INV-EU-2024-05665,WO-2024-M10-05665,2024-11-09,Germany,Taiwan,TW2066666402,P-M10-BN-002,電動車電池模組固定螺母 M10,73181699,26652,453.09,475.74,1613
INV-EU-2024-05668,WO-2024-CS-05668,2024-11-09,France,Taiwan,TW2066885493,P-CS-BS-003,底盤懸吊臂襯套軸套,73269098,32768,8912.93,9568.29,38503
INV-EU-2024-05674,WO-2024-M12-05674,2024-11-09,France,Taiwan,TW2066744065,P-M12-EH-001,高強度引擎汽缸頭螺栓 M12,73181595,23049,1469.4,1584.64,4555
INV-EU-2024-05676,WO-2024-CS-05676,2024-11-09,Germany,Taiwan,TW2066589231,P-CS-BS-003,底盤懸吊臂襯套軸套,73269098,35007,9521.91,10222.05,70366
INV-EU-2024-05684,WO-2024-M10-05684,2024-11-09,France,Taiwan,TW2066217784,P-M10-BN-002,電動車電池模組固定螺母 M10,73181699,47847,813.4,854.07,2871
INV-EU-2024-05692,WO-2024-M12-05692,2024-11-09,Spain,Taiwan,TW2066551881,P-M12-EH-001,高強度引擎汽缸頭螺栓 M12,73181595,39571,2522.68,2720.53,16599
INV-EU-2024-05702,WO-2024-CS-05702,2024-11-09,France,Taiwan,TW2066791091,P-CS-BS-003,底盤懸吊臂襯套軸套,73269098,14974,4073.12,4372.6,27004
INV-EU-2024-05707,WO-2024-M12-05707,2024-11-09,Italy,Taiwan,TW2066633182,P-M12-EH-001,高強度引擎汽缸頭螺栓 M12,73181595,15421,983.09,1060.19,4109
INV-EU-2024-05709,WO-2024-CS-05709,2024-11-09,France,Taiwan,TW2066519678,P-CS-BS-003,底盤懸吊臂襯套軸套,73269098,45675,12423.61,13337.11,54539
INV-EU-2024-05713,WO-2024-M12-05713,2024-11-09,Germany,Taiwan,TW2066798174,P-M12-EH-001,高強度引擎汽缸頭螺栓 M12,73181595,15757,1004.56,1083.35,3083
INV-EU-2024-05719,WO-2024-M12-05719,2024-11-09,Netherlands,Taiwan,TW2066660041,P-M12-EH-001,高強度引擎汽缸頭螺栓 M12,73181595,11994,764.68,824.65,5979
INV-EU-2024-05721,WO-2024-M12-05721,2024-11-09,Italy,Taiwan,TW2066394424,P-M12-EH-001,高強度引擎汽缸頭螺栓 M12,73181595,39207,2499.5,2695.53,9298
INV-EU-2024-05730,WO-2024-M12-05730,2024-11-09,France,Taiwan,TW2066567276,P-M12-EH-001,高強度引擎汽缸頭螺栓 M12,73181595,17903,1141.34,1230.86,8811
INV-EU-2024-05732,WO-2024-M10-05732,2024-11-09,Italy,Taiwan,TW2066822811,P-M10-BN-002,電動車電池模組固定螺母 M10,73181699,16814,285.85,300.14,2232
INV-EU-2024-05734,WO-2024-M12-05734,2024-11-09,Germany,Taiwan,TW2066427676,P-M12-EH-001,高強度引擎汽缸頭螺栓 M12,73181595,15618,995.68,1073.77,7895
INV-EU-2024-05739,WO-2024-M10-05739,2024-11-09,Germany,Taiwan,TW2066673879,P-M10-BN-002,電動車電池模組固定螺母 M10,73181699,43534,740.09,777.09,4640
INV-EU-2024-05750,WO-2024-M10-05750,2024-11-09,France,Taiwan,TW2066891477,P-M10-BN-002,電動車電池模組固定螺母 M10,73181699,30118,512.02,537.62,2959
INV-EU-2024-05767,WO-2024-CS-05767,2024-11-09,Germany,Taiwan,TW2066372671,P-CS-BS-003,底盤懸吊臂襯套軸套,73269098,20481,5571.08,5980.7,38273
INV-EU-2024-05775,WO-2024-M10-05775,2024-11-09,Germany,Taiwan,TW2066432813,P-M10-BN-002,電動車電池模組固定螺母 M10,73181699,37781,642.28,674.39,4072
INV-EU-2024-05647,WO-2024-M10-05647,2024-11-10,Germany,Taiwan,TW2066951473,P-M10-BN-002,電動車電池模組固定螺母 M10,73181699,38410,652.97,685.62,5164
INV-EU-2024-05671,WO-2024-M12-05671,2024-11-10,France,Taiwan,TW2066589508,P-M12-EH-001,高強度引擎汽缸頭螺栓 M12,73181595,31086,1981.79,2137.22,7966
INV-EU-2024-05677,WO-2024-CS-05677,2024-11-10,Italy,Taiwan,TW2066309682,P-CS-BS-003,底盤懸吊臂襯套軸套,73269098,21757,5918.05,6353.19,20476
INV-EU-2024-05681,WO-2024-M12-05681,2024-11-10,Germany,Taiwan,TW2066763518,P-M12-EH-001,高強度引擎汽缸頭螺栓 M12,73181595,22805,1453.87,1567.89,9115
INV-EU-2024-05688,WO-2024-M10-05688,2024-11-10,Italy,Taiwan,TW2066908366,P-M10-BN-002,電動車電池模組固定螺母 M10,73181699,23269,395.58,415.36,2796
INV-EU-2024-05691,WO-2024-M12-05691,2024-11-10,France,Taiwan,TW2066678770,P-M12-EH-001,高強度引擎汽缸頭螺栓 M12,73181595,26494,1689.03,1821.5,7161
INV-EU-2024-05695,WO-2024-M12-05695,2024-11-10,France,Taiwan,TW2066604755,P-M12-EH-001,高強度引擎汽缸頭螺栓 M12,73181595,34205,2180.62,2351.64,11971
INV-EU-2024-05696,WO-2024-M10-05696,2024-11-10,Italy,Taiwan,TW2066604798,P-M10-BN-002,電動車電池模組固定螺母 M10,73181699,13504,229.58,241.06,1242
INV-EU-2024-05725,WO-2024-CS-05725,2024-11-10,Germany,Taiwan,TW2066816096,P-CS-BS-003,底盤懸吊臂襯套軸套,73269098,19116,5199.63,5581.95,20278
INV-EU-2024-05738,WO-2024-M10-05738,2024-11-10,Germany,Taiwan,TW2066723502,P-M10-BN-002,電動車電池模組固定螺母 M10,73181699,19803,336.66,353.49,2501
INV-EU-2024-05743,WO-2024-M10-05743,2024-11-10,Italy,Taiwan,TW2066889037,P-M10-BN-002,電動車電池模組固定螺母 M10,73181699,32417,551.09,578.64,2694
INV-EU-2024-05749,WO-2024-M12-05749,2024-11-10,Germany,Taiwan,TW2066370392,P-M12-EH-001,高強度引擎汽缸頭螺栓 M12,73181595,21549,1373.76,1481.51,9547
INV-EU-2024-05776,WO-2024-M12-05776,2024-11-10,Italy,Taiwan,TW2066757977,P-M12-EH-001,高強度引擎汽缸頭螺栓 M12,73181595,44737,2852.04,3075.72,11265
INV-EU-2024-05777,WO-2024-CS-05777,2024-11-10,Netherlands,Taiwan,TW2066787415,P-CS-BS-003,底盤懸吊臂襯套軸套,73269098,42256,11493.78,12338.9,46549
INV-EU-2024-05664,WO-2024-CS-05664,2024-11-11,France,Taiwan,TW2066594844,P-CS-BS-003,底盤懸吊臂襯套軸套,73269098,31655,8610.32,9243.42,37196
INV-EU-2024-05673,WO-2024-M12-05673,2024-11-11,Italy,Taiwan,TW2066524661,P-M12-EH-001,高強度引擎汽缸頭螺栓 M12,73181595,21149,1348.31,1454.05,4570
INV-EU-2024-05675,WO-2024-M12-05675,2024-11-11,Netherlands,Taiwan,TW2066493033,P-M12-EH-001,高強度引擎汽缸頭螺栓 M12,73181595,47466,3025.99,3263.32,10379
INV-EU-2024-05679,WO-2024-CS-05679,2024-11-11,Germany,Taiwan,TW2066123119,P-CS-BS-003,底盤懸吊臂襯套軸套,73269098,48462,13181.67,14150.91,45344
INV-EU-2024-05682,WO-2024-M10-05682,2024-11-11,Germany,Taiwan,TW2066750303,P-M10-BN-002,電動車電池模組固定螺母 M10,73181699,12758,216.9,227.75,1104
INV-EU-2024-05701,WO-2024-M10-05701,2024-11-11,Netherlands,Taiwan,TW2066790347,P-M10-BN-002,電動車電池模組固定螺母 M10,73181699,23926,406.75,427.09,1423
INV-EU-2024-05706,WO-2024-M12-05706,2024-11-11,Germany,Taiwan,TW2066497593,P-M12-EH-001,高強度引擎汽缸頭螺栓 M12,73181595,43506,2773.53,2991.06,17778
INV-EU-2024-05708,WO-2024-M10-05708,2024-11-11,France,Taiwan,TW2066496724,P-M10-BN-002,電動車電池模組固定螺母 M10,73181699,22340,379.79,398.78,1876
INV-EU-2024-05755,WO-2024-M12-05755,2024-11-11,Germany,Taiwan,TW2066737561,P-M12-EH-001,高強度引擎汽缸頭螺栓 M12,73181595,15890,1012.99,1092.44,5824
INV-EU-2024-05765,WO-2024-M10-05765,2024-11-11,Netherlands,Taiwan,TW2066297190,P-M10-BN-002,電動車電池模組固定螺母 M10,73181699,23425,398.24,418.15,1545
INV-EU-2024-05773,WO-2024-CS-05773,2024-11-11,Germany,Taiwan,TW2066145310,P-CS-BS-003,底盤懸吊臂襯套軸套,73269098,37907,10310.71,11068.85,37324
INV-EU-2024-05782,WO-2024-M12-05782,2024-11-11,Spain,Taiwan,TW2066732253,P-M12-EH-001,高強度引擎汽缸頭螺栓 M12,73181595,48664,3102.33,3345.65,24787
INV-EU-2024-05787,WO-2024-M12-05787,2024-11-11,Netherlands,Taiwan,TW2066103269,P-M12-EH-001,高強度引擎汽缸頭螺栓 M12,73181595,16332,1041.18,1122.84,7954
INV-EU-2024-05789,WO-2024-CS-05789,2024-11-11,France,Taiwan,TW2066270809,P-CS-BS-003,底盤懸吊臂襯套軸套,73269098,43746,11899,12773.92,44026
INV-EU-2024-05791,WO-2024-CS-05791,2024-11-11,Netherlands,Taiwan,TW2066174111,P-CS-BS-003,底盤懸吊臂襯套軸套,73269098,28599,7779.15,8351.13,51809
INV-EU-2024-05795,WO-2024-CS-05795,2024-11-11,France,Taiwan,TW2066633717,P-CS-BS-003,底盤懸吊臂襯套軸套,73269098,39948,10865.87,11664.83,69650
INV-EU-2024-05802,WO-2024-CS-05802,2024-11-11,Italy,Taiwan,TW2066558653,P-CS-BS-003,底盤懸吊臂襯套軸套,73269098,17401,4733.1,5081.12,22576
INV-EU-2024-05690,WO-2024-CS-05690,2024-11-12,Netherlands,Taiwan,TW2066768411,P-CS-BS-003,底盤懸吊臂襯套軸套,73269098,31981,8698.97,9338.59,65416
INV-EU-2024-05693,WO-2024-M12-05693,2024-11-12,Spain,Taiwan,TW2066488424,P-M12-EH-001,高強度引擎汽缸頭螺栓 M12,73181595,40991,2613.2,2818.15,12778
INV-EU-2024-05697,WO-2024-M10-05697,2024-11-12,Italy,Taiwan,TW2066172516,P-M10-BN-002,電動車電池模組固定螺母 M10,73181699,21983,373.72,392.41,2044
INV-EU-2024-05700,WO-2024-M12-05700,2024-11-12,Italy,Taiwan,TW2066693436,P-M12-EH-001,高強度引擎汽缸頭螺栓 M12,73181595,17536,1117.98,1205.66,8552
INV-EU-2024-05704,WO-2024-CS-05704,2024-11-12,Netherlands,Taiwan,TW2066180086,P-CS-BS-003,底盤懸吊臂襯套軸套,73269098,43501,11832.5,12702.52,63777
INV-EU-2024-05718,WO-2024-CS-05718,2024-11-12,Spain,Taiwan,TW2066728379,P-CS-BS-003,底盤懸吊臂襯套軸套,73269098,24475,6657.39,7146.89,38413
INV-EU-2024-05726,WO-2024-M10-05726,2024-11-12,France,Taiwan,TW2066672658,P-M10-BN-002,電動車電池模組固定螺母 M10,73181699,25095,426.62,447.95,3357
INV-EU-2024-05729,WO-2024-CS-05729,2024-11-12,Italy,Taiwan,TW2066576564,P-CS-BS-003,底盤懸吊臂襯套軸套,73269098,45342,12333.08,13239.92,73011
INV-EU-2024-05752,WO-2024-M10-05752,2024-11-12,Italy,Taiwan,TW2066702519,P-M10-BN-002,電動車電池模組固定螺母 M10,73181699,32539,553.18,580.84,4220
INV-EU-2024-05754,WO-2024-M12-05754,2024-11-12,Italy,Taiwan,TW2066996221,P-M12-EH-001,高強度引擎汽缸頭螺栓 M12,73181595,11382,725.61,782.52,4672
INV-EU-2024-05760,WO-2024-M12-05760,2024-11-12,Spain,Taiwan,TW2066659851,P-M12-EH-001,高強度引擎汽缸頭螺栓 M12,73181595,33407,2129.74,2296.77,10307
INV-EU-2024-05761,WO-2024-CS-05761,2024-11-12,Germany,Taiwan,TW2066275140,P-CS-BS-003,底盤懸吊臂襯套軸套,73269098,37338,10155.96,10902.72,76372
INV-EU-2024-05762,WO-2024-CS-05762,2024-11-12,Germany,Taiwan,TW2066912605,P-CS-BS-003,底盤懸吊臂襯套軸套,73269098,14844,4037.75,4334.63,13849
INV-EU-2024-05769,WO-2024-M10-05769,2024-11-12,Italy,Taiwan,TW2066526637,P-M10-BN-002,電動車電池模組固定螺母 M10,73181699,36852,626.49,657.81,2549
INV-EU-2024-05770,WO-2024-CS-05770,2024-11-12,Germany,Taiwan,TW2066377686,P-CS-BS-003,底盤懸吊臂襯套軸套,73269098,31701,8622.81,9256.83,66050
INV-EU-2024-05784,WO-2024-CS-05784,2024-11-12,Spain,Taiwan,TW2066518283,P-CS-BS-003,底盤懸吊臂襯套軸套,73269098,44350,12063.22,12950.22,56455
INV-EU-2024-05796,WO-2024-M12-05796,2024-11-12,Netherlands,Taiwan,TW2066967098,P-M12-EH-001,高強度引擎汽缸頭螺栓 M12,73181595,13201,841.58,907.59,5672
INV-EU-2024-05797,WO-2024-M12-05797,2024-11-12,France,Taiwan,TW2066585651,P-M12-EH-001,高強度引擎汽缸頭螺栓 M12,73181595,43335,2762.66,2979.34,14807
INV-EU-2024-05798,WO-2024-M10-05798,2024-11-12,France,Taiwan,TW2066949264,P-M10-BN-002,電動車電池模組固定螺母 M10,73181699,26397,448.75,471.19,2849
INV-EU-2024-05804,WO-2024-CS-05804,2024-11-12,Italy,Taiwan,TW2066525617,P-CS-BS-003,底盤懸吊臂襯套軸套,73269098,11439,3111.59,3340.37,17736
INV-EU-2024-05813,WO-2024-M12-05813,2024-11-12,France,Taiwan,TW2066556005,P-M12-EH-001,高強度引擎汽缸頭螺栓 M12,73181595,26605,1696.13,1829.16,9634
INV-EU-2024-05829,WO-2024-M10-05829,2024-11-12,Spain,Taiwan,TW2066404468,P-M10-BN-002,電動車電池模組固定螺母 M10,73181699,18629,316.7,332.53,2489
INV-EU-2024-05705,WO-2024-CS-05705,2024-11-13,Netherlands,Taiwan,TW2066548150,P-CS-BS-003,底盤懸吊臂襯套軸套,73269098,28798,7833.16,8409.12,50602
INV-EU-2024-05712,WO-2024-M10-05712,2024-11-13,Spain,Taiwan,TW2066365878,P-M10-BN-002,電動車電池模組固定螺母 M10,73181699,18751,318.77,334.71,1482
INV-EU-2024-05741,WO-2024-M10-05741,2024-11-13,Germany,Taiwan,TW2066652580,P-M10-BN-002,電動車電池模組固定螺母 M10,73181699,15140,257.39,270.26,1603
INV-EU-2024-05746,WO-2024-CS-05746,2024-11-13,Italy,Taiwan,TW2066646894,P-CS-BS-003,底盤懸吊臂襯套軸套,73269098,17938,4879.24,5238,19956
INV-EU-2024-05756,WO-2024-M12-05756,2024-11-13,Spain,Taiwan,TW2066484412,P-M12-EH-001,高強度引擎汽缸頭螺栓 M12,73181595,21681,1382.17,1490.58,4879
INV-EU-2024-05766,WO-2024-M10-05766,2024-11-13,France,Taiwan,TW2066299616,P-M10-BN-002,電動車電池模組固定螺母 M10,73181699,24894,423.2,444.36,1443
INV-EU-2024-05771,WO-2024-M10-05771,2024-11-13,Netherlands,Taiwan,TW2066228093,P-M10-BN-002,電動車電池模組固定螺母 M10,73181699,47740,811.59,852.17,6241
INV-EU-2024-05786,WO-2024-M12-05786,2024-11-13,Germany,Taiwan,TW2066121910,P-M12-EH-001,高強度引擎汽缸頭螺栓 M12,73181595,30558,1948.12,2100.91,14084
INV-EU-2024-05792,WO-2024-CS-05792,2024-11-13,Germany,Taiwan,TW2066149210,P-CS-BS-003,底盤懸吊臂襯套軸套,73269098,11781,3204.59,3440.21,13427
INV-EU-2024-05799,WO-2024-M12-05799,2024-11-13,Germany,Taiwan,TW2066648062,P-M12-EH-001,高強度引擎汽缸頭螺栓 M12,73181595,23433,1493.89,1611.06,7633
INV-EU-2024-05819,WO-2024-M10-05819,2024-11-13,Netherlands,Taiwan,TW2066862905,P-M10-BN-002,電動車電池模組固定螺母 M10,73181699,17571,298.72,313.66,1224
INV-EU-2024-05820,WO-2024-M10-05820,2024-11-13,France,Taiwan,TW2066165079,P-M10-BN-002,電動車電池模組固定螺母 M10,73181699,49550,842.35,884.47,4700
INV-EU-2024-05821,WO-2024-M10-05821,2024-11-13,France,Taiwan,TW2066286908,P-M10-BN-002,電動車電池模組固定螺母 M10,73181699,35905,610.4,640.92,4523
INV-EU-2024-05717,WO-2024-CS-05717,2024-11-14,Italy,Taiwan,TW2066438325,P-CS-BS-003,底盤懸吊臂襯套軸套,73269098,44531,12112.68,13003.3,74977
INV-EU-2024-05724,WO-2024-M10-05724,2024-11-14,Spain,Taiwan,TW2066352774,P-M10-BN-002,電動車電池模組固定螺母 M10,73181699,11128,189.19,198.65,1352
INV-EU-2024-05740,WO-2024-CS-05740,2024-11-14,Italy,Taiwan,TW2066546169,P-CS-BS-003,底盤懸吊臂襯套軸套,73269098,21836,5939.61,6376.33,43834
INV-EU-2024-05742,WO-2024-M10-05742,2024-11-14,Spain,Taiwan,TW2066990158,P-M10-BN-002,電動車電池模組固定螺母 M10,73181699,22268,378.56,397.49,1718
INV-EU-2024-05747,WO-2024-M10-05747,2024-11-14,Germany,Taiwan,TW2066667211,P-M10-BN-002,電動車電池模組固定螺母 M10,73181699,46600,792.21,831.82,4182
INV-EU-2024-05764,WO-2024-M10-05764,2024-11-14,Italy,Taiwan,TW2066609391,P-M10-BN-002,電動車電池模組固定螺母 M10,73181699,31538,536.15,562.96,2112
INV-EU-2024-05768,WO-2024-M12-05768,2024-11-14,Italy,Taiwan,TW2066518385,P-M12-EH-001,高強度引擎汽缸頭螺栓 M12,73181595,47978,3058.63,3298.52,11500
INV-EU-2024-05780,WO-2024-M12-05780,2024-11-14,Spain,Taiwan,TW2066960292,P-M12-EH-001,高強度引擎汽缸頭螺栓 M12,73181595,47972,3058.25,3298.11,24037
INV-EU-2024-05803,WO-2024-CS-05803,2024-11-14,France,Taiwan,TW2066855990,P-CS-BS-003,底盤懸吊臂襯套軸套,73269098,22800,6201.64,6657.64,42171
INV-EU-2024-05807,WO-2024-M10-05807,2024-11-14,France,Taiwan,TW2066988753,P-M10-BN-002,電動車電池模組固定螺母 M10,73181699,14494,246.41,258.73,1397
INV-EU-2024-05808,WO-2024-M12-05808,2024-11-14,Germany,Taiwan,TW2066123998,P-M12-EH-001,高強度引擎汽缸頭螺栓 M12,73181595,44484,2835.86,3058.28,19142
INV-EU-2024-05844,WO-2024-M10-05844,2024-11-14,Netherlands,Taiwan,TW2066775596,P-M10-BN-002,電動車電池模組固定螺母 M10,73181699,29874,507.87,533.26,2254
INV-EU-2024-05846,WO-2024-M12-05846,2024-11-14,Spain,Taiwan,TW2066615309,P-M12-EH-001,高強度引擎汽缸頭螺栓 M12,73181595,33808,2155.28,2324.32,13470
INV-EU-2024-05851,WO-2024-M12-05851,2024-11-14,Germany,Taiwan,TW2066345210,P-M12-EH-001,高強度引擎汽缸頭螺栓 M12,73181595,34072,2172.11,2342.47,9188
INV-EU-2024-05744,WO-2024-CS-05744,2024-11-15,Italy,Taiwan,TW2066288613,P-CS-BS-003,底盤懸吊臂襯套軸套,73269098,24517,6668.73,7159.07,40212
INV-EU-2024-05745,WO-2024-M12-05745,2024-11-15,Germany,Taiwan,TW2066415230,P-M12-EH-001,高強度引擎汽缸頭螺栓 M12,73181595,14826,945.16,1019.29,4650
INV-EU-2024-05748,WO-2024-M10-05748,2024-11-15,Spain,Taiwan,TW2066122231,P-M10-BN-002,電動車電池模組固定螺母 M10,73181699,11707,199.02,208.97,1438
INV-EU-2024-05753,WO-2024-CS-05753,2024-11-15,Italy,Taiwan,TW2066712046,P-CS-BS-003,底盤懸吊臂襯套軸套,73269098,30303,8242.65,8848.71,28272
INV-EU-2024-05763,WO-2024-M12-05763,2024-11-15,Netherlands,Taiwan,TW2066600641,P-M12-EH-001,高強度引擎汽缸頭螺栓 M12,73181595,25022,1595.2,1720.31,11006
INV-EU-2024-05772,WO-2024-M10-05772,2024-11-15,Netherlands,Taiwan,TW2066580130,P-M10-BN-002,電動車電池模組固定螺母 M10,73181699,29345,498.87,523.81,2738
INV-EU-2024-05778,WO-2024-M12-05778,2024-11-15,France,Taiwan,TW2066352598,P-M12-EH-001,高強度引擎汽缸頭螺栓 M12,73181595,12655,806.78,870.05,5808
INV-EU-2024-05779,WO-2024-CS-05779,2024-11-15,Germany,Taiwan,TW2066404605,P-CS-BS-003,底盤懸吊臂襯套軸套,73269098,28456,7740.17,8309.29,60450
INV-EU-2024-05781,WO-2024-M10-05781,2024-11-15,France,Taiwan,TW2066714707,P-M10-BN-002,電動車電池模組固定螺母 M10,73181699,13376,227.4,238.77,725
INV-EU-2024-05783,WO-2024-CS-05783,2024-11-15,Netherlands,Taiwan,TW2066469794,P-CS-BS-003,底盤懸吊臂襯套軸套,73269098,32772,8914.25,9569.69,41540
INV-EU-2024-05790,WO-2024-M10-05790,2024-11-15,Germany,Taiwan,TW2066842584,P-M10-BN-002,電動車電池模組固定螺母 M10,73181699,22730,386.41,405.73,1166
INV-EU-2024-05793,WO-2024-CS-05793,2024-11-15,Netherlands,Taiwan,TW2066402503,P-CS-BS-003,底盤懸吊臂襯套軸套,73269098,36145,9831.51,10554.41,31755
INV-EU-2024-05812,WO-2024-M10-05812,2024-11-15,Germany,Taiwan,TW2066764917,P-M10-BN-002,電動車電池模組固定螺母 M10,73181699,30041,510.7,536.24,1731
INV-EU-2024-05816,WO-2024-CS-05816,2024-11-15,France,Taiwan,TW2066427527,P-CS-BS-003,底盤懸吊臂襯套軸套,73269098,14903,4053.64,4351.7,18971
INV-EU-2024-05818,WO-2024-M12-05818,2024-11-15,Netherlands,Taiwan,TW2066138390,P-M12-EH-001,高強度引擎汽缸頭螺栓 M12,73181595,19149,1220.81,1316.55,5615
INV-EU-2024-05822,WO-2024-M10-05822,2024-11-15,France,Taiwan,TW2066252374,P-M10-BN-002,電動車電池模組固定螺母 M10,73181699,20921,355.66,373.44,2436
INV-EU-2024-05826,WO-2024-M10-05826,2024-11-15,Spain,Taiwan,TW2066582643,P-M10-BN-002,電動車電池模組固定螺母 M10,73181699,10605,180.3,189.31,1400
INV-EU-2024-05828,WO-2024-M10-05828,2024-11-15,France,Taiwan,TW2066944881,P-M10-BN-002,電動車電池模組固定螺母 M10,73181699,21405,363.9,382.09,1306
INV-EU-2024-05832,WO-2024-M12-05832,2024-11-15,France,Taiwan,TW2066865689,P-M12-EH-001,高強度引擎汽缸頭螺栓 M12,73181595,23466,1495.97,1613.3,9020
INV-EU-2024-05835,WO-2024-CS-05835,2024-11-15,Netherlands,Taiwan,TW2066597917,P-CS-BS-003,底盤懸吊臂襯套軸套,73269098,49217,13387.22,14371.56,106963
INV-EU-2024-05837,WO-2024-M12-05837,2024-11-15,Germany,Taiwan,TW2066204389,P-M12-EH-001,高強度引擎汽缸頭螺栓 M12,73181595,40743,2597.4,2801.12,7870
INV-EU-2024-05845,WO-2024-M10-05845,2024-11-15,Netherlands,Taiwan,TW2066398647,P-M10-BN-002,電動車電池模組固定螺母 M10,73181699,22117,376,394.8,1722
INV-EU-2024-05849,WO-2024-M12-05849,2024-11-15,Spain,Taiwan,TW2066809980,P-M12-EH-001,高強度引擎汽缸頭螺栓 M12,73181595,25709,1638.99,1767.54,12325
INV-EU-2024-05850,WO-2024-CS-05850,2024-11-15,France,Taiwan,TW2066282143,P-CS-BS-003,底盤懸吊臂襯套軸套,73269098,47903,13029.85,13987.91,68276
INV-EU-2024-05861,WO-2024-M10-05861,2024-11-15,Netherlands,Taiwan,TW2066552264,P-M10-BN-002,電動車電池模組固定螺母 M10,73181699,17866,303.73,318.92,1740
INV-EU-2024-05863,WO-2024-M10-05863,2024-11-15,Netherlands,Taiwan,TW2066143293,P-M10-BN-002,電動車電池模組固定螺母 M10,73181699,47652,810.09,850.59,4115
INV-EU-2024-05865,WO-2024-M12-05865,2024-11-15,France,Taiwan,TW2066324504,P-M12-EH-001,高強度引擎汽缸頭螺栓 M12,73181595,13744,876.2,944.92,6851
INV-EU-2024-05870,WO-2024-CS-05870,2024-11-15,Italy,Taiwan,TW2066409814,P-CS-BS-003,底盤懸吊臂襯套軸套,73269098,13763,3743.76,4019.02,17745
INV-EU-2024-05871,WO-2024-CS-05871,2024-11-15,France,Taiwan,TW2066358134,P-CS-BS-003,底盤懸吊臂襯套軸套,73269098,25029,6808.16,7308.74,35402
INV-EU-2024-05878,WO-2024-CS-05878,2024-11-15,Italy,Taiwan,TW2066901882,P-CS-BS-003,底盤懸吊臂襯套軸套,73269098,39425,10723.8,11512.3,70133
INV-EU-2024-05774,WO-2024-M10-05774,2024-11-16,Netherlands,Taiwan,TW2066179634,P-M10-BN-002,電動車電池模組固定螺母 M10,73181699,40190,683.24,717.4,4318
INV-EU-2024-05785,WO-2024-CS-05785,2024-11-16,Netherlands,Taiwan,TW2066217378,P-CS-BS-003,底盤懸吊臂襯套軸套,73269098,25984,7067.81,7587.49,39438
INV-EU-2024-05794,WO-2024-CS-05794,2024-11-16,Spain,Taiwan,TW2066259242,P-CS-BS-003,底盤懸吊臂襯套軸套,73269098,21189,5763.49,6187.27,35099
INV-EU-2024-05800,WO-2024-M10-05800,2024-11-16,France,Taiwan,TW2066853957,P-M10-BN-002,電動車電池模組固定螺母 M10,73181699,44080,749.36,786.83,5462
INV-EU-2024-05806,WO-2024-M12-05806,2024-11-16,France,Taiwan,TW2066471239,P-M12-EH-001,高強度引擎汽缸頭螺栓 M12,73181595,40621,2589.65,2792.76,8597
INV-EU-2024-05824,WO-2024-M12-05824,2024-11-16,Spain,Taiwan,TW2066993591,P-M12-EH-001,高強度引擎汽缸頭螺栓 M12,73181595,19636,1251.83,1350.01,7097
INV-EU-2024-05839,WO-2024-CS-05839,2024-11-16,Italy,Taiwan,TW2066645114,P-CS-BS-003,底盤懸吊臂襯套軸套,73269098,47610,12950.11,13902.31,50634
INV-EU-2024-05842,WO-2024-M12-05842,2024-11-16,Italy,Taiwan,TW2066358625,P-M12-EH-001,高強度引擎汽缸頭螺栓 M12,73181595,38200,2435.27,2626.27,11372
INV-EU-2024-05853,WO-2024-M12-05853,2024-11-16,Germany,Taiwan,TW2066255218,P-M12-EH-001,高強度引擎汽缸頭螺栓 M12,73181595,23071,1470.81,1586.16,8663
INV-EU-2024-05860,WO-2024-CS-05860,2024-11-16,France,Taiwan,TW2066327791,P-CS-BS-003,底盤懸吊臂襯套軸套,73269098,32150,8744.94,9387.94,60952
INV-EU-2024-05874,WO-2024-CS-05874,2024-11-16,Spain,Taiwan,TW2066865167,P-CS-BS-003,底盤懸吊臂襯套軸套,73269098,42601,11587.51,12439.53,41830
INV-EU-2024-05881,WO-2024-M10-05881,2024-11-16,Italy,Taiwan,TW2066750632,P-M10-BN-002,電動車電池模組固定螺母 M10,73181699,38464,653.9,686.6,3740
INV-EU-2024-05883,WO-2024-M10-05883,2024-11-16,France,Taiwan,TW2066444873,P-M10-BN-002,電動車電池模組固定螺母 M10,73181699,38275,650.69,683.22,3149
INV-EU-2024-05896,WO-2024-M10-05896,2024-11-16,France,Taiwan,TW2066576079,P-M10-BN-002,電動車電池模組固定螺母 M10,73181699,23336,396.72,416.56,1733
INV-EU-2024-05902,WO-2024-CS-05902,2024-11-16,Netherlands,Taiwan,TW2066677770,P-CS-BS-003,底盤懸吊臂襯套軸套,73269098,35725,9717.43,10431.93,33233
INV-EU-2024-05788,WO-2024-CS-05788,2024-11-17,Italy,Taiwan,TW2066950670,P-CS-BS-003,底盤懸吊臂襯套軸套,73269098,20396,5547.9,5955.82,20027
INV-EU-2024-05805,WO-2024-CS-05805,2024-11-17,Netherlands,Taiwan,TW2066487415,P-CS-BS-003,底盤懸吊臂襯套軸套,73269098,43127,11730.62,12593.16,69093
INV-EU-2024-05814,WO-2024-M12-05814,2024-11-17,Germany,Taiwan,TW2066957112,P-M12-EH-001,高強度引擎汽缸頭螺栓 M12,73181595,12521,798.26,860.87,6370
INV-EU-2024-05815,WO-2024-M12-05815,2024-11-17,Germany,Taiwan,TW2066662520,P-M12-EH-001,高強度引擎汽缸頭螺栓 M12,73181595,45804,2920.06,3149.08,22367
INV-EU-2024-05817,WO-2024-M12-05817,2024-11-17,Germany,Taiwan,TW2066542575,P-M12-EH-001,高強度引擎汽缸頭螺栓 M12,73181595,48296,3078.88,3320.36,16318
INV-EU-2024-05827,WO-2024-M10-05827,2024-11-17,Netherlands,Taiwan,TW2066125125,P-M10-BN-002,電動車電池模組固定螺母 M10,73181699,16892,287.18,301.54,1806
INV-EU-2024-05830,WO-2024-M10-05830,2024-11-17,Netherlands,Taiwan,TW2066958897,P-M10-BN-002,電動車電池模組固定螺母 M10,73181699,44914,763.54,801.72,2848
INV-EU-2024-05838,WO-2024-M10-05838,2024-11-17,Italy,Taiwan,TW2066929337,P-M10-BN-002,電動車電池模組固定螺母 M10,73181699,26680,453.56,476.24,1900
INV-EU-2024-05858,WO-2024-M12-05858,2024-11-17,Netherlands,Taiwan,TW2066992202,P-M12-EH-001,高強度引擎汽缸頭螺栓 M12,73181595,35516,2264.15,2441.73,15509
INV-EU-2024-05867,WO-2024-M10-05867,2024-11-17,France,Taiwan,TW2066122745,P-M10-BN-002,電動車電池模組固定螺母 M10,73181699,41041,697.7,732.59,3097
INV-EU-2024-05868,WO-2024-M10-05868,2024-11-17,France,Taiwan,TW2066921616,P-M10-BN-002,電動車電池模組固定螺母 M10,73181699,25016,425.28,446.54,1662
INV-EU-2024-05879,WO-2024-CS-05879,2024-11-17,Italy,Taiwan,TW2066317106,P-CS-BS-003,底盤懸吊臂襯套軸套,73269098,47234,12847.76,13792.44,78242
INV-EU-2024-05882,WO-2024-M10-05882,2024-11-17,Germany,Taiwan,TW2066498085,P-M10-BN-002,電動車電池模組固定螺母 M10,73181699,23464,398.9,418.84,1587
INV-EU-2024-05901,WO-2024-M12-05901,2024-11-17,France,Taiwan,TW2066167513,P-M12-EH-001,高強度引擎汽缸頭螺栓 M12,73181595,20485,1305.94,1408.37,5537
INV-EU-2024-05905,WO-2024-M10-05905,2024-11-17,France,Taiwan,TW2066311024,P-M10-BN-002,電動車電池模組固定螺母 M10,73181699,44252,752.29,789.9,5920
INV-EU-2024-05915,WO-2024-M12-05915,2024-11-17,France,Taiwan,TW2066158176,P-M12-EH-001,高強度引擎汽缸頭螺栓 M12,73181595,18528,1181.17,1273.81,6685
INV-EU-2024-05918,WO-2024-M12-05918,2024-11-17,Netherlands,Taiwan,TW2066355043,P-M12-EH-001,高強度引擎汽缸頭螺栓 M12,73181595,28404,1810.78,1952.8,12313
INV-EU-2024-05801,WO-2024-M12-05801,2024-11-18,Spain,Taiwan,TW2066892334,P-M12-EH-001,高強度引擎汽缸頭螺栓 M12,73181595,42267,2694.54,2905.88,10023
INV-EU-2024-05809,WO-2024-CS-05809,2024-11-18,Germany,Taiwan,TW2066181579,P-CS-BS-003,底盤懸吊臂襯套軸套,73269098,36267,9864.71,10590.05,70335
INV-EU-2024-05811,WO-2024-M12-05811,2024-11-18,Germany,Taiwan,TW2066258606,P-M12-EH-001,高強度引擎汽缸頭螺栓 M12,73181595,12241,780.38,841.59,4783
INV-EU-2024-05823,WO-2024-M10-05823,2024-11-18,Italy,Taiwan,TW2066140308,P-M10-BN-002,電動車電池模組固定螺母 M10,73181699,38376,652.4,685.02,2426
INV-EU-2024-05840,WO-2024-M12-05840,2024-11-18,Spain,Taiwan,TW2066198962,P-M12-EH-001,高強度引擎汽缸頭螺栓 M12,73181595,15572,992.74,1070.6,3156
INV-EU-2024-05841,WO-2024-CS-05841,2024-11-18,France,Taiwan,TW2066714011,P-CS-BS-003,底盤懸吊臂襯套軸套,73269098,42833,11650.7,12507.36,60700
INV-EU-2024-05843,WO-2024-M12-05843,2024-11-18,France,Taiwan,TW2066605976,P-M12-EH-001,高強度引擎汽缸頭螺栓 M12,73181595,37885,2415.21,2604.64,15481
INV-EU-2024-05848,WO-2024-CS-05848,2024-11-18,France,Taiwan,TW2066612322,P-CS-BS-003,底盤懸吊臂襯套軸套,73269098,41130,11187.39,12009.99,35687
INV-EU-2024-05855,WO-2024-M10-05855,2024-11-18,Germany,Taiwan,TW2066813282,P-M10-BN-002,電動車電池模組固定螺母 M10,73181699,36634,622.79,653.93,2802
INV-EU-2024-05880,WO-2024-M12-05880,2024-11-18,France,Taiwan,TW2066701090,P-M12-EH-001,高強度引擎汽缸頭螺栓 M12,73181595,23621,1505.9,1624.01,9969
INV-EU-2024-05885,WO-2024-CS-05885,2024-11-18,Netherlands,Taiwan,TW2066501354,P-CS-BS-003,底盤懸吊臂襯套軸套,73269098,11957,3252.36,3491.5,10277
INV-EU-2024-05898,WO-2024-M10-05898,2024-11-18,Spain,Taiwan,TW2066239501,P-M10-BN-002,電動車電池模組固定螺母 M10,73181699,34397,584.76,614,4028
INV-EU-2024-05916,WO-2024-CS-05916,2024-11-18,Germany,Taiwan,TW2066423363,P-CS-BS-003,底盤懸吊臂襯套軸套,73269098,49210,13385.33,14369.53,57556
INV-EU-2024-05921,WO-2024-M10-05921,2024-11-18,Netherlands,Taiwan,TW2066426256,P-M10-BN-002,電動車電池模組固定螺母 M10,73181699,26641,452.9,475.54,2336
INV-EU-2024-05925,WO-2024-CS-05925,2024-11-18,Netherlands,Taiwan,TW2066605576,P-CS-BS-003,底盤懸吊臂襯套軸套,73269098,28638,7789.64,8362.4,36922
INV-EU-2024-05810,WO-2024-M12-05810,2024-11-19,Italy,Taiwan,TW2066286107,P-M12-EH-001,高強度引擎汽缸頭螺栓 M12,73181595,13923,887.65,957.26,3879
INV-EU-2024-05825,WO-2024-M12-05825,2024-11-19,Netherlands,Taiwan,TW2066589909,P-M12-EH-001,高強度引擎汽缸頭螺栓 M12,73181595,25565,1629.81,1757.63,10707
INV-EU-2024-05831,WO-2024-CS-05831,2024-11-19,France,Taiwan,TW2066591070,P-CS-BS-003,底盤懸吊臂襯套軸套,73269098,31819,8654.98,9291.36,34619
INV-EU-2024-05833,WO-2024-M12-05833,2024-11-19,Netherlands,Taiwan,TW2066878265,P-M12-EH-001,高強度引擎汽缸頭螺栓 M12,73181595,27936,1780.98,1920.66,11701
INV-EU-2024-05834,WO-2024-CS-05834,2024-11-19,France,Taiwan,TW2066752929,P-CS-BS-003,底盤懸吊臂襯套軸套,73269098,20927,5692.17,6110.71,17645
INV-EU-2024-05836,WO-2024-CS-05836,2024-11-19,France,Taiwan,TW2066990390,P-CS-BS-003,底盤懸吊臂襯套軸套,73269098,41877,11390.76,12228.3,79393
INV-EU-2024-05847,WO-2024-CS-05847,2024-11-19,Italy,Taiwan,TW2066704709,P-CS-BS-003,底盤懸吊臂襯套軸套,73269098,38476,10465.56,11235.08,40606
INV-EU-2024-05852,WO-2024-M10-05852,2024-11-19,France,Taiwan,TW2066484385,P-M10-BN-002,電動車電池模組固定螺母 M10,73181699,32339,549.77,577.26,4079
INV-EU-2024-05862,WO-2024-M10-05862,2024-11-19,Spain,Taiwan,TW2066416105,P-M10-BN-002,電動車電池模組固定螺母 M10,73181699,30558,519.49,545.46,2041
INV-EU-2024-05864,WO-2024-M10-05864,2024-11-19,Spain,Taiwan,TW2066809331,P-M10-BN-002,電動車電池模組固定螺母 M10,73181699,41525,705.94,741.24,3769
INV-EU-2024-05869,WO-2024-M10-05869,2024-11-19,Netherlands,Taiwan,TW2066757523,P-M10-BN-002,電動車電池模組固定螺母 M10,73181699,30029,510.51,536.04,2925
INV-EU-2024-05912,WO-2024-CS-05912,2024-11-19,Italy,Taiwan,TW2066512485,P-CS-BS-003,底盤懸吊臂襯套軸套,73269098,44062,11984.89,12866.13,44104
INV-EU-2024-05914,WO-2024-CS-05914,2024-11-19,Spain,Taiwan,TW2066995872,P-CS-BS-003,底盤懸吊臂襯套軸套,73269098,30868,8396.17,9013.53,39210
INV-EU-2024-05932,WO-2024-M12-05932,2024-11-19,Germany,Taiwan,TW2066610218,P-M12-EH-001,高強度引擎汽缸頭螺栓 M12,73181595,17140,1092.72,1178.42,8403
INV-EU-2024-05937,WO-2024-M12-05937,2024-11-19,Italy,Taiwan,TW2066874840,P-M12-EH-001,高強度引擎汽缸頭螺栓 M12,73181595,11912,759.39,818.95,5460
INV-EU-2024-05942,WO-2024-M12-05942,2024-11-19,Netherlands,Taiwan,TW2066605865,P-M12-EH-001,高強度引擎汽缸頭螺栓 M12,73181595,32696,2084.43,2247.91,15070
INV-EU-2024-05854,WO-2024-M12-05854,2024-11-20,Italy,Taiwan,TW2066547468,P-M12-EH-001,高強度引擎汽缸頭螺栓 M12,73181595,49095,3129.86,3375.34,18935
INV-EU-2024-05859,WO-2024-M12-05859,2024-11-20,Germany,Taiwan,TW2066449772,P-M12-EH-001,高強度引擎汽缸頭螺栓 M12,73181595,44553,2840.31,3063.07,17524
INV-EU-2024-05876,WO-2024-M10-05876,2024-11-20,Germany,Taiwan,TW2066782846,P-M10-BN-002,電動車電池模組固定螺母 M10,73181699,39484,671.23,704.79,3698
INV-EU-2024-05877,WO-2024-M12-05877,2024-11-20,Netherlands,Taiwan,TW2066889482,P-M12-EH-001,高強度引擎汽缸頭螺栓 M12,73181595,46508,2964.89,3197.43,19093
INV-EU-2024-05884,WO-2024-M12-05884,2024-11-20,Germany,Taiwan,TW2066432390,P-M12-EH-001,高強度引擎汽缸頭螺栓 M12,73181595,27086,1726.77,1862.2,5370
INV-EU-2024-05899,WO-2024-M12-05899,2024-11-20,Netherlands,Taiwan,TW2066686954,P-M12-EH-001,高強度引擎汽缸頭螺栓 M12,73181595,11475,731.57,788.95,4638
INV-EU-2024-05908,WO-2024-M12-05908,2024-11-20,Germany,Taiwan,TW2066109302,P-M12-EH-001,高強度引擎汽缸頭螺栓 M12,73181595,36973,2357.05,2541.91,18055
INV-EU-2024-05917,WO-2024-M10-05917,2024-11-20,Germany,Taiwan,TW2066727701,P-M10-BN-002,電動車電池模組固定螺母 M10,73181699,15068,256.16,268.97,2041
INV-EU-2024-05934,WO-2024-M12-05934,2024-11-20,France,Taiwan,TW2066382865,P-M12-EH-001,高強度引擎汽缸頭螺栓 M12,73181595,12475,795.33,857.71,5304
INV-EU-2024-05935,WO-2024-CS-05935,2024-11-20,France,Taiwan,TW2066187352,P-CS-BS-003,底盤懸吊臂襯套軸套,73269098,38694,10524.96,11298.84,83147
INV-EU-2024-05941,WO-2024-M12-05941,2024-11-20,Spain,Taiwan,TW2066344331,P-M12-EH-001,高強度引擎汽缸頭螺栓 M12,73181595,18536,1181.73,1274.41,8094
INV-EU-2024-05946,WO-2024-M10-05946,2024-11-20,Germany,Taiwan,TW2066654358,P-M10-BN-002,電動車電池模組固定螺母 M10,73181699,36284,616.84,647.68,2646
INV-EU-2024-05950,WO-2024-M10-05950,2024-11-20,Spain,Taiwan,TW2066669866,P-M10-BN-002,電動車電池模組固定螺母 M10,73181699,45075,766.29,804.6,5233
INV-EU-2024-05957,WO-2024-M10-05957,2024-11-20,Germany,Taiwan,TW2066456738,P-M10-BN-002,電動車電池模組固定螺母 M10,73181699,32511,552.7,580.34,2127
INV-EU-2024-05958,WO-2024-CS-05958,2024-11-20,Italy,Taiwan,TW2066837294,P-CS-BS-003,底盤懸吊臂襯套軸套,73269098,37757,10269.94,11025.08,51965
INV-EU-2024-05961,WO-2024-M10-05961,2024-11-20,France,Taiwan,TW2066728689,P-M10-BN-002,電動車電池模組固定螺母 M10,73181699,10733,182.47,191.59,928
INV-EU-2024-05965,WO-2024-M12-05965,2024-11-20,Germany,Taiwan,TW2066938606,P-M12-EH-001,高強度引擎汽缸頭螺栓 M12,73181595,26018,1658.66,1788.75,8840
INV-EU-2024-05856,WO-2024-CS-05856,2024-11-21,Netherlands,Taiwan,TW2066788477,P-CS-BS-003,底盤懸吊臂襯套軸套,73269098,16021,4357.84,4678.26,25493
INV-EU-2024-05857,WO-2024-CS-05857,2024-11-21,Spain,Taiwan,TW2066973288,P-CS-BS-003,底盤懸吊臂襯套軸套,73269098,48944,13312.96,14291.84,70026
INV-EU-2024-05866,WO-2024-M12-05866,2024-11-21,France,Taiwan,TW2066646795,P-M12-EH-001,高強度引擎汽缸頭螺栓 M12,73181595,21931,1398.16,1507.82,9353
INV-EU-2024-05873,WO-2024-CS-05873,2024-11-21,France,Taiwan,TW2066525403,P-CS-BS-003,底盤懸吊臂襯套軸套,73269098,43507,11834.12,12704.26,74909
INV-EU-2024-05887,WO-2024-M10-05887,2024-11-21,Italy,Taiwan,TW2066736891,P-M10-BN-002,電動車電池模組固定螺母 M10,73181699,28800,489.6,514.08,2937
INV-EU-2024-05890,WO-2024-CS-05890,2024-11-21,Italy,Taiwan,TW2066883574,P-CS-BS-003,底盤懸吊臂襯套軸套,73269098,43222,11756.55,12620.99,62662
INV-EU-2024-05892,WO-2024-CS-05892,2024-11-21,Italy,Taiwan,TW2066768841,P-CS-BS-003,底盤懸吊臂襯套軸套,73269098,13362,3634.7,3901.94,11485
INV-EU-2024-05893,WO-2024-CS-05893,2024-11-21,Germany,Taiwan,TW2066704430,P-CS-BS-003,底盤懸吊臂襯套軸套,73269098,41363,11250.86,12078.12,43315
INV-EU-2024-05894,WO-2024-M12-05894,2024-11-21,Spain,Taiwan,TW2066966626,P-M12-EH-001,高強度引擎汽缸頭螺栓 M12,73181595,46714,2978.04,3211.61,16200
INV-EU-2024-05895,WO-2024-CS-05895,2024-11-21,France,Taiwan,TW2066863015,P-CS-BS-003,底盤懸吊臂襯套軸套,73269098,37743,10266.15,11021.01,33057
INV-EU-2024-05900,WO-2024-M10-05900,2024-11-21,Italy,Taiwan,TW2066950456,P-M10-BN-002,電動車電池模組固定螺母 M10,73181699,34798,591.58,621.16,3372
INV-EU-2024-05919,WO-2024-CS-05919,2024-11-21,Germany,Taiwan,TW2066970845,P-CS-BS-003,底盤懸吊臂襯套軸套,73269098,33890,9218.17,9895.97,57152
INV-EU-2024-05924,WO-2024-M12-05924,2024-11-21,Netherlands,Taiwan,TW2066163831,P-M12-EH-001,高強度引擎汽缸頭螺栓 M12,73181595,42948,2737.97,2952.71,12676
INV-EU-2024-05927,WO-2024-CS-05927,2024-11-21,Netherlands,Taiwan,TW2066644037,P-CS-BS-003,底盤懸吊臂襯套軸套,73269098,45493,12374.14,13284,85876
INV-EU-2024-05930,WO-2024-CS-05930,2024-11-21,Spain,Taiwan,TW2066315882,P-CS-BS-003,底盤懸吊臂襯套軸套,73269098,37245,10130.79,10875.69,73346
INV-EU-2024-05933,WO-2024-CS-05933,2024-11-21,Netherlands,Taiwan,TW2066716496,P-CS-BS-003,底盤懸吊臂襯套軸套,73269098,25730,6998.67,7513.27,54309
INV-EU-2024-05936,WO-2024-M10-05936,2024-11-21,Italy,Taiwan,TW2066748947,P-M10-BN-002,電動車電池模組固定螺母 M10,73181699,15284,259.84,272.83,1262
INV-EU-2024-05938,WO-2024-M10-05938,2024-11-21,Spain,Taiwan,TW2066214867,P-M10-BN-002,電動車電池模組固定螺母 M10,73181699,15657,266.18,279.49,1240
INV-EU-2024-05943,WO-2024-M10-05943,2024-11-21,France,Taiwan,TW2066959048,P-M10-BN-002,電動車電池模組固定螺母 M10,73181699,26519,450.83,473.37,3056
INV-EU-2024-05947,WO-2024-M12-05947,2024-11-21,Spain,Taiwan,TW2066152126,P-M12-EH-001,高強度引擎汽缸頭螺栓 M12,73181595,48999,3123.71,3368.7,12963
INV-EU-2024-05951,WO-2024-M12-05951,2024-11-21,Italy,Taiwan,TW2066167665,P-M12-EH-001,高強度引擎汽缸頭螺栓 M12,73181595,19381,1235.55,1332.45,3830
INV-EU-2024-05956,WO-2024-M12-05956,2024-11-21,Netherlands,Taiwan,TW2066598486,P-M12-EH-001,高強度引擎汽缸頭螺栓 M12,73181595,25565,1629.81,1757.63,10642
INV-EU-2024-05959,WO-2024-CS-05959,2024-11-21,Italy,Taiwan,TW2066430446,P-CS-BS-003,底盤懸吊臂襯套軸套,73269098,16939,4607.48,4946.26,19167
INV-EU-2024-05982,WO-2024-M10-05982,2024-11-21,Spain,Taiwan,TW2066605708,P-M10-BN-002,電動車電池模組固定螺母 M10,73181699,19352,328.99,345.44,1881
INV-EU-2024-05983,WO-2024-M12-05983,2024-11-21,France,Taiwan,TW2066381169,P-M12-EH-001,高強度引擎汽缸頭螺栓 M12,73181595,40256,2566.37,2767.65,15269
INV-EU-2024-05988,WO-2024-M10-05988,2024-11-21,Italy,Taiwan,TW2066371625,P-M10-BN-002,電動車電池模組固定螺母 M10,73181699,24026,408.45,428.87,2834
INV-EU-2024-05872,WO-2024-M10-05872,2024-11-22,Netherlands,Taiwan,TW2066516067,P-M10-BN-002,電動車電池模組固定螺母 M10,73181699,29412,500.02,525.02,2440
INV-EU-2024-05875,WO-2024-CS-05875,2024-11-22,France,Taiwan,TW2066755706,P-CS-BS-003,底盤懸吊臂襯套軸套,73269098,15562,4233.08,4544.32,33272
INV-EU-2024-05888,WO-2024-M10-05888,2024-11-22,France,Taiwan,TW2066933879,P-M10-BN-002,電動車電池模組固定螺母 M10,73181699,40006,680.11,714.12,3257
INV-EU-2024-05889,WO-2024-M10-05889,2024-11-22,France,Taiwan,TW2066469085,P-M10-BN-002,電動車電池模組固定螺母 M10,73181699,42588,724.01,760.21,2512
INV-EU-2024-05891,WO-2024-M12-05891,2024-11-22,Spain,Taiwan,TW2066681579,P-M12-EH-001,高強度引擎汽缸頭螺栓 M12,73181595,13631,869.02,937.17,2720
INV-EU-2024-05897,WO-2024-M12-05897,2024-11-22,Spain,Taiwan,TW2066658539,P-M12-EH-001,高強度引擎汽缸頭螺栓 M12,73181595,20206,1288.16,1389.19,10137
INV-EU-2024-05906,WO-2024-M12-05906,2024-11-22,France,Taiwan,TW2066627091,P-M12-EH-001,高強度引擎汽缸頭螺栓 M12,73181595,44034,2807.2,3027.37,18078
INV-EU-2024-05909,WO-2024-M10-05909,2024-11-22,Netherlands,Taiwan,TW2066199038,P-M10-BN-002,電動車電池模組固定螺母 M10,73181699,27031,459.53,482.51,2012
INV-EU-2024-05922,WO-2024-CS-05922,2024-11-22,Italy,Taiwan,TW2066285914,P-CS-BS-003,底盤懸吊臂襯套軸套,73269098,40559,11032.26,11843.44,34089
INV-EU-2024-05939,WO-2024-M10-05939,2024-11-22,Spain,Taiwan,TW2066571092,P-M10-BN-002,電動車電池模組固定螺母 M10,73181699,23219,394.73,414.47,1815
INV-EU-2024-05945,WO-2024-M12-05945,2024-11-22,Germany,Taiwan,TW2066445035,P-M12-EH-001,高強度引擎汽缸頭螺栓 M12,73181595,39332,2507.45,2704.11,17226
INV-EU-2024-05969,WO-2024-CS-05969,2024-11-22,Italy,Taiwan,TW2066164353,P-CS-BS-003,底盤懸吊臂襯套軸套,73269098,14018,3813,4093.36,26996
INV-EU-2024-05970,WO-2024-M12-05970,2024-11-22,Netherlands,Taiwan,TW2066115555,P-M12-EH-001,高強度引擎汽缸頭螺栓 M12,73181595,31076,1981.13,2136.51,11292
INV-EU-2024-05971,WO-2024-CS-05971,2024-11-22,Italy,Taiwan,TW2066343819,P-CS-BS-003,底盤懸吊臂襯套軸套,73269098,15995,4350.85,4670.75,20405
INV-EU-2024-05973,WO-2024-M12-05973,2024-11-22,France,Taiwan,TW2066197311,P-M12-EH-001,高強度引擎汽缸頭螺栓 M12,73181595,37750,2406.61,2595.36,18747
INV-EU-2024-05984,WO-2024-M10-05984,2024-11-22,Italy,Taiwan,TW2066627406,P-M10-BN-002,電動車電池模組固定螺母 M10,73181699,34392,584.67,613.9,3385
INV-EU-2024-06001,WO-2024-M10-06001,2024-11-22,France,Taiwan,TW2066867707,P-M10-BN-002,電動車電池模組固定螺母 M10,73181699,10321,175.47,184.24,812
INV-EU-2024-06006,WO-2024-M10-06006,2024-11-22,Germany,Taiwan,TW2066956330,P-M10-BN-002,電動車電池模組固定螺母 M10,73181699,49555,842.44,884.56,4928
INV-EU-2024-05886,WO-2024-M12-05886,2024-11-23,Germany,Taiwan,TW2066305689,P-M12-EH-001,高強度引擎汽缸頭螺栓 M12,73181595,17182,1095.38,1181.29,7141
INV-EU-2024-05903,WO-2024-CS-05903,2024-11-23,France,Taiwan,TW2066846761,P-CS-BS-003,底盤懸吊臂襯套軸套,73269098,34680,9432.99,10126.59,64898
INV-EU-2024-05910,WO-2024-M12-05910,2024-11-23,France,Taiwan,TW2066139842,P-M12-EH-001,高強度引擎汽缸頭螺栓 M12,73181595,36078,2300,2480.39,8464
INV-EU-2024-05911,WO-2024-CS-05911,2024-11-23,Italy,Taiwan,TW2066536395,P-CS-BS-003,底盤懸吊臂襯套軸套,73269098,14757,4013.91,4309.05,26692
INV-EU-2024-05913,WO-2024-M10-05913,2024-11-23,Germany,Taiwan,TW2066462896,P-M10-BN-002,電動車電池模組固定螺母 M10,73181699,36378,618.44,649.36,2523
INV-EU-2024-05920,WO-2024-CS-05920,2024-11-23,Germany,Taiwan,TW2066872870,P-CS-BS-003,底盤懸吊臂襯套軸套,73269098,46551,12661.89,13592.91,44569
INV-EU-2024-05926,WO-2024-M12-05926,2024-11-23,Germany,Taiwan,TW2066342213,P-M12-EH-001,高強度引擎汽缸頭螺栓 M12,73181595,22669,1445.18,1558.53,6228
INV-EU-2024-05929,WO-2024-M10-05929,2024-11-23,Spain,Taiwan,TW2066316228,P-M10-BN-002,電動車電池模組固定螺母 M10,73181699,48047,816.8,857.64,6420
INV-EU-2024-05940,WO-2024-M10-05940,2024-11-23,Italy,Taiwan,TW2066648833,P-M10-BN-002,電動車電池模組固定螺母 M10,73181699,43406,737.91,774.81,5305
INV-EU-2024-05948,WO-2024-M10-05948,2024-11-23,France,Taiwan,TW2066493545,P-M10-BN-002,電動車電池模組固定螺母 M10,73181699,45988,781.8,820.89,5245
INV-EU-2024-05954,WO-2024-M12-05954,2024-11-23,Spain,Taiwan,TW2066912302,P-M12-EH-001,高強度引擎汽缸頭螺栓 M12,73181595,15186,968.14,1044.07,5363
INV-EU-2024-05963,WO-2024-M10-05963,2024-11-23,Spain,Taiwan,TW2066155642,P-M10-BN-002,電動車電池模組固定螺母 M10,73181699,48052,816.89,857.73,2989
INV-EU-2024-05968,WO-2024-M10-05968,2024-11-23,Germany,Taiwan,TW2066725231,P-M10-BN-002,電動車電池模組固定螺母 M10,73181699,42042,714.73,750.47,3566
INV-EU-2024-05976,WO-2024-CS-05976,2024-11-23,Italy,Taiwan,TW2066858820,P-CS-BS-003,底盤懸吊臂襯套軸套,73269098,22425,6099.86,6548.36,46358
INV-EU-2024-05995,WO-2024-M12-05995,2024-11-23,Spain,Taiwan,TW2066789526,P-M12-EH-001,高強度引擎汽缸頭螺栓 M12,73181595,14731,939.11,1012.76,6301
INV-EU-2024-06004,WO-2024-M12-06004,2024-11-23,Germany,Taiwan,TW2066817843,P-M12-EH-001,高強度引擎汽缸頭螺栓 M12,73181595,10287,655.8,707.23,2577
INV-EU-2024-06008,WO-2024-M10-06008,2024-11-23,Italy,Taiwan,TW2066965682,P-M10-BN-002,電動車電池模組固定螺母 M10,73181699,43812,744.82,782.06,2659
INV-EU-2024-06010,WO-2024-M12-06010,2024-11-23,Netherlands,Taiwan,TW2066566684,P-M12-EH-001,高強度引擎汽缸頭螺栓 M12,73181595,41964,2675.25,2885.07,17683
INV-EU-2024-06015,WO-2024-CS-06015,2024-11-23,Spain,Taiwan,TW2066315114,P-CS-BS-003,底盤懸吊臂襯套軸套,73269098,34210,9305.19,9989.39,62344
INV-EU-2024-05904,WO-2024-M12-05904,2024-11-24,Italy,Taiwan,TW2066808762,P-M12-EH-001,高強度引擎汽缸頭螺栓 M12,73181595,10236,652.59,703.77,4920
INV-EU-2024-05907,WO-2024-CS-05907,2024-11-24,France,Taiwan,TW2066848966,P-CS-BS-003,底盤懸吊臂襯套軸套,73269098,13863,3770.81,4048.07,23265
INV-EU-2024-05923,WO-2024-CS-05923,2024-11-24,Italy,Taiwan,TW2066856295,P-CS-BS-003,底盤懸吊臂襯套軸套,73269098,42966,11686.92,12546.24,72458
INV-EU-2024-05944,WO-2024-M10-05944,2024-11-24,Germany,Taiwan,TW2066237839,P-M10-BN-002,電動車電池模組固定螺母 M10,73181699,27893,474.19,497.9,2290
INV-EU-2024-05955,WO-2024-M10-05955,2024-11-24,Spain,Taiwan,TW2066675973,P-M10-BN-002,電動車電池模組固定螺母 M10,73181699,15858,269.59,283.07,1644
INV-EU-2024-05964,WO-2024-M12-05964,2024-11-24,Netherlands,Taiwan,TW2066174213,P-M12-EH-001,高強度引擎汽缸頭螺栓 M12,73181595,43130,2749.6,2965.25,10558
INV-EU-2024-05966,WO-2024-CS-05966,2024-11-24,France,Taiwan,TW2066652096,P-CS-BS-003,底盤懸吊臂襯套軸套,73269098,46873,12749.67,13687.13,72163
INV-EU-2024-05989,WO-2024-M10-05989,2024-11-24,France,Taiwan,TW2066983372,P-M10-BN-002,電動車電池模組固定螺母 M10,73181699,17354,295.03,309.78,1168
INV-EU-2024-05997,WO-2024-M10-05997,2024-11-24,Spain,Taiwan,TW2066371546,P-M10-BN-002,電動車電池模組固定螺母 M10,73181699,45169,767.89,806.28,5859
INV-EU-2024-05998,WO-2024-M12-05998,2024-11-24,Germany,Taiwan,TW2066763930,P-M12-EH-001,高強度引擎汽缸頭螺栓 M12,73181595,28157,1795.07,1935.86,14145
INV-EU-2024-06002,WO-2024-M12-06002,2024-11-24,Germany,Taiwan,TW2066522874,P-M12-EH-001,高強度引擎汽缸頭螺栓 M12,73181595,29598,1886.93,2034.92,10642
INV-EU-2024-06005,WO-2024-M12-06005,2024-11-24,Germany,Taiwan,TW2066648333,P-M12-EH-001,高強度引擎汽缸頭螺栓 M12,73181595,48385,3084.55,3326.48,24028
INV-EU-2024-06016,WO-2024-CS-06016,2024-11-24,France,Taiwan,TW2066570540,P-CS-BS-003,底盤懸吊臂襯套軸套,73269098,26745,7274.69,7809.59,24952
INV-EU-2024-06018,WO-2024-M12-06018,2024-11-24,Germany,Taiwan,TW2066232902,P-M12-EH-001,高強度引擎汽缸頭螺栓 M12,73181595,10983,700.17,755.08,2639
INV-EU-2024-06021,WO-2024-CS-06021,2024-11-24,Italy,Taiwan,TW2066192207,P-CS-BS-003,底盤懸吊臂襯套軸套,73269098,34042,9259.51,9940.35,51945
INV-EU-2024-06022,WO-2024-M10-06022,2024-11-24,France,Taiwan,TW2066434408,P-M10-BN-002,電動車電池模組固定螺母 M10,73181699,31410,533.97,560.67,3647
INV-EU-2024-06026,WO-2024-M12-06026,2024-11-24,Italy,Taiwan,TW2066467406,P-M12-EH-001,高強度引擎汽缸頭螺栓 M12,73181595,36830,2347.96,2532.11,15848
INV-EU-2024-06030,WO-2024-CS-06030,2024-11-24,Italy,Taiwan,TW2066622481,P-CS-BS-003,底盤懸吊臂襯套軸套,73269098,41137,11189.27,12012.01,47218
INV-EU-2024-06033,WO-2024-M10-06033,2024-11-24,Italy,Taiwan,TW2066215893,P-M10-BN-002,電動車電池模組固定螺母 M10,73181699,46922,797.69,837.57,3055
INV-EU-2024-06044,WO-2024-M10-06044,2024-11-24,Netherlands,Taiwan,TW2066839786,P-M10-BN-002,電動車電池模組固定螺母 M10,73181699,24064,409.1,429.56,1955
INV-EU-2024-05931,WO-2024-CS-05931,2024-11-25,Germany,Taiwan,TW2066369132,P-CS-BS-003,底盤懸吊臂襯套軸套,73269098,49188,13379.38,14363.14,88705
INV-EU-2024-05953,WO-2024-M12-05953,2024-11-25,Netherlands,Taiwan,TW2066804535,P-M12-EH-001,高強度引擎汽缸頭螺栓 M12,73181595,41837,2667.12,2876.3,16536
INV-EU-2024-05974,WO-2024-M12-05974,2024-11-25,Germany,Taiwan,TW2066715999,P-M12-EH-001,高強度引擎汽缸頭螺栓 M12,73181595,32384,2064.48,2226.4,13811
INV-EU-2024-05990,WO-2024-M12-05990,2024-11-25,Italy,Taiwan,TW2066825109,P-M12-EH-001,高強度引擎汽缸頭螺栓 M12,73181595,45410,2894.89,3121.94,10826
INV-EU-2024-05993,WO-2024-M10-05993,2024-11-25,Netherlands,Taiwan,TW2066911168,P-M10-BN-002,電動車電池模組固定螺母 M10,73181699,12140,206.39,216.71,1310
INV-EU-2024-05996,WO-2024-CS-05996,2024-11-25,France,Taiwan,TW2066630435,P-CS-BS-003,底盤懸吊臂襯套軸套,73269098,15871,4317.08,4634.5,27068
INV-EU-2024-06012,WO-2024-M12-06012,2024-11-25,France,Taiwan,TW2066785384,P-M12-EH-001,高強度引擎汽缸頭螺栓 M12,73181595,14526,926.06,998.69,5028
INV-EU-2024-06014,WO-2024-M12-06014,2024-11-25,Germany,Taiwan,TW2066284623,P-M12-EH-001,高強度引擎汽缸頭螺栓 M12,73181595,41619,2653.22,2861.31,10533
INV-EU-2024-06017,WO-2024-CS-06017,2024-11-25,Netherlands,Taiwan,TW2066119128,P-CS-BS-003,底盤懸吊臂襯套軸套,73269098,23496,6391.01,6860.93,39112
INV-EU-2024-06025,WO-2024-CS-06025,2024-11-25,Netherlands,Taiwan,TW2066758921,P-CS-BS-003,底盤懸吊臂襯套軸套,73269098,28076,7636.69,8198.21,35281
INV-EU-2024-06028,WO-2024-CS-06028,2024-11-25,Germany,Taiwan,TW2066295544,P-CS-BS-003,底盤懸吊臂襯套軸套,73269098,33208,9032.59,9696.75,42362
INV-EU-2024-06038,WO-2024-M12-06038,2024-11-25,France,Taiwan,TW2066155223,P-M12-EH-001,高強度引擎汽缸頭螺栓 M12,73181595,31073,1980.95,2136.32,12598
INV-EU-2024-06053,WO-2024-M12-06053,2024-11-25,Netherlands,Taiwan,TW2066764570,P-M12-EH-001,高強度引擎汽缸頭螺栓 M12,73181595,28769,1834.04,1977.88,13370
INV-EU-2024-06059,WO-2024-M10-06059,2024-11-25,Netherlands,Taiwan,TW2066356273,P-M10-BN-002,電動車電池模組固定螺母 M10,73181699,42177,717.01,752.86,3269
INV-EU-2024-06063,WO-2024-M12-06063,2024-11-25,Netherlands,Taiwan,TW2066635038,P-M12-EH-001,高強度引擎汽缸頭螺栓 M12,73181595,14516,925.4,997.98,5598
INV-EU-2024-05928,WO-2024-CS-05928,2024-11-26,Italy,Taiwan,TW2066786994,P-CS-BS-003,底盤懸吊臂襯套軸套,73269098,36438,9911.16,10639.92,61151
INV-EU-2024-05962,WO-2024-M10-05962,2024-11-26,Spain,Taiwan,TW2066144035,P-M10-BN-002,電動車電池模組固定螺母 M10,73181699,32578,553.84,581.53,2519
INV-EU-2024-05967,WO-2024-CS-05967,2024-11-26,Germany,Taiwan,TW2066969608,P-CS-BS-003,底盤懸吊臂襯套軸套,73269098,41894,11395.4,12233.28,59028
INV-EU-2024-05980,WO-2024-CS-05980,2024-11-26,France,Taiwan,TW2066912316,P-CS-BS-003,底盤懸吊臂襯套軸套,73269098,45357,12337.15,13244.29,63166
INV-EU-2024-05986,WO-2024-M12-05986,2024-11-26,Italy,Taiwan,TW2066368515,P-M12-EH-001,高強度引擎汽缸頭螺栓 M12,73181595,25220,1607.78,1733.88,7813
INV-EU-2024-05987,WO-2024-CS-05987,2024-11-26,Germany,Taiwan,TW2066823751,P-CS-BS-003,底盤懸吊臂襯套軸套,73269098,10113,2750.74,2953,13176
INV-EU-2024-05992,WO-2024-M12-05992,2024-11-26,Spain,Taiwan,TW2066161488,P-M12-EH-001,高強度引擎汽缸頭螺栓 M12,73181595,11113,708.49,764.06,4229
INV-EU-2024-05994,WO-2024-M12-05994,2024-11-26,France,Taiwan,TW2066835053,P-M12-EH-001,高強度引擎汽缸頭螺栓 M12,73181595,39801,2537.34,2736.35,7815
INV-EU-2024-05999,WO-2024-M10-05999,2024-11-26,France,Taiwan,TW2066127553,P-M10-BN-002,電動車電池模組固定螺母 M10,73181699,31866,541.73,568.82,4252
INV-EU-2024-06007,WO-2024-M12-06007,2024-11-26,France,Taiwan,TW2066760906,P-M12-EH-001,高強度引擎汽缸頭螺栓 M12,73181595,33005,2104.11,2269.14,8689
INV-EU-2024-06009,WO-2024-CS-06009,2024-11-26,France,Taiwan,TW2066651033,P-CS-BS-003,底盤懸吊臂襯套軸套,73269098,14353,3904.28,4191.34,28227
INV-EU-2024-06013,WO-2024-M12-06013,2024-11-26,Netherlands,Taiwan,TW2066537430,P-M12-EH-001,高強度引擎汽缸頭螺栓 M12,73181595,34763,2216.19,2390.01,10659
INV-EU-2024-06045,WO-2024-CS-06045,2024-11-26,France,Taiwan,TW2066858820,P-CS-BS-003,底盤懸吊臂襯套軸套,73269098,49107,13357.24,14339.38,78807
INV-EU-2024-06052,WO-2024-M10-06052,2024-11-26,Germany,Taiwan,TW2066406935,P-M10-BN-002,電動車電池模組固定螺母 M10,73181699,16330,277.62,291.5,1118
INV-EU-2024-06054,WO-2024-M10-06054,2024-11-26,Netherlands,Taiwan,TW2066901335,P-M10-BN-002,電動車電池模組固定螺母 M10,73181699,41353,703.01,738.16,4949
INV-EU-2024-06055,WO-2024-CS-06055,2024-11-26,Germany,Taiwan,TW2066954288,P-CS-BS-003,底盤懸吊臂襯套軸套,73269098,41834,11378.94,12215.62,78514
INV-EU-2024-06077,WO-2024-M12-06077,2024-11-26,France,Taiwan,TW2066462931,P-M12-EH-001,高強度引擎汽缸頭螺栓 M12,73181595,23397,1491.62,1608.6,10829
INV-EU-2024-06081,WO-2024-M12-06081,2024-11-26,Spain,Taiwan,TW2066554342,P-M12-EH-001,高強度引擎汽缸頭螺栓 M12,73181595,45844,2922.61,3151.83,19581
INV-EU-2024-05949,WO-2024-M10-05949,2024-11-27,France,Taiwan,TW2066768724,P-M10-BN-002,電動車電池模組固定螺母 M10,73181699,11718,199.22,209.18,838
INV-EU-2024-05952,WO-2024-M10-05952,2024-11-27,Spain,Taiwan,TW2066288871,P-M10-BN-002,電動車電池模組固定螺母 M10,73181699,44719,760.23,798.24,3915
INV-EU-2024-05960,WO-2024-CS-05960,2024-11-27,Germany,Taiwan,TW2066891198,P-CS-BS-003,底盤懸吊臂襯套軸套,73269098,49030,13336.42,14317.02,53479
INV-EU-2024-05977,WO-2024-M12-05977,2024-11-27,Germany,Taiwan,TW2066430559,P-M12-EH-001,高強度引擎汽缸頭螺栓 M12,73181595,33544,2138.44,2306.16,10178
INV-EU-2024-05978,WO-2024-M10-05978,2024-11-27,Italy,Taiwan,TW2066752475,P-M10-BN-002,電動車電池模組固定螺母 M10,73181699,37602,639.25,671.21,2051
INV-EU-2024-05981,WO-2024-M12-05981,2024-11-27,Germany,Taiwan,TW2066361906,P-M12-EH-001,高強度引擎汽缸頭螺栓 M12,73181595,29411,1875.01,2022.07,14850
INV-EU-2024-06011,WO-2024-CS-06011,2024-11-27,Netherlands,Taiwan,TW2066305545,P-CS-BS-003,底盤懸吊臂襯套軸套,73269098,42830,11649.85,12506.45,78053
INV-EU-2024-06035,WO-2024-M12-06035,2024-11-27,Italy,Taiwan,TW2066578024,P-M12-EH-001,高強度引擎汽缸頭螺栓 M12,73181595,19047,1214.28,1309.51,8548
INV-EU-2024-06037,WO-2024-CS-06037,2024-11-27,Netherlands,Taiwan,TW2066347947,P-CS-BS-003,底盤懸吊臂襯套軸套,73269098,20280,5516.31,5921.91,31277
INV-EU-2024-06041,WO-2024-CS-06041,2024-11-27,Spain,Taiwan,TW2066601885,P-CS-BS-003,底盤懸吊臂襯套軸套,73269098,28727,7813.96,8388.5,23988
INV-EU-2024-06043,WO-2024-M10-06043,2024-11-27,Netherlands,Taiwan,TW2066999386,P-M10-BN-002,電動車電池模組固定螺母 M10,73181699,11407,193.92,203.62,810
INV-EU-2024-06067,WO-2024-CS-06067,2024-11-27,France,Taiwan,TW2066936558,P-CS-BS-003,底盤懸吊臂襯套軸套,73269098,33923,9227.16,9905.62,72525
INV-EU-2024-06068,WO-2024-CS-06068,2024-11-27,Germany,Taiwan,TW2066873681,P-CS-BS-003,底盤懸吊臂襯套軸套,73269098,29369,7988.48,8575.86,50886
INV-EU-2024-06074,WO-2024-M12-06074,2024-11-27,Netherlands,Taiwan,TW2066241253,P-M12-EH-001,高強度引擎汽缸頭螺栓 M12,73181595,23304,1485.66,1602.18,7621
INV-EU-2024-06086,WO-2024-M10-06086,2024-11-27,France,Taiwan,TW2066221298,P-M10-BN-002,電動車電池模組固定螺母 M10,73181699,28321,481.47,505.54,3668
INV-EU-2024-06090,WO-2024-M10-06090,2024-11-27,Netherlands,Taiwan,TW2066427068,P-M10-BN-002,電動車電池模組固定螺母 M10,73181699,26669,453.38,476.05,2616
INV-EU-2024-06095,WO-2024-CS-06095,2024-11-27,Netherlands,Taiwan,TW2066557115,P-CS-BS-003,底盤懸吊臂襯套軸套,73269098,31186,8482.82,9106.54,44025
INV-EU-2024-05972,WO-2024-M12-05972,2024-11-28,France,Taiwan,TW2066252952,P-M12-EH-001,高強度引擎汽缸頭螺栓 M12,73181595,30005,1912.84,2062.86,8971
INV-EU-2024-05975,WO-2024-CS-05975,2024-11-28,Spain,Taiwan,TW2066410147,P-CS-BS-003,底盤懸吊臂襯套軸套,73269098,22649,6160.59,6613.57,19590
INV-EU-2024-05979,WO-2024-M10-05979,2024-11-28,France,Taiwan,TW2066275256,P-M10-BN-002,電動車電池模組固定螺母 M10,73181699,36584,621.94,653.04,4191
INV-EU-2024-05985,WO-2024-M12-05985,2024-11-28,Italy,Taiwan,TW2066730415,P-M12-EH-001,高強度引擎汽缸頭螺栓 M12,73181595,41139,2622.66,2828.36,10936
INV-EU-2024-05991,WO-2024-CS-05991,2024-11-28,Germany,Taiwan,TW2066442888,P-CS-BS-003,底盤懸吊臂襯套軸套,73269098,36926,10044.06,10782.58,57753
INV-EU-2024-06003,WO-2024-M12-06003,2024-11-28,France,Taiwan,TW2066992557,P-M12-EH-001,高強度引擎汽缸頭螺栓 M12,73181595,23914,1524.54,1644.11,7348
INV-EU-2024-06027,WO-2024-M12-06027,2024-11-28,France,Taiwan,TW2066185865,P-M12-EH-001,高強度引擎汽缸頭螺栓 M12,73181595,47494,3027.8,3265.27,21981
INV-EU-2024-06048,WO-2024-M12-06048,2024-11-28,Spain,Taiwan,TW2066705634,P-M12-EH-001,高強度引擎汽缸頭螺栓 M12,73181595,35223,2245.52,2421.64,12754
INV-EU-2024-06065,WO-2024-CS-06065,2024-11-28,Netherlands,Taiwan,TW2066215522,P-CS-BS-003,底盤懸吊臂襯套軸套,73269098,30987,8428.52,9048.26,48042
INV-EU-2024-06078,WO-2024-M12-06078,2024-11-28,Netherlands,Taiwan,TW2066754177,P-M12-EH-001,高強度引擎汽缸頭螺栓 M12,73181595,33628,2143.83,2311.97,13356
INV-EU-2024-06092,WO-2024-CS-06092,2024-11-28,Netherlands,Taiwan,TW2066632183,P-CS-BS-003,底盤懸吊臂襯套軸套,73269098,20436,5558.7,5967.42,21178
INV-EU-2024-06094,WO-2024-CS-06094,2024-11-28,Italy,Taiwan,TW2066843573,P-CS-BS-003,底盤懸吊臂襯套軸套,73269098,48411,13167.86,14136.08,90989
INV-EU-2024-06106,WO-2024-M12-06106,2024-11-28,Spain,Taiwan,TW2066318959,P-M12-EH-001,高強度引擎汽缸頭螺栓 M12,73181595,35922,2290.07,2469.68,16396
INV-EU-2024-06113,WO-2024-M12-06113,2024-11-28,Spain,Taiwan,TW2066507607,P-M12-EH-001,高強度引擎汽缸頭螺栓 M12,73181595,19666,1253.72,1352.05,5491
INV-EU-2024-06000,WO-2024-M10-06000,2024-11-29,Spain,Taiwan,TW2066155541,P-M10-BN-002,電動車電池模組固定螺母 M10,73181699,18128,308.18,323.59,1507
INV-EU-2024-06023,WO-2024-M12-06023,2024-11-29,Germany,Taiwan,TW2066388480,P-M12-EH-001,高強度引擎汽缸頭螺栓 M12,73181595,34665,2209.95,2383.27,8906
INV-EU-2024-06032,WO-2024-M10-06032,2024-11-29,Italy,Taiwan,TW2066483433,P-M10-BN-002,電動車電池模組固定螺母 M10,73181699,29535,502.1,527.21,1511
INV-EU-2024-06036,WO-2024-CS-06036,2024-11-29,Italy,Taiwan,TW2066450986,P-CS-BS-003,底盤懸吊臂襯套軸套,73269098,22120,6016.9,6459.3,46209
INV-EU-2024-06040,WO-2024-M12-06040,2024-11-29,Germany,Taiwan,TW2066266947,P-M12-EH-001,高強度引擎汽缸頭螺栓 M12,73181595,32974,2102.12,2266.99,11351
INV-EU-2024-06042,WO-2024-CS-06042,2024-11-29,Spain,Taiwan,TW2066158368,P-CS-BS-003,底盤懸吊臂襯套軸套,73269098,13573,3691.92,3963.38,15912
INV-EU-2024-06057,WO-2024-M12-06057,2024-11-29,Germany,Taiwan,TW2066179805,P-M12-EH-001,高強度引擎汽缸頭螺栓 M12,73181595,23368,1489.72,1606.56,8312
INV-EU-2024-06058,WO-2024-CS-06058,2024-11-29,France,Taiwan,TW2066396241,P-CS-BS-003,底盤懸吊臂襯套軸套,73269098,19296,5248.54,5634.46,29181
INV-EU-2024-06079,WO-2024-M12-06079,2024-11-29,Germany,Taiwan,TW2066639424,P-M12-EH-001,高強度引擎汽缸頭螺栓 M12,73181595,36355,2317.69,2499.47,15829
INV-EU-2024-06080,WO-2024-M10-06080,2024-11-29,France,Taiwan,TW2066144380,P-M10-BN-002,電動車電池模組固定螺母 M10,73181699,21099,358.69,376.62,2098
INV-EU-2024-06084,WO-2024-M10-06084,2024-11-29,Netherlands,Taiwan,TW2066334940,P-M10-BN-002,電動車電池模組固定螺母 M10,73181699,21327,362.57,380.7,1754
INV-EU-2024-06088,WO-2024-M12-06088,2024-11-29,Spain,Taiwan,TW2066274783,P-M12-EH-001,高強度引擎汽缸頭螺栓 M12,73181595,18479,1178.04,1270.43,6785
INV-EU-2024-06097,WO-2024-M10-06097,2024-11-29,France,Taiwan,TW2066565562,P-M10-BN-002,電動車電池模組固定螺母 M10,73181699,43517,739.8,776.79,5748
INV-EU-2024-06104,WO-2024-M10-06104,2024-11-29,Netherlands,Taiwan,TW2066837617,P-M10-BN-002,電動車電池模組固定螺母 M10,73181699,34087,579.48,608.45,3905
INV-EU-2024-06118,WO-2024-CS-06118,2024-11-29,Netherlands,Taiwan,TW2066959435,P-CS-BS-003,底盤懸吊臂襯套軸套,73269098,42790,11639.07,12494.87,66808
INV-EU-2024-06122,WO-2024-M10-06122,2024-11-29,Germany,Taiwan,TW2066684468,P-M10-BN-002,電動車電池模組固定螺母 M10,73181699,10182,173.1,181.75,1078
INV-EU-2024-06124,WO-2024-CS-06124,2024-11-29,Italy,Taiwan,TW2066377008,P-CS-BS-003,底盤懸吊臂襯套軸套,73269098,44184,12018.09,12901.77,90376
INV-EU-2024-06019,WO-2024-CS-06019,2024-11-30,Netherlands,Taiwan,TW2066790520,P-CS-BS-003,底盤懸吊臂襯套軸套,73269098,40520,11021.48,11831.88,86408
INV-EU-2024-06020,WO-2024-CS-06020,2024-11-30,France,Taiwan,TW2066109053,P-CS-BS-003,底盤懸吊臂襯套軸套,73269098,46375,12614.02,13541.52,62943
INV-EU-2024-06024,WO-2024-M10-06024,2024-11-30,Italy,Taiwan,TW2066762377,P-M10-BN-002,電動車電池模組固定螺母 M10,73181699,33674,572.47,601.09,1843
INV-EU-2024-06047,WO-2024-M12-06047,2024-11-30,Germany,Taiwan,TW2066371052,P-M12-EH-001,高強度引擎汽缸頭螺栓 M12,73181595,42196,2690.01,2900.99,11190
INV-EU-2024-06050,WO-2024-CS-06050,2024-11-30,Spain,Taiwan,TW2066486566,P-CS-BS-003,底盤懸吊臂襯套軸套,73269098,15902,4325.4,4643.44,31013
INV-EU-2024-06072,WO-2024-M12-06072,2024-11-30,Italy,Taiwan,TW2066471109,P-M12-EH-001,高強度引擎汽缸頭螺栓 M12,73181595,26580,1694.51,1827.41,7455
INV-EU-2024-06087,WO-2024-CS-06087,2024-11-30,Italy,Taiwan,TW2066616836,P-CS-BS-003,底盤懸吊臂襯套軸套,73269098,37385,10168.92,10916.62,44539
INV-EU-2024-06089,WO-2024-M10-06089,2024-11-30,Netherlands,Taiwan,TW2066400987,P-M10-BN-002,電動車電池模組固定螺母 M10,73181699,35338,600.75,630.79,2817
INV-EU-2024-06096,WO-2024-CS-06096,2024-11-30,Netherlands,Taiwan,TW2066434098,P-CS-BS-003,底盤懸吊臂襯套軸套,73269098,16640,4526.14,4858.94,17878
INV-EU-2024-06099,WO-2024-M12-06099,2024-11-30,Italy,Taiwan,TW2066473395,P-M12-EH-001,高強度引擎汽缸頭螺栓 M12,73181595,22696,1446.88,1560.36,8927
INV-EU-2024-06102,WO-2024-CS-06102,2024-11-30,Spain,Taiwan,TW2066754598,P-CS-BS-003,底盤懸吊臂襯套軸套,73269098,12859,3497.91,3755.09,22456
INV-EU-2024-06103,WO-2024-CS-06103,2024-11-30,France,Taiwan,TW2066399929,P-CS-BS-003,底盤懸吊臂襯套軸套,73269098,17516,4764.42,5114.74,21630
INV-EU-2024-06105,WO-2024-M12-06105,2024-11-30,France,Taiwan,TW2066781699,P-M12-EH-001,高強度引擎汽缸頭螺栓 M12,73181595,24369,1553.58,1675.42,10781
INV-EU-2024-06119,WO-2024-M12-06119,2024-11-30,Germany,Taiwan,TW2066815087,P-M12-EH-001,高強度引擎汽缸頭螺栓 M12,73181595,47586,3033.65,3271.58,12619
INV-EU-2024-06141,WO-2024-M10-06141,2024-11-30,Spain,Taiwan,TW2066886093,P-M10-BN-002,電動車電池模組固定螺母 M10,73181699,11539,196.17,205.98,1520
INV-EU-2024-06029,WO-2024-M12-06029,2024-12-01,Spain,Taiwan,TW2066458012,P-M12-EH-001,高強度引擎汽缸頭螺栓 M12,73181595,21256,1355.13,1461.41,8943
INV-EU-2024-06031,WO-2024-M12-06031,2024-12-01,Netherlands,Taiwan,TW2066420819,P-M12-EH-001,高強度引擎汽缸頭螺栓 M12,73181595,38713,2468,2661.57,8563
INV-EU-2024-06034,WO-2024-M10-06034,2024-12-01,Italy,Taiwan,TW2066724659,P-M10-BN-002,電動車電池模組固定螺母 M10,73181699,20548,349.32,366.79,2312
INV-EU-2024-06039,WO-2024-M12-06039,2024-12-01,Germany,Taiwan,TW2066874202,P-M12-EH-001,高強度引擎汽缸頭螺栓 M12,73181595,44501,2837,3059.51,14213
INV-EU-2024-06046,WO-2024-CS-06046,2024-12-01,Spain,Taiwan,TW2066398071,P-CS-BS-003,底盤懸吊臂襯套軸套,73269098,28890,7858.22,8436.02,45341
INV-EU-2024-06051,WO-2024-CS-06051,2024-12-01,France,Taiwan,TW2066815531,P-CS-BS-003,底盤懸吊臂襯套軸套,73269098,13436,3654.65,3923.37,17396
INV-EU-2024-06061,WO-2024-M12-06061,2024-12-01,Germany,Taiwan,TW2066772626,P-M12-EH-001,高強度引擎汽缸頭螺栓 M12,73181595,19722,1257.31,1355.92,8147
INV-EU-2024-06062,WO-2024-M10-06062,2024-12-01,Germany,Taiwan,TW2066118762,P-M10-BN-002,電動車電池模組固定螺母 M10,73181699,23480,399.17,419.13,2011
INV-EU-2024-06064,WO-2024-M12-06064,2024-12-01,France,Taiwan,TW2066518214,P-M12-EH-001,高強度引擎汽缸頭螺栓 M12,73181595,37538,2393.08,2580.77,15507
INV-EU-2024-06066,WO-2024-CS-06066,2024-12-01,Netherlands,Taiwan,TW2066609757,P-CS-BS-003,底盤懸吊臂襯套軸套,73269098,19401,5277.19,5665.21,37045
INV-EU-2024-06073,WO-2024-CS-06073,2024-12-01,Germany,Taiwan,TW2066486312,P-CS-BS-003,底盤懸吊臂襯套軸套,73269098,29140,7926.33,8509.13,49777
INV-EU-2024-06076,WO-2024-M10-06076,2024-12-01,France,Taiwan,TW2066637486,P-M10-BN-002,電動車電池模組固定螺母 M10,73181699,26742,454.62,477.35,2659
INV-EU-2024-06093,WO-2024-CS-06093,2024-12-01,Germany,Taiwan,TW2066334565,P-CS-BS-003,底盤懸吊臂襯套軸套,73269098,43138,11733.66,12596.42,56204
INV-EU-2024-06109,WO-2024-CS-06109,2024-12-01,Spain,Taiwan,TW2066621723,P-CS-BS-003,底盤懸吊臂襯套軸套,73269098,26068,7090.71,7612.07,35737
INV-EU-2024-06111,WO-2024-CS-06111,2024-12-01,France,Taiwan,TW2066822098,P-CS-BS-003,底盤懸吊臂襯套軸套,73269098,35139,9558.04,10260.82,64421
INV-EU-2024-06126,WO-2024-M10-06126,2024-12-01,Italy,Taiwan,TW2066718029,P-M10-BN-002,電動車電池模組固定螺母 M10,73181699,40691,691.75,726.34,4461
INV-EU-2024-06129,WO-2024-CS-06129,2024-12-01,Germany,Taiwan,TW2066765445,P-CS-BS-003,底盤懸吊臂襯套軸套,73269098,37114,10095.14,10837.42,61176
INV-EU-2024-06142,WO-2024-CS-06142,2024-12-01,Spain,Taiwan,TW2066752851,P-CS-BS-003,底盤懸吊臂襯套軸套,73269098,12476,3393.67,3643.19,14898
INV-EU-2024-06144,WO-2024-M12-06144,2024-12-01,Spain,Taiwan,TW2066494637,P-M12-EH-001,高強度引擎汽缸頭螺栓 M12,73181595,13147,838.18,903.91,2891
INV-EU-2024-06147,WO-2024-M10-06147,2024-12-01,Germany,Taiwan,TW2066163672,P-M10-BN-002,電動車電池模組固定螺母 M10,73181699,43901,746.32,783.64,5709
INV-EU-2024-06148,WO-2024-M10-06148,2024-12-01,France,Taiwan,TW2066384188,P-M10-BN-002,電動車電池模組固定螺母 M10,73181699,22981,390.68,410.21,2238
INV-EU-2024-06166,WO-2024-M12-06166,2024-12-01,Netherlands,Taiwan,TW2066471708,P-M12-EH-001,高強度引擎汽缸頭螺栓 M12,73181595,47153,3006.03,3241.8,19629
INV-EU-2024-06168,WO-2024-M12-06168,2024-12-01,Spain,Taiwan,TW2066143879,P-M12-EH-001,高強度引擎汽缸頭螺栓 M12,73181595,36596,2333.02,2516,11898
INV-EU-2024-06049,WO-2024-M10-06049,2024-12-02,France,Taiwan,TW2066239078,P-M10-BN-002,電動車電池模組固定螺母 M10,73181699,49432,840.36,882.38,2537
INV-EU-2024-06056,WO-2024-M12-06056,2024-12-02,Germany,Taiwan,TW2066991142,P-M12-EH-001,高強度引擎汽缸頭螺栓 M12,73181595,20104,1281.63,1382.15,9227
INV-EU-2024-06060,WO-2024-M12-06060,2024-12-02,Germany,Taiwan,TW2066208283,P-M12-EH-001,高強度引擎汽缸頭螺栓 M12,73181595,45687,2912.57,3141.01,11126
INV-EU-2024-06069,WO-2024-CS-06069,2024-12-02,Netherlands,Taiwan,TW2066783172,P-CS-BS-003,底盤懸吊臂襯套軸套,73269098,11448,3114.06,3343.02,19680
INV-EU-2024-06071,WO-2024-M10-06071,2024-12-02,Spain,Taiwan,TW2066444677,P-M10-BN-002,電動車電池模組固定螺母 M10,73181699,16737,284.54,298.77,884
INV-EU-2024-06085,WO-2024-CS-06085,2024-12-02,Italy,Taiwan,TW2066598445,P-CS-BS-003,底盤懸吊臂襯套軸套,73269098,15548,4229.3,4540.26,30704
INV-EU-2024-06107,WO-2024-M10-06107,2024-12-02,Netherlands,Taiwan,TW2066240912,P-M10-BN-002,電動車電池模組固定螺母 M10,73181699,44869,762.79,800.93,2440
INV-EU-2024-06108,WO-2024-M10-06108,2024-12-02,France,Taiwan,TW2066424486,P-M10-BN-002,電動車電池模組固定螺母 M10,73181699,44185,751.16,788.72,2531
INV-EU-2024-06110,WO-2024-CS-06110,2024-12-02,Netherlands,Taiwan,TW2066551707,P-CS-BS-003,底盤懸吊臂襯套軸套,73269098,22087,6007.72,6449.46,35625
INV-EU-2024-06114,WO-2024-CS-06114,2024-12-02,France,Taiwan,TW2066235345,P-CS-BS-003,底盤懸吊臂襯套軸套,73269098,36815,10013.79,10750.09,32845
INV-EU-2024-06139,WO-2024-M10-06139,2024-12-02,Netherlands,Taiwan,TW2066484253,P-M10-BN-002,電動車電池模組固定螺母 M10,73181699,24448,415.63,436.41,2319
INV-EU-2024-06151,WO-2024-M10-06151,2024-12-02,Germany,Taiwan,TW2066918358,P-M10-BN-002,電動車電池模組固定螺母 M10,73181699,33864,575.7,604.49,3126
INV-EU-2024-06155,WO-2024-M10-06155,2024-12-02,Netherlands,Taiwan,TW2066833415,P-M10-BN-002,電動車電池模組固定螺母 M10,73181699,20971,356.52,374.35,2716
INV-EU-2024-06167,WO-2024-M10-06167,2024-12-02,Germany,Taiwan,TW2066459886,P-M10-BN-002,電動車電池模組固定螺母 M10,73181699,49377,839.41,881.38,4994
INV-EU-2024-06176,WO-2024-M12-06176,2024-12-02,Germany,Taiwan,TW2066690509,P-M12-EH-001,高強度引擎汽缸頭螺栓 M12,73181595,41340,2635.43,2842.13,11806
INV-EU-2024-06179,WO-2024-M12-06179,2024-12-02,Spain,Taiwan,TW2066271085,P-M12-EH-001,高強度引擎汽缸頭螺栓 M12,73181595,21688,1382.64,1491.08,6788
INV-EU-2024-06070,WO-2024-CS-06070,2024-12-03,Netherlands,Taiwan,TW2066688740,P-CS-BS-003,底盤懸吊臂襯套軸套,73269098,28907,7862.87,8441.01,25790
INV-EU-2024-06075,WO-2024-M10-06075,2024-12-03,France,Taiwan,TW2066237668,P-M10-BN-002,電動車電池模組固定螺母 M10,73181699,36412,619.01,649.96,1962
INV-EU-2024-06082,WO-2024-CS-06082,2024-12-03,Netherlands,Taiwan,TW2066828117,P-CS-BS-003,底盤懸吊臂襯套軸套,73269098,49366,13427.79,14415.11,50488
INV-EU-2024-06083,WO-2024-M10-06083,2024-12-03,Spain,Taiwan,TW2066212760,P-M10-BN-002,電動車電池模組固定螺母 M10,73181699,24260,412.42,433.04,2495
INV-EU-2024-06098,WO-2024-M10-06098,2024-12-03,Germany,Taiwan,TW2066188114,P-M10-BN-002,電動車電池模組固定螺母 M10,73181699,11083,188.42,197.84,738
INV-EU-2024-06112,WO-2024-CS-06112,2024-12-03,Netherlands,Taiwan,TW2066379726,P-CS-BS-003,底盤懸吊臂襯套軸套,73269098,32493,8838.1,9487.96,69379
INV-EU-2024-06116,WO-2024-CS-06116,2024-12-03,Germany,Taiwan,TW2066224761,P-CS-BS-003,底盤懸吊臂襯套軸套,73269098,16969,4615.61,4954.99,25155
INV-EU-2024-06117,WO-2024-M12-06117,2024-12-03,Spain,Taiwan,TW2066313284,P-M12-EH-001,高強度引擎汽缸頭螺栓 M12,73181595,33367,2127.19,2294.03,10231
INV-EU-2024-06121,WO-2024-CS-06121,2024-12-03,Spain,Taiwan,TW2066622109,P-CS-BS-003,底盤懸吊臂襯套軸套,73269098,38206,10392.06,11156.18,35125
INV-EU-2024-06125,WO-2024-M10-06125,2024-12-03,France,Taiwan,TW2066750993,P-M10-BN-002,電動車電池模組固定螺母 M10,73181699,32522,552.89,580.53,2366
INV-EU-2024-06127,WO-2024-M10-06127,2024-12-03,Netherlands,Taiwan,TW2066592028,P-M10-BN-002,電動車電池模組固定螺母 M10,73181699,40647,691,725.55,4401
INV-EU-2024-06130,WO-2024-CS-06130,2024-12-03,France,Taiwan,TW2066169496,P-CS-BS-003,底盤懸吊臂襯套軸套,73269098,17732,4823.34,5177.98,23441
INV-EU-2024-06138,WO-2024-M12-06138,2024-12-03,Netherlands,Taiwan,TW2066742186,P-M12-EH-001,高強度引擎汽缸頭螺栓 M12,73181595,39903,2543.86,2743.38,11167
INV-EU-2024-06143,WO-2024-M10-06143,2024-12-03,France,Taiwan,TW2066299473,P-M10-BN-002,電動車電池模組固定螺母 M10,73181699,48492,824.37,865.59,6009
INV-EU-2024-06152,WO-2024-M10-06152,2024-12-03,France,Taiwan,TW2066508901,P-M10-BN-002,電動車電池模組固定螺母 M10,73181699,22830,388.12,407.53,1218
INV-EU-2024-06157,WO-2024-M10-06157,2024-12-03,France,Taiwan,TW2066576356,P-M10-BN-002,電動車電池模組固定螺母 M10,73181699,38170,648.9,681.35,3354
INV-EU-2024-06164,WO-2024-CS-06164,2024-12-03,Netherlands,Taiwan,TW2066623744,P-CS-BS-003,底盤懸吊臂襯套軸套,73269098,14323,3895.86,4182.32,18739
INV-EU-2024-06165,WO-2024-CS-06165,2024-12-03,Germany,Taiwan,TW2066525968,P-CS-BS-003,底盤懸吊臂襯套軸套,73269098,18436,5014.6,5383.32,28633
INV-EU-2024-06169,WO-2024-M10-06169,2024-12-03,Spain,Taiwan,TW2066450697,P-M10-BN-002,電動車電池模組固定螺母 M10,73181699,28049,476.84,500.68,1859
INV-EU-2024-06175,WO-2024-M12-06175,2024-12-03,Germany,Taiwan,TW2066217799,P-M12-EH-001,高強度引擎汽缸頭螺栓 M12,73181595,22938,1462.3,1576.99,11493
INV-EU-2024-06181,WO-2024-M10-06181,2024-12-03,Germany,Taiwan,TW2066264511,P-M10-BN-002,電動車電池模組固定螺母 M10,73181699,24154,410.63,431.16,1769
INV-EU-2024-06182,WO-2024-M10-06182,2024-12-03,Netherlands,Taiwan,TW2066108229,P-M10-BN-002,電動車電池模組固定螺母 M10,73181699,44041,748.7,786.13,5300
INV-EU-2024-06185,WO-2024-CS-06185,2024-12-03,France,Taiwan,TW2066441637,P-CS-BS-003,底盤懸吊臂襯套軸套,73269098,11516,3132.41,3362.73,18199
INV-EU-2024-06189,WO-2024-M12-06189,2024-12-03,Germany,Taiwan,TW2066785989,P-M12-EH-001,高強度引擎汽缸頭螺栓 M12,73181595,43184,2753.01,2968.93,20950
INV-EU-2024-06192,WO-2024-M12-06192,2024-12-03,France,Taiwan,TW2066851360,P-M12-EH-001,高強度引擎汽缸頭螺栓 M12,73181595,32532,2073.94,2236.6,14704
INV-EU-2024-06199,WO-2024-M12-06199,2024-12-03,Spain,Taiwan,TW2066697387,P-M12-EH-001,高強度引擎汽缸頭螺栓 M12,73181595,16776,1069.47,1153.35,6277
INV-EU-2024-06200,WO-2024-M10-06200,2024-12-03,Netherlands,Taiwan,TW2066404236,P-M10-BN-002,電動車電池模組固定螺母 M10,73181699,16069,273.19,286.85,1404
INV-EU-2024-06091,WO-2024-M10-06091,2024-12-04,France,Taiwan,TW2066913628,P-M10-BN-002,電動車電池模組固定螺母 M10,73181699,12052,204.89,215.13,1075
INV-EU-2024-06115,WO-2024-M12-06115,2024-12-04,Netherlands,Taiwan,TW2066189807,P-M12-EH-001,高強度引擎汽缸頭螺栓 M12,73181595,43163,2751.68,2967.49,17995
INV-EU-2024-06120,WO-2024-M10-06120,2024-12-04,Italy,Taiwan,TW2066473479,P-M10-BN-002,電動車電池模組固定螺母 M10,73181699,44485,756.26,794.07,2404
INV-EU-2024-06123,WO-2024-CS-06123,2024-12-04,France,Taiwan,TW2066116108,P-CS-BS-003,底盤懸吊臂襯套軸套,73269098,45366,12339.6,13246.92,77739
INV-EU-2024-06131,WO-2024-M10-06131,2024-12-04,Italy,Taiwan,TW2066795083,P-M10-BN-002,電動車電池模組固定螺母 M10,73181699,48230,819.92,860.92,6018
INV-EU-2024-06132,WO-2024-M12-06132,2024-12-04,Spain,Taiwan,TW2066539046,P-M12-EH-001,高強度引擎汽缸頭螺栓 M12,73181595,46067,2936.79,3167.13,20821
INV-EU-2024-06136,WO-2024-CS-06136,2024-12-04,Italy,Taiwan,TW2066715842,P-CS-BS-003,底盤懸吊臂襯套軸套,73269098,46417,12625.65,13553.99,55805
INV-EU-2024-06137,WO-2024-M10-06137,2024-12-04,Germany,Taiwan,TW2066313695,P-M10-BN-002,電動車電池模組固定螺母 M10,73181699,31576,536.8,563.64,3934
INV-EU-2024-06145,WO-2024-M12-06145,2024-12-04,Germany,Taiwan,TW2066157837,P-M12-EH-001,高強度引擎汽缸頭螺栓 M12,73181595,18538,1181.83,1274.52,4620
INV-EU-2024-06149,WO-2024-M12-06149,2024-12-04,Germany,Taiwan,TW2066417162,P-M12-EH-001,高強度引擎汽缸頭螺栓 M12,73181595,34099,2173.82,2344.32,10238
INV-EU-2024-06190,WO-2024-M10-06190,2024-12-04,Netherlands,Taiwan,TW2066777092,P-M10-BN-002,電動車電池模組固定螺母 M10,73181699,10978,186.63,195.96,1304
INV-EU-2024-06194,WO-2024-M10-06194,2024-12-04,France,Taiwan,TW2066746615,P-M10-BN-002,電動車電池模組固定螺母 M10,73181699,34876,592.9,622.54,2685
INV-EU-2024-06197,WO-2024-CS-06197,2024-12-04,France,Taiwan,TW2066984365,P-CS-BS-003,底盤懸吊臂襯套軸套,73269098,31584,8590.94,9222.62,36855
INV-EU-2024-06203,WO-2024-M10-06203,2024-12-04,Germany,Taiwan,TW2066719433,P-M10-BN-002,電動車電池模組固定螺母 M10,73181699,36039,612.67,643.3,4515
INV-EU-2024-06212,WO-2024-M10-06212,2024-12-04,Italy,Taiwan,TW2066790874,P-M10-BN-002,電動車電池模組固定螺母 M10,73181699,33196,564.34,592.56,2415
INV-EU-2024-06213,WO-2024-M10-06213,2024-12-04,Netherlands,Taiwan,TW2066213150,P-M10-BN-002,電動車電池模組固定螺母 M10,73181699,15891,270.15,283.66,1285
INV-EU-2024-06214,WO-2024-M12-06214,2024-12-04,France,Taiwan,TW2066822425,P-M12-EH-001,高強度引擎汽缸頭螺栓 M12,73181595,28904,1842.65,1987.17,10392
INV-EU-2024-06215,WO-2024-M10-06215,2024-12-04,Germany,Taiwan,TW2066441413,P-M10-BN-002,電動車電池模組固定螺母 M10,73181699,14740,250.58,263.11,1631
INV-EU-2024-06217,WO-2024-M12-06217,2024-12-04,Netherlands,Taiwan,TW2066844784,P-M12-EH-001,高強度引擎汽缸頭螺栓 M12,73181595,9978,636.13,686.02,2092
INV-EU-2024-06220,WO-2024-M10-06220,2024-12-04,Netherlands,Taiwan,TW2066150704,P-M10-BN-002,電動車電池模組固定螺母 M10,73181699,36111,613.9,644.6,1958
INV-EU-2024-06246,WO-2024-M12-06246,2024-12-04,Germany,Taiwan,TW2066929590,P-M12-EH-001,高強度引擎汽缸頭螺栓 M12,73181595,19141,1220.24,1315.94,7260
INV-EU-2024-06100,WO-2024-CS-06100,2024-12-05,Italy,Taiwan,TW2066366304,P-CS-BS-003,底盤懸吊臂襯套軸套,73269098,16316,4438.06,4764.38,34217
INV-EU-2024-06101,WO-2024-M12-06101,2024-12-05,Netherlands,Taiwan,TW2066419197,P-M12-EH-001,高強度引擎汽缸頭螺栓 M12,73181595,23061,1470.14,1585.45,8982
INV-EU-2024-06133,WO-2024-M12-06133,2024-12-05,Netherlands,Taiwan,TW2066259658,P-M12-EH-001,高強度引擎汽缸頭螺栓 M12,73181595,49584,3160.99,3408.91,10083
INV-EU-2024-06140,WO-2024-M10-06140,2024-12-05,Italy,Taiwan,TW2066284541,P-M10-BN-002,電動車電池模組固定螺母 M10,73181699,36134,614.28,644.99,2500
INV-EU-2024-06150,WO-2024-CS-06150,2024-12-05,Germany,Taiwan,TW2066267048,P-CS-BS-003,底盤懸吊臂襯套軸套,73269098,34809,9468.08,10164.26,36262
INV-EU-2024-06154,WO-2024-M10-06154,2024-12-05,Italy,Taiwan,TW2066881244,P-M10-BN-002,電動車電池模組固定螺母 M10,73181699,18818,319.91,335.91,1941
INV-EU-2024-06160,WO-2024-M12-06160,2024-12-05,Netherlands,Taiwan,TW2066155183,P-M12-EH-001,高強度引擎汽缸頭螺栓 M12,73181595,25271,1611.08,1737.43,11825
INV-EU-2024-06172,WO-2024-M12-06172,2024-12-05,Netherlands,Taiwan,TW2066917116,P-M12-EH-001,高強度引擎汽缸頭螺栓 M12,73181595,29531,1882.66,2030.32,14327
INV-EU-2024-06180,WO-2024-M10-06180,2024-12-05,France,Taiwan,TW2066161853,P-M10-BN-002,電動車電池模組固定螺母 M10,73181699,17132,291.25,305.81,1112
INV-EU-2024-06183,WO-2024-CS-06183,2024-12-05,Spain,Taiwan,TW2066101483,P-CS-BS-003,底盤懸吊臂襯套軸套,73269098,20264,5511.96,5917.24,32189
INV-EU-2024-06184,WO-2024-M10-06184,2024-12-05,Spain,Taiwan,TW2066988298,P-M10-BN-002,電動車電池模組固定螺母 M10,73181699,40685,691.65,726.23,3485
INV-EU-2024-06191,WO-2024-M10-06191,2024-12-05,France,Taiwan,TW2066172159,P-M10-BN-002,電動車電池模組固定螺母 M10,73181699,33835,575.21,603.97,4406
INV-EU-2024-06193,WO-2024-M12-06193,2024-12-05,France,Taiwan,TW2066619497,P-M12-EH-001,高強度引擎汽缸頭螺栓 M12,73181595,15002,956.41,1031.42,6599
INV-EU-2024-06207,WO-2024-M10-06207,2024-12-05,France,Taiwan,TW2066362570,P-M10-BN-002,電動車電池模組固定螺母 M10,73181699,35767,608.04,638.44,1927
INV-EU-2024-06208,WO-2024-M10-06208,2024-12-05,Netherlands,Taiwan,TW2066911440,P-M10-BN-002,電動車電池模組固定螺母 M10,73181699,15229,258.9,271.84,1307
INV-EU-2024-06230,WO-2024-CS-06230,2024-12-05,Germany,Taiwan,TW2066115771,P-CS-BS-003,底盤懸吊臂襯套軸套,73269098,14373,3909.66,4197.12,30690
INV-EU-2024-06234,WO-2024-M12-06234,2024-12-05,Italy,Taiwan,TW2066207450,P-M12-EH-001,高強度引擎汽缸頭螺栓 M12,73181595,33297,2122.74,2289.22,15835
INV-EU-2024-06239,WO-2024-M10-06239,2024-12-05,Netherlands,Taiwan,TW2066497176,P-M10-BN-002,電動車電池模組固定螺母 M10,73181699,46088,783.51,822.69,2726
INV-EU-2024-06244,WO-2024-M10-06244,2024-12-05,Spain,Taiwan,TW2066852110,P-M10-BN-002,電動車電池模組固定螺母 M10,73181699,45948,781.13,820.19,5530
INV-EU-2024-06251,WO-2024-M10-06251,2024-12-05,Germany,Taiwan,TW2066938711,P-M10-BN-002,電動車電池模組固定螺母 M10,73181699,46678,793.53,833.21,3126
INV-EU-2024-06263,WO-2024-M10-06263,2024-12-05,Spain,Taiwan,TW2066764176,P-M10-BN-002,電動車電池模組固定螺母 M10,73181699,48653,827.11,868.47,2506
INV-EU-2024-06271,WO-2024-M10-06271,2024-12-05,Italy,Taiwan,TW2066499643,P-M10-BN-002,電動車電池模組固定螺母 M10,73181699,25406,431.91,453.51,1969
INV-EU-2024-06279,WO-2024-M10-06279,2024-12-05,France,Taiwan,TW2066404298,P-M10-BN-002,電動車電池模組固定螺母 M10,73181699,28644,486.96,511.31,3116
INV-EU-2024-06128,WO-2024-CS-06128,2024-12-06,France,Taiwan,TW2066125958,P-CS-BS-003,底盤懸吊臂襯套軸套,73269098,23405,6366.23,6834.33,35587
INV-EU-2024-06134,WO-2024-M10-06134,2024-12-06,Germany,Taiwan,TW2066649615,P-M10-BN-002,電動車電池模組固定螺母 M10,73181699,17026,289.45,303.92,1832
INV-EU-2024-06135,WO-2024-CS-06135,2024-12-06,Germany,Taiwan,TW2066988123,P-CS-BS-003,底盤懸吊臂襯套軸套,73269098,36084,9814.96,10536.64,65858
INV-EU-2024-06158,WO-2024-M10-06158,2024-12-06,Spain,Taiwan,TW2066546183,P-M10-BN-002,電動車電池模組固定螺母 M10,73181699,32756,556.86,584.7,4182
INV-EU-2024-06163,WO-2024-M12-06163,2024-12-06,Spain,Taiwan,TW2066124245,P-M12-EH-001,高強度引擎汽缸頭螺栓 M12,73181595,32027,2041.77,2201.9,11536
INV-EU-2024-06170,WO-2024-M10-06170,2024-12-06,Spain,Taiwan,TW2066534165,P-M10-BN-002,電動車電池模組固定螺母 M10,73181699,18301,311.12,326.68,1729
INV-EU-2024-06178,WO-2024-CS-06178,2024-12-06,Italy,Taiwan,TW2066414091,P-CS-BS-003,底盤懸吊臂襯套軸套,73269098,41059,11168.19,11989.37,78959
INV-EU-2024-06187,WO-2024-CS-06187,2024-12-06,Germany,Taiwan,TW2066767551,P-CS-BS-003,底盤懸吊臂襯套軸套,73269098,26763,7279.61,7814.87,57872
INV-EU-2024-06188,WO-2024-M12-06188,2024-12-06,Italy,Taiwan,TW2066548959,P-M12-EH-001,高強度引擎汽缸頭螺栓 M12,73181595,41715,2659.36,2867.93,9573
INV-EU-2024-06209,WO-2024-M10-06209,2024-12-06,Spain,Taiwan,TW2066165248,P-M10-BN-002,電動車電池模組固定螺母 M10,73181699,16904,287.38,301.75,1135
INV-EU-2024-06218,WO-2024-M10-06218,2024-12-06,Spain,Taiwan,TW2066649702,P-M10-BN-002,電動車電池模組固定螺母 M10,73181699,21093,358.59,376.52,1631
INV-EU-2024-06223,WO-2024-M12-06223,2024-12-06,Italy,Taiwan,TW2066102711,P-M12-EH-001,高強度引擎汽缸頭螺栓 M12,73181595,12420,791.83,853.93,3143
INV-EU-2024-06226,WO-2024-M10-06226,2024-12-06,Italy,Taiwan,TW2066765551,P-M10-BN-002,電動車電池模組固定螺母 M10,73181699,39556,672.46,706.08,4411
INV-EU-2024-06229,WO-2024-M12-06229,2024-12-06,Italy,Taiwan,TW2066570688,P-M12-EH-001,高強度引擎汽缸頭螺栓 M12,73181595,23627,1506.28,1624.41,6492
INV-EU-2024-06232,WO-2024-M12-06232,2024-12-06,Netherlands,Taiwan,TW2066163524,P-M12-EH-001,高強度引擎汽缸頭螺栓 M12,73181595,45191,2880.98,3106.93,17401
INV-EU-2024-06233,WO-2024-M10-06233,2024-12-06,Italy,Taiwan,TW2066982345,P-M10-BN-002,電動車電池模組固定螺母 M10,73181699,15518,263.82,277.01,1567
INV-EU-2024-06249,WO-2024-M10-06249,2024-12-06,Italy,Taiwan,TW2066408051,P-M10-BN-002,電動車電池模組固定螺母 M10,73181699,13454,228.72,240.16,1790
INV-EU-2024-06255,WO-2024-CS-06255,2024-12-06,Italy,Taiwan,TW2066335522,P-CS-BS-003,底盤懸吊臂襯套軸套,73269098,37163,10108.38,10851.64,64390
INV-EU-2024-06266,WO-2024-M10-06266,2024-12-06,Netherlands,Taiwan,TW2066453839,P-M10-BN-002,電動車電池模組固定螺母 M10,73181699,15262,259.47,272.44,1004
INV-EU-2024-06272,WO-2024-M12-06272,2024-12-06,Netherlands,Taiwan,TW2066435558,P-M12-EH-001,高強度引擎汽缸頭螺栓 M12,73181595,38741,2469.8,2663.51,10718
INV-EU-2024-06275,WO-2024-M10-06275,2024-12-06,France,Taiwan,TW2066900369,P-M10-BN-002,電動車電池模組固定螺母 M10,73181699,47529,808,848.4,6237
INV-EU-2024-06295,WO-2024-M10-06295,2024-12-06,Germany,Taiwan,TW2066762735,P-M10-BN-002,電動車電池模組固定螺母 M10,73181699,18629,316.7,332.53,1982
INV-EU-2024-06296,WO-2024-M10-06296,2024-12-06,France,Taiwan,TW2066125929,P-M10-BN-002,電動車電池模組固定螺母 M10,73181699,25639,435.88,457.67,1830
INV-EU-2024-06146,WO-2024-M12-06146,2024-12-07,Spain,Taiwan,TW2066812162,P-M12-EH-001,高強度引擎汽缸頭螺栓 M12,73181595,34719,2213.36,2386.95,16068
INV-EU-2024-06161,WO-2024-CS-06161,2024-12-07,Italy,Taiwan,TW2066740596,P-CS-BS-003,底盤懸吊臂襯套軸套,73269098,17689,4811.42,5165.2,22228
INV-EU-2024-06162,WO-2024-M12-06162,2024-12-07,France,Taiwan,TW2066283489,P-M12-EH-001,高強度引擎汽缸頭螺栓 M12,73181595,45996,2932.26,3162.24,22285
INV-EU-2024-06177,WO-2024-M12-06177,2024-12-07,Germany,Taiwan,TW2066448378,P-M12-EH-001,高強度引擎汽缸頭螺栓 M12,73181595,44163,2815.44,3036.26,12866
INV-EU-2024-06219,WO-2024-M10-06219,2024-12-07,France,Taiwan,TW2066193435,P-M10-BN-002,電動車電池模組固定螺母 M10,73181699,31782,540.3,567.31,3241
INV-EU-2024-06225,WO-2024-M12-06225,2024-12-07,Spain,Taiwan,TW2066652385,P-M12-EH-001,高強度引擎汽缸頭螺栓 M12,73181595,39325,2506.97,2703.59,14364
INV-EU-2024-06227,WO-2024-M10-06227,2024-12-07,France,Taiwan,TW2066204594,P-M10-BN-002,電動車電池模組固定螺母 M10,73181699,26252,446.29,468.6,2133
INV-EU-2024-06236,WO-2024-M10-06236,2024-12-07,Spain,Taiwan,TW2066982973,P-M10-BN-002,電動車電池模組固定螺母 M10,73181699,19970,339.49,356.46,1897
INV-EU-2024-06238,WO-2024-M12-06238,2024-12-07,Spain,Taiwan,TW2066550437,P-M12-EH-001,高強度引擎汽缸頭螺栓 M12,73181595,11267,718.33,774.67,2887
INV-EU-2024-06241,WO-2024-CS-06241,2024-12-07,Netherlands,Taiwan,TW2066163677,P-CS-BS-003,底盤懸吊臂襯套軸套,73269098,17264,4695.83,5041.11,30475
INV-EU-2024-06250,WO-2024-M10-06250,2024-12-07,France,Taiwan,TW2066964592,P-M10-BN-002,電動車電池模組固定螺母 M10,73181699,10700,181.91,191.01,747
INV-EU-2024-06258,WO-2024-M12-06258,2024-12-07,France,Taiwan,TW2066179861,P-M12-EH-001,高強度引擎汽缸頭螺栓 M12,73181595,42817,2729.63,2943.72,11737
INV-EU-2024-06261,WO-2024-CS-06261,2024-12-07,Italy,Taiwan,TW2066704976,P-CS-BS-003,底盤懸吊臂襯套軸套,73269098,12993,3534.15,3794.01,20886
INV-EU-2024-06268,WO-2024-M10-06268,2024-12-07,Germany,Taiwan,TW2066512252,P-M10-BN-002,電動車電池模組固定螺母 M10,73181699,29273,497.65,522.53,3359
INV-EU-2024-06278,WO-2024-M10-06278,2024-12-07,Germany,Taiwan,TW2066526071,P-M10-BN-002,電動車電池模組固定螺母 M10,73181699,48314,821.34,862.41,4542
INV-EU-2024-06284,WO-2024-CS-06284,2024-12-07,Spain,Taiwan,TW2066928380,P-CS-BS-003,底盤懸吊臂襯套軸套,73269098,28304,7698.84,8264.92,50350
INV-EU-2024-06285,WO-2024-M10-06285,2024-12-07,Italy,Taiwan,TW2066158210,P-M10-BN-002,電動車電池模組固定螺母 M10,73181699,43690,742.73,779.87,2517
INV-EU-2024-06300,WO-2024-M10-06300,2024-12-07,Spain,Taiwan,TW2066124301,P-M10-BN-002,電動車電池模組固定螺母 M10,73181699,42348,719.93,755.93,5644
INV-EU-2024-06305,WO-2024-M10-06305,2024-12-07,Spain,Taiwan,TW2066400599,P-M10-BN-002,電動車電池模組固定螺母 M10,73181699,14217,241.69,253.77,1532
INV-EU-2024-06313,WO-2024-M10-06313,2024-12-07,Netherlands,Taiwan,TW2066603337,P-M10-BN-002,電動車電池模組固定螺母 M10,73181699,37514,637.75,669.64,4878
INV-EU-2024-06324,WO-2024-M12-06324,2024-12-07,France,Taiwan,TW2066589298,P-M12-EH-001,高強度引擎汽缸頭螺栓 M12,73181595,43433,2768.89,2986.05,16364
INV-EU-2024-06327,WO-2024-M12-06327,2024-12-07,Spain,Taiwan,TW2066961451,P-M12-EH-001,高強度引擎汽缸頭螺栓 M12,73181595,48543,3094.67,3337.39,24385
INV-EU-2024-06153,WO-2024-CS-06153,2024-12-08,France,Taiwan,TW2066482233,P-CS-BS-003,底盤懸吊臂襯套軸套,73269098,47574,12940.36,13891.84,60043
INV-EU-2024-06156,WO-2024-CS-06156,2024-12-08,France,Taiwan,TW2066171855,P-CS-BS-003,底盤懸吊臂襯套軸套,73269098,12074,3284.24,3525.72,25255
INV-EU-2024-06159,WO-2024-CS-06159,2024-12-08,Spain,Taiwan,TW2066425519,P-CS-BS-003,底盤懸吊臂襯套軸套,73269098,14049,3821.33,4102.31,29615
INV-EU-2024-06171,WO-2024-M12-06171,2024-12-08,Spain,Taiwan,TW2066720211,P-M12-EH-001,高強度引擎汽缸頭螺栓 M12,73181595,20492,1306.41,1408.87,8766
INV-EU-2024-06173,WO-2024-CS-06173,2024-12-08,Netherlands,Taiwan,TW2066993910,P-CS-BS-003,底盤懸吊臂襯套軸套,73269098,37600,10227.28,10979.28,48579
INV-EU-2024-06196,WO-2024-M10-06196,2024-12-08,Netherlands,Taiwan,TW2066939187,P-M10-BN-002,電動車電池模組固定螺母 M10,73181699,33408,567.94,596.34,2078
INV-EU-2024-06202,WO-2024-M10-06202,2024-12-08,Spain,Taiwan,TW2066833687,P-M10-BN-002,電動車電池模組固定螺母 M10,73181699,10605,180.3,189.31,1213
INV-EU-2024-06228,WO-2024-M12-06228,2024-12-08,Netherlands,Taiwan,TW2066975276,P-M12-EH-001,高強度引擎汽缸頭螺栓 M12,73181595,29566,1884.84,2032.67,7708
INV-EU-2024-06242,WO-2024-M10-06242,2024-12-08,Spain,Taiwan,TW2066300032,P-M10-BN-002,電動車電池模組固定螺母 M10,73181699,18111,307.89,323.28,1077
INV-EU-2024-06247,WO-2024-CS-06247,2024-12-08,Italy,Taiwan,TW2066807161,P-CS-BS-003,底盤懸吊臂襯套軸套,73269098,32232,8767.35,9411.99,33228
INV-EU-2024-06252,WO-2024-M10-06252,2024-12-08,Netherlands,Taiwan,TW2066764504,P-M10-BN-002,電動車電池模組固定螺母 M10,73181699,10060,171.02,179.57,979
INV-EU-2024-06264,WO-2024-M12-06264,2024-12-08,Germany,Taiwan,TW2066989672,P-M12-EH-001,高強度引擎汽缸頭螺栓 M12,73181595,13162,839.12,904.93,4447
INV-EU-2024-06270,WO-2024-M12-06270,2024-12-08,Italy,Taiwan,TW2066704401,P-M12-EH-001,高強度引擎汽缸頭螺栓 M12,73181595,37505,2390.99,2578.51,15111
INV-EU-2024-06274,WO-2024-CS-06274,2024-12-08,Germany,Taiwan,TW2066351419,P-CS-BS-003,底盤懸吊臂襯套軸套,73269098,48262,13127.37,14092.61,45945
INV-EU-2024-06277,WO-2024-M12-06277,2024-12-08,Spain,Taiwan,TW2066354231,P-M12-EH-001,高強度引擎汽缸頭螺栓 M12,73181595,45439,2896.78,3123.98,13006
INV-EU-2024-06293,WO-2024-M10-06293,2024-12-08,Italy,Taiwan,TW2066187579,P-M10-BN-002,電動車電池模組固定螺母 M10,73181699,39851,677.47,711.34,5182
INV-EU-2024-06297,WO-2024-M12-06297,2024-12-08,Spain,Taiwan,TW2066862199,P-M12-EH-001,高強度引擎汽缸頭螺栓 M12,73181595,43936,2800.96,3020.64,20503
INV-EU-2024-06316,WO-2024-M10-06316,2024-12-08,Italy,Taiwan,TW2066245483,P-M10-BN-002,電動車電池模組固定螺母 M10,73181699,40045,680.78,714.82,4765
INV-EU-2024-06322,WO-2024-M10-06322,2024-12-08,Spain,Taiwan,TW2066165162,P-M10-BN-002,電動車電池模組固定螺母 M10,73181699,41097,698.66,733.59,3528
INV-EU-2024-06325,WO-2024-CS-06325,2024-12-08,Netherlands,Taiwan,TW2066778095,P-CS-BS-003,底盤懸吊臂襯套軸套,73269098,19285,5245.59,5631.29,39551
INV-EU-2024-06335,WO-2024-M10-06335,2024-12-08,Italy,Taiwan,TW2066926793,P-M10-BN-002,電動車電池模組固定螺母 M10,73181699,41837,711.24,746.8,3065
INV-EU-2024-06346,WO-2024-CS-06346,2024-12-08,France,Taiwan,TW2066692858,P-CS-BS-003,底盤懸吊臂襯套軸套,73269098,40818,11102.54,11918.9,33973
INV-EU-2024-06174,WO-2024-CS-06174,2024-12-09,France,Taiwan,TW2066594481,P-CS-BS-003,底盤懸吊臂襯套軸套,73269098,44845,12198.01,13094.91,85264
INV-EU-2024-06186,WO-2024-M10-06186,2024-12-09,Netherlands,Taiwan,TW2066528224,P-M10-BN-002,電動車電池模組固定螺母 M10,73181699,17404,295.88,310.67,2088
INV-EU-2024-06195,WO-2024-M12-06195,2024-12-09,France,Taiwan,TW2066335532,P-M12-EH-001,高強度引擎汽缸頭螺栓 M12,73181595,23144,1475.45,1591.17,11744
INV-EU-2024-06205,WO-2024-CS-06205,2024-12-09,Italy,Taiwan,TW2066220648,P-CS-BS-003,底盤懸吊臂襯套軸套,73269098,17748,4827.69,5182.65,36883
INV-EU-2024-06210,WO-2024-M10-06210,2024-12-09,Spain,Taiwan,TW2066599908,P-M10-BN-002,電動車電池模組固定螺母 M10,73181699,27792,472.48,496.1,2263
INV-EU-2024-06221,WO-2024-M12-06221,2024-12-09,Italy,Taiwan,TW2066327409,P-M12-EH-001,高強度引擎汽缸頭螺栓 M12,73181595,47745,3043.77,3282.49,18019
INV-EU-2024-06243,WO-2024-CS-06243,2024-12-09,Spain,Taiwan,TW2066344494,P-CS-BS-003,底盤懸吊臂襯套軸套,73269098,27013,7347.62,7887.88,46216
INV-EU-2024-06253,WO-2024-M10-06253,2024-12-09,France,Taiwan,TW2066863968,P-M10-BN-002,電動車電池模組固定螺母 M10,73181699,44869,762.79,800.93,5209
INV-EU-2024-06256,WO-2024-M12-06256,2024-12-09,Spain,Taiwan,TW2066416430,P-M12-EH-001,高強度引擎汽缸頭螺栓 M12,73181595,19621,1250.88,1348.99,6879
INV-EU-2024-06257,WO-2024-M12-06257,2024-12-09,Spain,Taiwan,TW2066769848,P-M12-EH-001,高強度引擎汽缸頭螺栓 M12,73181595,12395,790.22,852.2,4678
INV-EU-2024-06265,WO-2024-M12-06265,2024-12-09,France,Taiwan,TW2066774937,P-M12-EH-001,高強度引擎汽缸頭螺栓 M12,73181595,43957,2802.29,3022.07,12358
INV-EU-2024-06273,WO-2024-M10-06273,2024-12-09,Germany,Taiwan,TW2066213676,P-M10-BN-002,電動車電池模組固定螺母 M10,73181699,38098,647.68,680.06,2759
INV-EU-2024-06286,WO-2024-M12-06286,2024-12-09,Italy,Taiwan,TW2066525682,P-M12-EH-001,高強度引擎汽缸頭螺栓 M12,73181595,15341,977.99,1054.69,6669
INV-EU-2024-06309,WO-2024-M10-06309,2024-12-09,Netherlands,Taiwan,TW2066936595,P-M10-BN-002,電動車電池模組固定螺母 M10,73181699,24816,421.88,442.97,2025
INV-EU-2024-06312,WO-2024-M10-06312,2024-12-09,Germany,Taiwan,TW2066849987,P-M10-BN-002,電動車電池模組固定螺母 M10,73181699,31008,527.15,553.51,3990
INV-EU-2024-06314,WO-2024-M12-06314,2024-12-09,France,Taiwan,TW2066159920,P-M12-EH-001,高強度引擎汽缸頭螺栓 M12,73181595,28650,1826.48,1969.73,9296
INV-EU-2024-06321,WO-2024-M10-06321,2024-12-09,France,Taiwan,TW2066992613,P-M10-BN-002,電動車電池模組固定螺母 M10,73181699,19708,335.05,351.8,1062
INV-EU-2024-06323,WO-2024-M12-06323,2024-12-09,Germany,Taiwan,TW2066465680,P-M12-EH-001,高強度引擎汽缸頭螺栓 M12,73181595,25984,1656.49,1786.41,6841
INV-EU-2024-06334,WO-2024-M12-06334,2024-12-09,Spain,Taiwan,TW2066222105,P-M12-EH-001,高強度引擎汽缸頭螺栓 M12,73181595,33130,2112.06,2277.71,7730
INV-EU-2024-06337,WO-2024-M10-06337,2024-12-09,France,Taiwan,TW2066897379,P-M10-BN-002,電動車電池模組固定螺母 M10,73181699,37436,636.42,668.24,2742
INV-EU-2024-06351,WO-2024-CS-06351,2024-12-09,France,Taiwan,TW2066182786,P-CS-BS-003,底盤懸吊臂襯套軸套,73269098,34124,9281.74,9964.22,58196
INV-EU-2024-06362,WO-2024-CS-06362,2024-12-09,Italy,Taiwan,TW2066388153,P-CS-BS-003,底盤懸吊臂襯套軸套,73269098,16867,4587.99,4925.33,33538
INV-EU-2024-06373,WO-2024-CS-06373,2024-12-09,France,Taiwan,TW2066295071,P-CS-BS-003,底盤懸吊臂襯套軸套,73269098,17946,4881.42,5240.34,37440
INV-EU-2024-06198,WO-2024-M12-06198,2024-12-10,Italy,Taiwan,TW2066909604,P-M12-EH-001,高強度引擎汽缸頭螺栓 M12,73181595,27126,1729.33,1864.96,9615
INV-EU-2024-06201,WO-2024-M10-06201,2024-12-10,Germany,Taiwan,TW2066315049,P-M10-BN-002,電動車電池模組固定螺母 M10,73181699,43551,740.38,777.4,3427
INV-EU-2024-06204,WO-2024-M10-06204,2024-12-10,Netherlands,Taiwan,TW2066277850,P-M10-BN-002,電動車電池模組固定螺母 M10,73181699,43039,731.67,768.25,3709
INV-EU-2024-06206,WO-2024-M10-06206,2024-12-10,Germany,Taiwan,TW2066124093,P-M10-BN-002,電動車電池模組固定螺母 M10,73181699,33719,573.23,601.89,2000
INV-EU-2024-06211,WO-2024-CS-06211,2024-12-10,Spain,Taiwan,TW2066254703,P-CS-BS-003,底盤懸吊臂襯套軸套,73269098,44054,11982.72,12863.8,86754
INV-EU-2024-06216,WO-2024-CS-06216,2024-12-10,Germany,Taiwan,TW2066451635,P-CS-BS-003,底盤懸吊臂襯套軸套,73269098,12719,3459.6,3713.98,19442
INV-EU-2024-06222,WO-2024-CS-06222,2024-12-10,Germany,Taiwan,TW2066244739,P-CS-BS-003,底盤懸吊臂襯套軸套,73269098,34481,9378.98,10068.6,37515
INV-EU-2024-06224,WO-2024-M10-06224,2024-12-10,France,Taiwan,TW2066731014,P-M10-BN-002,電動車電池模組固定螺母 M10,73181699,34821,591.96,621.56,3966
INV-EU-2024-06231,WO-2024-CS-06231,2024-12-10,Germany,Taiwan,TW2066616634,P-CS-BS-003,底盤懸吊臂襯套軸套,73269098,20358,5537.6,5944.76,32394
INV-EU-2024-06248,WO-2024-M10-06248,2024-12-10,Germany,Taiwan,TW2066129223,P-M10-BN-002,電動車電池模組固定螺母 M10,73181699,41458,704.8,740.04,2304
INV-EU-2024-06259,WO-2024-M12-06259,2024-12-10,Spain,Taiwan,TW2066683398,P-M12-EH-001,高強度引擎汽缸頭螺栓 M12,73181595,37991,2421.94,2611.89,18552
INV-EU-2024-06260,WO-2024-M12-06260,2024-12-10,Netherlands,Taiwan,TW2066400022,P-M12-EH-001,高強度引擎汽缸頭螺栓 M12,73181595,26872,1713.15,1847.51,9764
INV-EU-2024-06269,WO-2024-M12-06269,2024-12-10,Italy,Taiwan,TW2066298740,P-M12-EH-001,高強度引擎汽缸頭螺栓 M12,73181595,10628,677.57,730.71,5081
INV-EU-2024-06282,WO-2024-M10-06282,2024-12-10,Germany,Taiwan,TW2066677852,P-M10-BN-002,電動車電池模組固定螺母 M10,73181699,47712,811.12,851.68,2741
INV-EU-2024-06283,WO-2024-M12-06283,2024-12-10,Netherlands,Taiwan,TW2066893698,P-M12-EH-001,高強度引擎汽缸頭螺栓 M12,73181595,45616,2908.05,3136.13,12824
INV-EU-2024-06287,WO-2024-M12-06287,2024-12-10,Italy,Taiwan,TW2066651063,P-M12-EH-001,高強度引擎汽缸頭螺栓 M12,73181595,22577,1439.31,1552.19,6779
INV-EU-2024-06288,WO-2024-M10-06288,2024-12-10,Italy,Taiwan,TW2066380095,P-M10-BN-002,電動車電池模組固定螺母 M10,73181699,22251,378.27,397.18,1437
INV-EU-2024-06289,WO-2024-M12-06289,2024-12-10,Netherlands,Taiwan,TW2066625111,P-M12-EH-001,高強度引擎汽缸頭螺栓 M12,73181595,26070,1661.98,1792.33,12514
INV-EU-2024-06290,WO-2024-M12-06290,2024-12-10,Germany,Taiwan,TW2066754206,P-M12-EH-001,高強度引擎汽缸頭螺栓 M12,73181595,40390,2574.88,2776.83,18410
INV-EU-2024-06291,WO-2024-CS-06291,2024-12-10,Germany,Taiwan,TW2066900431,P-CS-BS-003,底盤懸吊臂襯套軸套,73269098,22570,6139.3,6590.7,34871
INV-EU-2024-06294,WO-2024-M12-06294,2024-12-10,Germany,Taiwan,TW2066801512,P-M12-EH-001,高強度引擎汽缸頭螺栓 M12,73181595,14634,932.96,1006.13,4067
INV-EU-2024-06304,WO-2024-CS-06304,2024-12-10,Spain,Taiwan,TW2066330642,P-CS-BS-003,底盤懸吊臂襯套軸套,73269098,37024,10070.53,10811.01,48439
INV-EU-2024-06328,WO-2024-CS-06328,2024-12-10,Netherlands,Taiwan,TW2066905617,P-CS-BS-003,底盤懸吊臂襯套軸套,73269098,10742,2921.95,3136.79,10460
INV-EU-2024-06332,WO-2024-M12-06332,2024-12-10,Spain,Taiwan,TW2066583882,P-M12-EH-001,高強度引擎汽缸頭螺栓 M12,73181595,14376,916.5,988.38,6763
INV-EU-2024-06333,WO-2024-CS-06333,2024-12-10,Germany,Taiwan,TW2066419030,P-CS-BS-003,底盤懸吊臂襯套軸套,73269098,47408,12895.06,13843.22,49517
INV-EU-2024-06350,WO-2024-M12-06350,2024-12-10,Netherlands,Taiwan,TW2066131596,P-M12-EH-001,高強度引擎汽缸頭螺栓 M12,73181595,20765,1323.81,1427.63,5334
INV-EU-2024-06352,WO-2024-M12-06352,2024-12-10,Netherlands,Taiwan,TW2066146182,P-M12-EH-001,高強度引擎汽缸頭螺栓 M12,73181595,38136,2431.2,2621.88,11159
INV-EU-2024-06370,WO-2024-M10-06370,2024-12-10,Netherlands,Taiwan,TW2066576666,P-M10-BN-002,電動車電池模組固定螺母 M10,73181699,15825,269.03,282.48,2093
INV-EU-2024-06372,WO-2024-M10-06372,2024-12-10,Germany,Taiwan,TW2066562227,P-M10-BN-002,電動車電池模組固定螺母 M10,73181699,45104,766.77,805.11,5198
INV-EU-2024-06376,WO-2024-M10-06376,2024-12-10,Netherlands,Taiwan,TW2066695244,P-M10-BN-002,電動車電池模組固定螺母 M10,73181699,24064,409.1,429.56,2499
INV-EU-2024-06377,WO-2024-M12-06377,2024-12-10,Germany,Taiwan,TW2066733457,P-M12-EH-001,高強度引擎汽缸頭螺栓 M12,73181595,28009,1785.62,1925.66,12267
INV-EU-2024-06381,WO-2024-M12-06381,2024-12-10,France,Taiwan,TW2066424062,P-M12-EH-001,高強度引擎汽缸頭螺栓 M12,73181595,36665,2337.45,2520.77,18278
INV-EU-2024-06395,WO-2024-CS-06395,2024-12-10,Spain,Taiwan,TW2066939779,P-CS-BS-003,底盤懸吊臂襯套軸套,73269098,33618,9144.2,9816.56,37034
INV-EU-2024-06235,WO-2024-M12-06235,2024-12-11,Italy,Taiwan,TW2066952817,P-M12-EH-001,高強度引擎汽缸頭螺栓 M12,73181595,18645,1188.65,1281.88,4873
INV-EU-2024-06237,WO-2024-M10-06237,2024-12-11,Italy,Taiwan,TW2066265479,P-M10-BN-002,電動車電池模組固定螺母 M10,73181699,29245,497.18,522.04,2311
INV-EU-2024-06240,WO-2024-CS-06240,2024-12-11,Italy,Taiwan,TW2066738120,P-CS-BS-003,底盤懸吊臂襯套軸套,73269098,24906,6774.68,7272.8,45390
INV-EU-2024-06245,WO-2024-CS-06245,2024-12-11,France,Taiwan,TW2066497137,P-CS-BS-003,底盤懸吊臂襯套軸套,73269098,10090,2744.49,2946.29,18305
INV-EU-2024-06254,WO-2024-M12-06254,2024-12-11,Netherlands,Taiwan,TW2066359985,P-M12-EH-001,高強度引擎汽缸頭螺栓 M12,73181595,35774,2280.62,2459.49,9190
INV-EU-2024-06262,WO-2024-M10-06262,2024-12-11,Germany,Taiwan,TW2066855740,P-M10-BN-002,電動車電池模組固定螺母 M10,73181699,29273,497.65,522.53,3727
INV-EU-2024-06280,WO-2024-CS-06280,2024-12-11,France,Taiwan,TW2066283846,P-CS-BS-003,底盤懸吊臂襯套軸套,73269098,39742,10809.97,11604.81,62481
INV-EU-2024-06298,WO-2024-M12-06298,2024-12-11,Germany,Taiwan,TW2066381357,P-M12-EH-001,高強度引擎汽缸頭螺栓 M12,73181595,33622,2143.45,2311.56,14382
INV-EU-2024-06317,WO-2024-M10-06317,2024-12-11,Italy,Taiwan,TW2066795877,P-M10-BN-002,電動車電池模組固定螺母 M10,73181699,48453,823.71,864.9,2471
INV-EU-2024-06318,WO-2024-CS-06318,2024-12-11,Spain,Taiwan,TW2066699188,P-CS-BS-003,底盤懸吊臂襯套軸套,73269098,10876,2958.45,3175.97,21093
INV-EU-2024-06329,WO-2024-CS-06329,2024-12-11,Spain,Taiwan,TW2066781628,P-CS-BS-003,底盤懸吊臂襯套軸套,73269098,10143,2759.07,2961.93,19561
INV-EU-2024-06331,WO-2024-M10-06331,2024-12-11,Netherlands,Taiwan,TW2066202616,P-M10-BN-002,電動車電池模組固定螺母 M10,73181699,33396,567.74,596.13,3542
INV-EU-2024-06338,WO-2024-M10-06338,2024-12-11,Spain,Taiwan,TW2066443128,P-M10-BN-002,電動車電池模組固定螺母 M10,73181699,18333,311.67,327.25,1259
INV-EU-2024-06366,WO-2024-CS-06366,2024-12-11,Italy,Taiwan,TW2066183059,P-CS-BS-003,底盤懸吊臂襯套軸套,73269098,11493,3126.27,3356.13,18788
INV-EU-2024-06374,WO-2024-M12-06374,2024-12-11,Netherlands,Taiwan,TW2066143472,P-M12-EH-001,高強度引擎汽缸頭螺栓 M12,73181595,25363,1616.95,1743.77,11625
INV-EU-2024-06375,WO-2024-M10-06375,2024-12-11,Netherlands,Taiwan,TW2066410478,P-M10-BN-002,電動車電池模組固定螺母 M10,73181699,41320,702.45,737.57,3287
INV-EU-2024-06378,WO-2024-M10-06378,2024-12-11,Spain,Taiwan,TW2066574346,P-M10-BN-002,電動車電池模組固定螺母 M10,73181699,17599,299.2,314.16,1582
INV-EU-2024-06389,WO-2024-M10-06389,2024-12-11,Germany,Taiwan,TW2066181771,P-M10-BN-002,電動車電池模組固定螺母 M10,73181699,28288,480.9,504.94,3683
INV-EU-2024-06393,WO-2024-M12-06393,2024-12-11,Italy,Taiwan,TW2066528231,P-M12-EH-001,高強度引擎汽缸頭螺栓 M12,73181595,44184,2816.77,3037.69,19041
INV-EU-2024-06397,WO-2024-CS-06397,2024-12-11,France,Taiwan,TW2066956749,P-CS-BS-003,底盤懸吊臂襯套軸套,73269098,31605,8596.61,9228.71,35589
INV-EU-2024-06402,WO-2024-M10-06402,2024-12-11,Germany,Taiwan,TW2066380434,P-M10-BN-002,電動車電池模組固定螺母 M10,73181699,35205,598.49,628.41,2980
INV-EU-2024-06409,WO-2024-CS-06409,2024-12-11,Italy,Taiwan,TW2066980480,P-CS-BS-003,底盤懸吊臂襯套軸套,73269098,29992,8158.08,8757.92,65101
INV-EU-2024-06413,WO-2024-CS-06413,2024-12-11,France,Taiwan,TW2066377697,P-CS-BS-003,底盤懸吊臂襯套軸套,73269098,23916,6505.27,6983.59,45992
INV-EU-2024-06267,WO-2024-M12-06267,2024-12-12,Germany,Taiwan,TW2066752066,P-M12-EH-001,高強度引擎汽缸頭螺栓 M12,73181595,12765,813.78,877.61,6013
INV-EU-2024-06276,WO-2024-CS-06276,2024-12-12,Spain,Taiwan,TW2066713595,P-CS-BS-003,底盤懸吊臂襯套軸套,73269098,44103,11996.25,12878.31,37188
INV-EU-2024-06281,WO-2024-CS-06281,2024-12-12,Germany,Taiwan,TW2066939652,P-CS-BS-003,底盤懸吊臂襯套軸套,73269098,12884,3504.72,3762.4,13177
INV-EU-2024-06292,WO-2024-CS-06292,2024-12-12,Spain,Taiwan,TW2066145454,P-CS-BS-003,底盤懸吊臂襯套軸套,73269098,17061,4640.68,4981.9,34990
INV-EU-2024-06299,WO-2024-M12-06299,2024-12-12,Spain,Taiwan,TW2066983498,P-M12-EH-001,高強度引擎汽缸頭螺栓 M12,73181595,37074,2363.48,2548.85,8272
INV-EU-2024-06301,WO-2024-CS-06301,2024-12-12,Netherlands,Taiwan,TW2066941290,P-CS-BS-003,底盤懸吊臂襯套軸套,73269098,29348,7982.81,8569.77,30095
INV-EU-2024-06307,WO-2024-M10-06307,2024-12-12,Germany,Taiwan,TW2066563755,P-M10-BN-002,電動車電池模組固定螺母 M10,73181699,15668,266.37,279.69,1100
INV-EU-2024-06319,WO-2024-M10-06319,2024-12-12,Italy,Taiwan,TW2066632009,P-M10-BN-002,電動車電池模組固定螺母 M10,73181699,41191,700.26,735.27,4306
INV-EU-2024-06341,WO-2024-CS-06341,2024-12-12,France,Taiwan,TW2066638427,P-CS-BS-003,底盤懸吊臂襯套軸套,73269098,17253,4692.89,5037.95,31113
INV-EU-2024-06355,WO-2024-M10-06355,2024-12-12,Germany,Taiwan,TW2066187487,P-M10-BN-002,電動車電池模組固定螺母 M10,73181699,34904,593.38,623.05,3506
INV-EU-2024-06358,WO-2024-M12-06358,2024-12-12,Spain,Taiwan,TW2066727389,P-M12-EH-001,高強度引擎汽缸頭螺栓 M12,73181595,14342,914.33,986.04,4196
INV-EU-2024-06360,WO-2024-M10-06360,2024-12-12,Spain,Taiwan,TW2066499813,P-M10-BN-002,電動車電池模組固定螺母 M10,73181699,31020,527.35,553.72,2420
INV-EU-2024-06361,WO-2024-M10-06361,2024-12-12,Spain,Taiwan,TW2066156884,P-M10-BN-002,電動車電池模組固定螺母 M10,73181699,41030,697.51,732.39,5349
INV-EU-2024-06364,WO-2024-M10-06364,2024-12-12,Italy,Taiwan,TW2066199250,P-M10-BN-002,電動車電池模組固定螺母 M10,73181699,20648,351.03,368.58,2699
INV-EU-2024-06394,WO-2024-M12-06394,2024-12-12,Spain,Taiwan,TW2066730988,P-M12-EH-001,高強度引擎汽缸頭螺栓 M12,73181595,20347,1297.13,1398.87,10221
INV-EU-2024-06396,WO-2024-M10-06396,2024-12-12,Netherlands,Taiwan,TW2066521137,P-M10-BN-002,電動車電池模組固定螺母 M10,73181699,28767,489.04,513.49,2855
INV-EU-2024-06419,WO-2024-M10-06419,2024-12-12,France,Taiwan,TW2066775664,P-M10-BN-002,電動車電池模組固定螺母 M10,73181699,11268,191.56,201.14,959
INV-EU-2024-06421,WO-2024-M12-06421,2024-12-12,France,Taiwan,TW2066368943,P-M12-EH-001,高強度引擎汽缸頭螺栓 M12,73181595,22331,1423.61,1535.26,9580
INV-EU-2024-06422,WO-2024-CS-06422,2024-12-12,Italy,Taiwan,TW2066504119,P-CS-BS-003,底盤懸吊臂襯套軸套,73269098,37579,10221.61,10973.19,74515
INV-EU-2024-06430,WO-2024-M12-06430,2024-12-12,Netherlands,Taiwan,TW2066192188,P-M12-EH-001,高強度引擎汽缸頭螺栓 M12,73181595,15673,999.17,1077.53,6654
INV-EU-2024-06302,WO-2024-M12-06302,2024-12-13,Germany,Taiwan,TW2066549395,P-M12-EH-001,高強度引擎汽缸頭螺栓 M12,73181595,28613,1824.11,1967.17,13078
INV-EU-2024-06303,WO-2024-M10-06303,2024-12-13,Italy,Taiwan,TW2066690727,P-M10-BN-002,電動車電池模組固定螺母 M10,73181699,43534,740.09,777.09,4396
INV-EU-2024-06310,WO-2024-M10-06310,2024-12-13,France,Taiwan,TW2066130848,P-M10-BN-002,電動車電池模組固定螺母 M10,73181699,10232,173.96,182.66,1289
INV-EU-2024-06311,WO-2024-M10-06311,2024-12-13,Germany,Taiwan,TW2066383899,P-M10-BN-002,電動車電池模組固定螺母 M10,73181699,21394,363.7,381.88,1651
INV-EU-2024-06315,WO-2024-M10-06315,2024-12-13,Netherlands,Taiwan,TW2066560482,P-M10-BN-002,電動車電池模組固定螺母 M10,73181699,27692,470.78,494.32,3243
INV-EU-2024-06320,WO-2024-CS-06320,2024-12-13,Netherlands,Taiwan,TW2066298840,P-CS-BS-003,底盤懸吊臂襯套軸套,73269098,25501,6936.51,7446.53,22821
INV-EU-2024-06326,WO-2024-M10-06326,2024-12-13,France,Taiwan,TW2066920622,P-M10-BN-002,電動車電池模組固定螺母 M10,73181699,21700,368.91,387.36,1198
INV-EU-2024-06339,WO-2024-M12-06339,2024-12-13,Germany,Taiwan,TW2066698696,P-M12-EH-001,高強度引擎汽缸頭螺栓 M12,73181595,44610,2843.91,3066.96,14077
INV-EU-2024-06343,WO-2024-M10-06343,2024-12-13,Spain,Taiwan,TW2066248642,P-M10-BN-002,電動車電池模組固定螺母 M10,73181699,23714,403.15,423.31,1947
INV-EU-2024-06353,WO-2024-CS-06353,2024-12-13,Italy,Taiwan,TW2066499903,P-CS-BS-003,底盤懸吊臂襯套軸套,73269098,11664,3172.71,3405.99,17703
INV-EU-2024-06354,WO-2024-M10-06354,2024-12-13,France,Taiwan,TW2066360745,P-M10-BN-002,電動車電池模組固定螺母 M10,73181699,43289,735.92,772.72,3606
INV-EU-2024-06369,WO-2024-CS-06369,2024-12-13,Italy,Taiwan,TW2066890549,P-CS-BS-003,底盤懸吊臂襯套軸套,73269098,47115,12815.32,13757.62,91245
INV-EU-2024-06398,WO-2024-M10-06398,2024-12-13,Italy,Taiwan,TW2066924024,P-M10-BN-002,電動車電池模組固定螺母 M10,73181699,24321,413.46,434.13,1500
INV-EU-2024-06405,WO-2024-M12-06405,2024-12-13,Spain,Taiwan,TW2066340060,P-M12-EH-001,高強度引擎汽缸頭螺栓 M12,73181595,43220,2755.28,2971.38,9064
INV-EU-2024-06408,WO-2024-CS-06408,2024-12-13,France,Taiwan,TW2066101746,P-CS-BS-003,底盤懸吊臂襯套軸套,73269098,38305,10419.02,11185.12,76058
INV-EU-2024-06410,WO-2024-CS-06410,2024-12-13,Germany,Taiwan,TW2066996466,P-CS-BS-003,底盤懸吊臂襯套軸套,73269098,36023,9798.5,10518.96,63004
INV-EU-2024-06420,WO-2024-CS-06420,2024-12-13,Italy,Taiwan,TW2066705834,P-CS-BS-003,底盤懸吊臂襯套軸套,73269098,32005,8705.48,9345.58,59458
INV-EU-2024-06424,WO-2024-CS-06424,2024-12-13,France,Taiwan,TW2066779483,P-CS-BS-003,底盤懸吊臂襯套軸套,73269098,23034,6265.39,6726.07,28570
INV-EU-2024-06425,WO-2024-CS-06425,2024-12-13,France,Taiwan,TW2066641893,P-CS-BS-003,底盤懸吊臂襯套軸套,73269098,17338,4716.07,5062.83,34615
INV-EU-2024-06435,WO-2024-M10-06435,2024-12-13,France,Taiwan,TW2066226216,P-M10-BN-002,電動車電池模組固定螺母 M10,73181699,40679,691.55,726.13,4529
INV-EU-2024-06444,WO-2024-M10-06444,2024-12-13,Germany,Taiwan,TW2066788445,P-M10-BN-002,電動車電池模組固定螺母 M10,73181699,38560,655.53,688.31,4575
INV-EU-2024-06445,WO-2024-CS-06445,2024-12-13,Germany,Taiwan,TW2066572728,P-CS-BS-003,底盤懸吊臂襯套軸套,73269098,24166,6573.38,7056.7,28922
INV-EU-2024-06452,WO-2024-CS-06452,2024-12-13,Germany,Taiwan,TW2066311758,P-CS-BS-003,底盤懸吊臂襯套軸套,73269098,15011,4083.15,4383.37,25968
INV-EU-2024-06306,WO-2024-M12-06306,2024-12-14,Italy,Taiwan,TW2066178789,P-M12-EH-001,高強度引擎汽缸頭螺栓 M12,73181595,20229,1289.66,1390.81,3959
INV-EU-2024-06308,WO-2024-CS-06308,2024-12-14,Netherlands,Taiwan,TW2066619369,P-CS-BS-003,底盤懸吊臂襯套軸套,73269098,24744,6730.59,7225.47,41595
INV-EU-2024-06330,WO-2024-CS-06330,2024-12-14,Germany,Taiwan,TW2066131676,P-CS-BS-003,底盤懸吊臂襯套軸套,73269098,19471,5296.12,5685.54,20760
INV-EU-2024-06344,WO-2024-M10-06344,2024-12-14,Germany,Taiwan,TW2066140081,P-M10-BN-002,電動車電池模組固定螺母 M10,73181699,47346,804.89,845.13,4789
INV-EU-2024-06345,WO-2024-CS-06345,2024-12-14,Spain,Taiwan,TW2066891290,P-CS-BS-003,底盤懸吊臂襯套軸套,73269098,23009,6258.68,6718.86,23657
INV-EU-2024-06365,WO-2024-CS-06365,2024-12-14,Netherlands,Taiwan,TW2066175179,P-CS-BS-003,底盤懸吊臂襯套軸套,73269098,34179,9296.87,9980.45,57082
INV-EU-2024-06371,WO-2024-CS-06371,2024-12-14,France,Taiwan,TW2066164023,P-CS-BS-003,底盤懸吊臂襯套軸套,73269098,45106,12269.06,13171.18,67479
INV-EU-2024-06384,WO-2024-M12-06384,2024-12-14,Italy,Taiwan,TW2066319459,P-M12-EH-001,高強度引擎汽缸頭螺栓 M12,73181595,43274,2758.78,2975.15,16525
INV-EU-2024-06388,WO-2024-M10-06388,2024-12-14,France,Taiwan,TW2066877150,P-M10-BN-002,電動車電池模組固定螺母 M10,73181699,45375,771.39,809.96,3941
INV-EU-2024-06391,WO-2024-M10-06391,2024-12-14,Germany,Taiwan,TW2066362030,P-M10-BN-002,電動車電池模組固定螺母 M10,73181699,47913,814.53,855.26,3437
INV-EU-2024-06407,WO-2024-M10-06407,2024-12-14,Germany,Taiwan,TW2066495970,P-M10-BN-002,電動車電池模組固定螺母 M10,73181699,23815,404.86,425.1,1218
INV-EU-2024-06415,WO-2024-M12-06415,2024-12-14,France,Taiwan,TW2066219901,P-M12-EH-001,高強度引擎汽缸頭螺栓 M12,73181595,16369,1043.53,1125.38,3808
INV-EU-2024-06438,WO-2024-M10-06438,2024-12-14,Netherlands,Taiwan,TW2066793333,P-M10-BN-002,電動車電池模組固定螺母 M10,73181699,14272,242.63,254.76,1712
INV-EU-2024-06446,WO-2024-M10-06446,2024-12-14,Germany,Taiwan,TW2066969750,P-M10-BN-002,電動車電池模組固定螺母 M10,73181699,20915,355.57,373.35,1283
INV-EU-2024-06459,WO-2024-M10-06459,2024-12-14,Netherlands,Taiwan,TW2066434161,P-M10-BN-002,電動車電池模組固定螺母 M10,73181699,48347,821.91,863.01,2547
INV-EU-2024-06462,WO-2024-CS-06462,2024-12-14,Netherlands,Taiwan,TW2066198849,P-CS-BS-003,底盤懸吊臂襯套軸套,73269098,23558,6408.04,6879.2,19544
INV-EU-2024-06336,WO-2024-M10-06336,2024-12-15,France,Taiwan,TW2066531695,P-M10-BN-002,電動車電池模組固定螺母 M10,73181699,16514,280.75,294.79,1625
INV-EU-2024-06340,WO-2024-M10-06340,2024-12-15,Spain,Taiwan,TW2066488837,P-M10-BN-002,電動車電池模組固定螺母 M10,73181699,45460,772.83,811.47,4644
INV-EU-2024-06342,WO-2024-M12-06342,2024-12-15,Netherlands,Taiwan,TW2066163254,P-M12-EH-001,高強度引擎汽缸頭螺栓 M12,73181595,11825,753.9,813.02,2389
INV-EU-2024-06347,WO-2024-M12-06347,2024-12-15,France,Taiwan,TW2066746702,P-M12-EH-001,高強度引擎汽缸頭螺栓 M12,73181595,20733,1321.74,1425.4,6806
INV-EU-2024-06348,WO-2024-M12-06348,2024-12-15,Italy,Taiwan,TW2066252588,P-M12-EH-001,高強度引擎汽缸頭螺栓 M12,73181595,21353,1361.27,1468.04,9692
INV-EU-2024-06349,WO-2024-CS-06349,2024-12-15,Netherlands,Taiwan,TW2066748049,P-CS-BS-003,底盤懸吊臂襯套軸套,73269098,47752,12988.8,13943.84,51825
INV-EU-2024-06382,WO-2024-M10-06382,2024-12-15,Netherlands,Taiwan,TW2066637400,P-M10-BN-002,電動車電池模組固定螺母 M10,73181699,33485,569.26,597.72,4497
INV-EU-2024-06383,WO-2024-M12-06383,2024-12-15,Italy,Taiwan,TW2066585682,P-M12-EH-001,高強度引擎汽缸頭螺栓 M12,73181595,36629,2335.11,2518.26,11278
INV-EU-2024-06387,WO-2024-M10-06387,2024-12-15,Germany,Taiwan,TW2066348151,P-M10-BN-002,電動車電池模組固定螺母 M10,73181699,35455,602.74,632.88,3875
INV-EU-2024-06392,WO-2024-CS-06392,2024-12-15,Germany,Taiwan,TW2066242116,P-CS-BS-003,底盤懸吊臂襯套軸套,73269098,14612,3974.47,4266.71,21462
INV-EU-2024-06399,WO-2024-M12-06399,2024-12-15,Italy,Taiwan,TW2066997718,P-M12-EH-001,高強度引擎汽缸頭螺栓 M12,73181595,25702,1638.53,1767.04,8651
INV-EU-2024-06403,WO-2024-M10-06403,2024-12-15,Germany,Taiwan,TW2066464313,P-M10-BN-002,電動車電池模組固定螺母 M10,73181699,21928,372.79,391.43,2493
INV-EU-2024-06411,WO-2024-M12-06411,2024-12-15,Germany,Taiwan,TW2066882876,P-M12-EH-001,高強度引擎汽缸頭螺栓 M12,73181595,15137,965.02,1040.7,7691
INV-EU-2024-06414,WO-2024-M10-06414,2024-12-15,Spain,Taiwan,TW2066519968,P-M10-BN-002,電動車電池模組固定螺母 M10,73181699,37514,637.75,669.64,2850
INV-EU-2024-06416,WO-2024-M12-06416,2024-12-15,France,Taiwan,TW2066415809,P-M12-EH-001,高強度引擎汽缸頭螺栓 M12,73181595,23526,1499.84,1617.47,10948
INV-EU-2024-06418,WO-2024-M10-06418,2024-12-15,Spain,Taiwan,TW2066638588,P-M10-BN-002,電動車電池模組固定螺母 M10,73181699,41203,700.46,735.48,4412
INV-EU-2024-06434,WO-2024-M10-06434,2024-12-15,Netherlands,Taiwan,TW2066133198,P-M10-BN-002,電動車電池模組固定螺母 M10,73181699,30960,526.32,552.64,2484
INV-EU-2024-06436,WO-2024-M10-06436,2024-12-15,France,Taiwan,TW2066439756,P-M10-BN-002,電動車電池模組固定螺母 M10,73181699,35343,600.84,630.88,3887
INV-EU-2024-06439,WO-2024-M10-06439,2024-12-15,Netherlands,Taiwan,TW2066680800,P-M10-BN-002,電動車電池模組固定螺母 M10,73181699,40897,695.25,730.01,3420
INV-EU-2024-06448,WO-2024-M12-06448,2024-12-15,France,Taiwan,TW2066992038,P-M12-EH-001,高強度引擎汽缸頭螺栓 M12,73181595,19461,1240.67,1337.98,8176
INV-EU-2024-06455,WO-2024-M10-06455,2024-12-15,Italy,Taiwan,TW2066412994,P-M10-BN-002,電動車電池模組固定螺母 M10,73181699,44090,749.54,787.02,2960
INV-EU-2024-06456,WO-2024-CS-06456,2024-12-15,Spain,Taiwan,TW2066397634,P-CS-BS-003,底盤懸吊臂襯套軸套,73269098,37106,10092.96,10835.08,59447
INV-EU-2024-06478,WO-2024-M12-06478,2024-12-15,Spain,Taiwan,TW2066695887,P-M12-EH-001,高強度引擎汽缸頭螺栓 M12,73181595,45025,2870.4,3095.53,17624
INV-EU-2024-06495,WO-2024-M10-06495,2024-12-15,Italy,Taiwan,TW2066575618,P-M10-BN-002,電動車電池模組固定螺母 M10,73181699,21878,371.93,390.53,2012
INV-EU-2024-06356,WO-2024-M10-06356,2024-12-16,Italy,Taiwan,TW2066518758,P-M10-BN-002,電動車電池模組固定螺母 M10,73181699,45526,773.95,812.65,4519
INV-EU-2024-06357,WO-2024-CS-06357,2024-12-16,Germany,Taiwan,TW2066566208,P-CS-BS-003,底盤懸吊臂襯套軸套,73269098,14792,4023.65,4319.49,30499
INV-EU-2024-06359,WO-2024-M12-06359,2024-12-16,Italy,Taiwan,TW2066173087,P-M12-EH-001,高強度引擎汽缸頭螺栓 M12,73181595,37988,2421.74,2611.68,10510
INV-EU-2024-06363,WO-2024-M12-06363,2024-12-16,France,Taiwan,TW2066585487,P-M12-EH-001,高強度引擎汽缸頭螺栓 M12,73181595,39080,2491.36,2686.76,11510
INV-EU-2024-06367,WO-2024-M10-06367,2024-12-16,Spain,Taiwan,TW2066862232,P-M10-BN-002,電動車電池模組固定螺母 M10,73181699,17638,299.86,314.85,2203
INV-EU-2024-06368,WO-2024-M10-06368,2024-12-16,Germany,Taiwan,TW2066289119,P-M10-BN-002,電動車電池模組固定螺母 M10,73181699,11718,199.22,209.18,928
INV-EU-2024-06380,WO-2024-M12-06380,2024-12-16,France,Taiwan,TW2066370106,P-M12-EH-001,高強度引擎汽缸頭螺栓 M12,73181595,11486,732.24,789.67,3133
INV-EU-2024-06385,WO-2024-M10-06385,2024-12-16,Spain,Taiwan,TW2066495893,P-M10-BN-002,電動車電池模組固定螺母 M10,73181699,30013,510.23,535.74,4066
INV-EU-2024-06386,WO-2024-CS-06386,2024-12-16,Spain,Taiwan,TW2066399453,P-CS-BS-003,底盤懸吊臂襯套軸套,73269098,41315,11237.91,12064.21,34612
INV-EU-2024-06390,WO-2024-CS-06390,2024-12-16,France,Taiwan,TW2066571275,P-CS-BS-003,底盤懸吊臂襯套軸套,73269098,45616,12407.62,13319.94,61541
INV-EU-2024-06401,WO-2024-M12-06401,2024-12-16,Netherlands,Taiwan,TW2066515998,P-M12-EH-001,高強度引擎汽缸頭螺栓 M12,73181595,32575,2076.66,2239.53,7766
INV-EU-2024-06404,WO-2024-M10-06404,2024-12-16,Italy,Taiwan,TW2066398056,P-M10-BN-002,電動車電池模組固定螺母 M10,73181699,49188,836.2,878.01,6472
INV-EU-2024-06412,WO-2024-M12-06412,2024-12-16,Germany,Taiwan,TW2066297596,P-M12-EH-001,高強度引擎汽缸頭螺栓 M12,73181595,46782,2982.39,3216.3,18699
INV-EU-2024-06417,WO-2024-M12-06417,2024-12-16,Netherlands,Taiwan,TW2066614769,P-M12-EH-001,高強度引擎汽缸頭螺栓 M12,73181595,46258,2949,3180.29,16927
INV-EU-2024-06433,WO-2024-CS-06433,2024-12-16,Germany,Taiwan,TW2066136663,P-CS-BS-003,底盤懸吊臂襯套軸套,73269098,11412,3104.32,3332.56,21575
INV-EU-2024-06447,WO-2024-M12-06447,2024-12-16,Germany,Taiwan,TW2066802048,P-M12-EH-001,高強度引擎汽缸頭螺栓 M12,73181595,18842,1201.22,1295.43,3964
INV-EU-2024-06449,WO-2024-M10-06449,2024-12-16,France,Taiwan,TW2066327142,P-M10-BN-002,電動車電池模組固定螺母 M10,73181699,31031,527.54,553.92,3756
INV-EU-2024-06465,WO-2024-M12-06465,2024-12-16,France,Taiwan,TW2066471464,P-M12-EH-001,高強度引擎汽缸頭螺栓 M12,73181595,33894,2160.77,2330.24,8815
INV-EU-2024-06479,WO-2024-M10-06479,2024-12-16,Netherlands,Taiwan,TW2066415387,P-M10-BN-002,電動車電池模組固定螺母 M10,73181699,17683,300.62,315.65,1566
INV-EU-2024-06481,WO-2024-M12-06481,2024-12-16,Netherlands,Taiwan,TW2066667558,P-M12-EH-001,高強度引擎汽缸頭螺栓 M12,73181595,47828,3049.07,3288.21,13537
INV-EU-2024-06487,WO-2024-M12-06487,2024-12-16,Italy,Taiwan,TW2066558347,P-M12-EH-001,高強度引擎汽缸頭螺栓 M12,73181595,41255,2630.03,2836.31,9599
INV-EU-2024-06493,WO-2024-M12-06493,2024-12-16,Germany,Taiwan,TW2066553434,P-M12-EH-001,高強度引擎汽缸頭螺栓 M12,73181595,29497,1880.49,2027.97,5867
INV-EU-2024-06496,WO-2024-M10-06496,2024-12-16,Italy,Taiwan,TW2066262336,P-M10-BN-002,電動車電池模組固定螺母 M10,73181699,23063,392.08,411.68,1572
INV-EU-2024-06499,WO-2024-CS-06499,2024-12-16,Italy,Taiwan,TW2066536079,P-CS-BS-003,底盤懸吊臂襯套軸套,73269098,27487,7476.54,8026.28,38578
INV-EU-2024-06501,WO-2024-M10-06501,2024-12-16,Spain,Taiwan,TW2066150505,P-M10-BN-002,電動車電池模組固定螺母 M10,73181699,9999,169.99,178.49,1349
INV-EU-2024-06506,WO-2024-CS-06506,2024-12-16,Netherlands,Taiwan,TW2066279745,P-CS-BS-003,底盤懸吊臂襯套軸套,73269098,21868,5948.23,6385.59,32536
INV-EU-2024-06379,WO-2024-M10-06379,2024-12-17,Spain,Taiwan,TW2066986209,P-M10-BN-002,電動車電池模組固定螺母 M10,73181699,10561,179.54,188.52,1046
INV-EU-2024-06400,WO-2024-M12-06400,2024-12-17,Netherlands,Taiwan,TW2066810468,P-M12-EH-001,高強度引擎汽缸頭螺栓 M12,73181595,43172,2752.24,2968.1,21522
INV-EU-2024-06406,WO-2024-CS-06406,2024-12-17,Germany,Taiwan,TW2066981431,P-CS-BS-003,底盤懸吊臂襯套軸套,73269098,36687,9978.97,10712.71,53587
INV-EU-2024-06423,WO-2024-CS-06423,2024-12-17,Netherlands,Taiwan,TW2066937119,P-CS-BS-003,底盤懸吊臂襯套軸套,73269098,13246,3603,3867.92,25221
INV-EU-2024-06429,WO-2024-CS-06429,2024-12-17,Italy,Taiwan,TW2066551350,P-CS-BS-003,底盤懸吊臂襯套軸套,73269098,31646,8607.96,9240.88,30472
INV-EU-2024-06441,WO-2024-CS-06441,2024-12-17,Netherlands,Taiwan,TW2066746380,P-CS-BS-003,底盤懸吊臂襯套軸套,73269098,42380,11527.54,12375.14,42882
INV-EU-2024-06461,WO-2024-M12-06461,2024-12-17,Germany,Taiwan,TW2066147252,P-M12-EH-001,高強度引擎汽缸頭螺栓 M12,73181595,47450,3024.95,3262.2,17968
INV-EU-2024-06463,WO-2024-M12-06463,2024-12-17,France,Taiwan,TW2066718514,P-M12-EH-001,高強度引擎汽缸頭螺栓 M12,73181595,21516,1371.68,1479.26,5719
INV-EU-2024-06469,WO-2024-M10-06469,2024-12-17,France,Taiwan,TW2066415394,P-M10-BN-002,電動車電池模組固定螺母 M10,73181699,22217,377.7,396.58,2084
INV-EU-2024-06473,WO-2024-M12-06473,2024-12-17,France,Taiwan,TW2066815117,P-M12-EH-001,高強度引擎汽缸頭螺栓 M12,73181595,35416,2257.82,2434.9,11921
INV-EU-2024-06474,WO-2024-M12-06474,2024-12-17,Netherlands,Taiwan,TW2066915708,P-M12-EH-001,高強度引擎汽缸頭螺栓 M12,73181595,30702,1957.29,2110.8,14757
INV-EU-2024-06477,WO-2024-M12-06477,2024-12-17,Germany,Taiwan,TW2066246023,P-M12-EH-001,高強度引擎汽缸頭螺栓 M12,73181595,36047,2298.01,2478.25,15396
INV-EU-2024-06482,WO-2024-CS-06482,2024-12-17,France,Taiwan,TW2066792849,P-CS-BS-003,底盤懸吊臂襯套軸套,73269098,12926,3516.07,3774.59,13888
INV-EU-2024-06508,WO-2024-M12-06508,2024-12-17,Italy,Taiwan,TW2066485581,P-M12-EH-001,高強度引擎汽缸頭螺栓 M12,73181595,10324,658.17,709.79,3310
INV-EU-2024-06522,WO-2024-M10-06522,2024-12-17,France,Taiwan,TW2066774151,P-M10-BN-002,電動車電池模組固定螺母 M10,73181699,20693,351.79,369.38,1326
INV-EU-2024-06526,WO-2024-M10-06526,2024-12-17,Spain,Taiwan,TW2066455312,P-M10-BN-002,電動車電池模組固定螺母 M10,73181699,16119,274.03,287.73,953
INV-EU-2024-06428,WO-2024-M10-06428,2024-12-18,Spain,Taiwan,TW2066101460,P-M10-BN-002,電動車電池模組固定螺母 M10,73181699,31493,535.39,562.16,3228
INV-EU-2024-06432,WO-2024-M10-06432,2024-12-18,Germany,Taiwan,TW2066181345,P-M10-BN-002,電動車電池模組固定螺母 M10,73181699,25311,430.3,451.81,2835
INV-EU-2024-06442,WO-2024-CS-06442,2024-12-18,Germany,Taiwan,TW2066513394,P-CS-BS-003,底盤懸吊臂襯套軸套,73269098,24683,6713.85,7207.51,41491
INV-EU-2024-06443,WO-2024-M12-06443,2024-12-18,Netherlands,Taiwan,TW2066281239,P-M12-EH-001,高強度引擎汽缸頭螺栓 M12,73181595,26852,1711.83,1846.09,11726
INV-EU-2024-06460,WO-2024-CS-06460,2024-12-18,Spain,Taiwan,TW2066303891,P-CS-BS-003,底盤懸吊臂襯套軸套,73269098,19227,5229.9,5614.44,26567
INV-EU-2024-06466,WO-2024-CS-06466,2024-12-18,Italy,Taiwan,TW2066842389,P-CS-BS-003,底盤懸吊臂襯套軸套,73269098,47771,12993.91,13949.33,71076
INV-EU-2024-06470,WO-2024-M10-06470,2024-12-18,Italy,Taiwan,TW2066437850,P-M10-BN-002,電動車電池模組固定螺母 M10,73181699,22879,388.96,408.41,2921
INV-EU-2024-06471,WO-2024-CS-06471,2024-12-18,Germany,Taiwan,TW2066260839,P-CS-BS-003,底盤懸吊臂襯套軸套,73269098,10770,2929.51,3144.91,20887
INV-EU-2024-06476,WO-2024-M12-06476,2024-12-18,France,Taiwan,TW2066653606,P-M12-EH-001,高強度引擎汽缸頭螺栓 M12,73181595,11956,762.22,822,3026
INV-EU-2024-06490,WO-2024-M10-06490,2024-12-18,Netherlands,Taiwan,TW2066926152,P-M10-BN-002,電動車電池模組固定螺母 M10,73181699,19252,327.3,343.67,1744
INV-EU-2024-06492,WO-2024-M12-06492,2024-12-18,France,Taiwan,TW2066495632,P-M12-EH-001,高強度引擎汽缸頭螺栓 M12,73181595,21430,1366.18,1473.33,9235
INV-EU-2024-06507,WO-2024-M10-06507,2024-12-18,Spain,Taiwan,TW2066440025,P-M10-BN-002,電動車電池模組固定螺母 M10,73181699,41019,697.33,732.2,2956
INV-EU-2024-06513,WO-2024-CS-06513,2024-12-18,Germany,Taiwan,TW2066749720,P-CS-BS-003,底盤懸吊臂襯套軸套,73269098,13636,3709.23,3981.95,16431
INV-EU-2024-06514,WO-2024-CS-06514,2024-12-18,Italy,Taiwan,TW2066638782,P-CS-BS-003,底盤懸吊臂襯套軸套,73269098,44275,12042.97,12928.47,84059
INV-EU-2024-06518,WO-2024-CS-06518,2024-12-18,Netherlands,Taiwan,TW2066845852,P-CS-BS-003,底盤懸吊臂襯套軸套,73269098,20220,5500.05,5904.45,22990
INV-EU-2024-06540,WO-2024-CS-06540,2024-12-18,Italy,Taiwan,TW2066455191,P-CS-BS-003,底盤懸吊臂襯套軸套,73269098,9994,2718.58,2918.46,19655
INV-EU-2024-06548,WO-2024-M10-06548,2024-12-18,Netherlands,Taiwan,TW2066928016,P-M10-BN-002,電動車電池模組固定螺母 M10,73181699,30352,516,541.8,2889
INV-EU-2024-06561,WO-2024-M10-06561,2024-12-18,Italy,Taiwan,TW2066390340,P-M10-BN-002,電動車電池模組固定螺母 M10,73181699,29390,499.64,524.62,3272
INV-EU-2024-06426,WO-2024-CS-06426,2024-12-19,Germany,Taiwan,TW2066174570,P-CS-BS-003,底盤懸吊臂襯套軸套,73269098,26197,7125.61,7649.55,50378
INV-EU-2024-06427,WO-2024-M10-06427,2024-12-19,Germany,Taiwan,TW2066992000,P-M10-BN-002,電動車電池模組固定螺母 M10,73181699,31165,529.81,556.3,3936
INV-EU-2024-06440,WO-2024-M10-06440,2024-12-19,France,Taiwan,TW2066467278,P-M10-BN-002,電動車電池模組固定螺母 M10,73181699,46261,786.44,825.76,3279
INV-EU-2024-06450,WO-2024-M12-06450,2024-12-19,Spain,Taiwan,TW2066368507,P-M12-EH-001,高強度引擎汽缸頭螺栓 M12,73181595,31827,2029,2188.14,7324
INV-EU-2024-06454,WO-2024-CS-06454,2024-12-19,Spain,Taiwan,TW2066206496,P-CS-BS-003,底盤懸吊臂襯套軸套,73269098,28886,7857.19,8434.91,59557
INV-EU-2024-06464,WO-2024-M12-06464,2024-12-19,Netherlands,Taiwan,TW2066952582,P-M12-EH-001,高強度引擎汽缸頭螺栓 M12,73181595,35114,2238.52,2414.09,8125
INV-EU-2024-06472,WO-2024-CS-06472,2024-12-19,Netherlands,Taiwan,TW2066490613,P-CS-BS-003,底盤懸吊臂襯套軸套,73269098,15393,4187.11,4494.97,20014
INV-EU-2024-06480,WO-2024-CS-06480,2024-12-19,Italy,Taiwan,TW2066235124,P-CS-BS-003,底盤懸吊臂襯套軸套,73269098,28184,7666.21,8229.89,36107
INV-EU-2024-06484,WO-2024-M12-06484,2024-12-19,Germany,Taiwan,TW2066207063,P-M12-EH-001,高強度引擎汽缸頭螺栓 M12,73181595,38992,2485.78,2680.74,17102
INV-EU-2024-06488,WO-2024-M12-06488,2024-12-19,Italy,Taiwan,TW2066992641,P-M12-EH-001,高強度引擎汽缸頭螺栓 M12,73181595,16536,1054.23,1136.91,3542
INV-EU-2024-06512,WO-2024-M10-06512,2024-12-19,France,Taiwan,TW2066332817,P-M10-BN-002,電動車電池模組固定螺母 M10,73181699,30230,513.92,539.62,1783
INV-EU-2024-06516,WO-2024-M10-06516,2024-12-19,Spain,Taiwan,TW2066645300,P-M10-BN-002,電動車電池模組固定螺母 M10,73181699,42299,719.09,755.04,3796
INV-EU-2024-06528,WO-2024-CS-06528,2024-12-19,Germany,Taiwan,TW2066256216,P-CS-BS-003,底盤懸吊臂襯套軸套,73269098,40882,11120.13,11937.77,45036
INV-EU-2024-06533,WO-2024-M10-06533,2024-12-19,Spain,Taiwan,TW2066539145,P-M10-BN-002,電動車電池模組固定螺母 M10,73181699,49493,841.39,883.46,3230
INV-EU-2024-06538,WO-2024-M12-06538,2024-12-19,Netherlands,Taiwan,TW2066909725,P-M12-EH-001,高強度引擎汽缸頭螺栓 M12,73181595,21994,1402.14,1512.11,9913
INV-EU-2024-06544,WO-2024-M12-06544,2024-12-19,Netherlands,Taiwan,TW2066935729,P-M12-EH-001,高強度引擎汽缸頭螺栓 M12,73181595,38675,2465.54,2658.91,16691
INV-EU-2024-06547,WO-2024-M10-06547,2024-12-19,Italy,Taiwan,TW2066272263,P-M10-BN-002,電動車電池模組固定螺母 M10,73181699,24765,421.02,442.07,2829
INV-EU-2024-06553,WO-2024-M12-06553,2024-12-19,Germany,Taiwan,TW2066624732,P-M12-EH-001,高強度引擎汽缸頭螺栓 M12,73181595,26488,1688.65,1821.09,8730
INV-EU-2024-06555,WO-2024-M10-06555,2024-12-19,Netherlands,Taiwan,TW2066662049,P-M10-BN-002,電動車電池模組固定螺母 M10,73181699,40729,692.41,727.03,5144
INV-EU-2024-06556,WO-2024-M12-06556,2024-12-19,Spain,Taiwan,TW2066100125,P-M12-EH-001,高強度引擎汽缸頭螺栓 M12,73181595,28097,1791.19,1931.68,10926
INV-EU-2024-06564,WO-2024-M10-06564,2024-12-19,France,Taiwan,TW2066522917,P-M10-BN-002,電動車電池模組固定螺母 M10,73181699,24961,424.34,445.56,2520
INV-EU-2024-06570,WO-2024-CS-06570,2024-12-19,Germany,Taiwan,TW2066481133,P-CS-BS-003,底盤懸吊臂襯套軸套,73269098,38808,10555.98,11332.14,34518
INV-EU-2024-06572,WO-2024-M12-06572,2024-12-19,Germany,Taiwan,TW2066518465,P-M12-EH-001,高強度引擎汽缸頭螺栓 M12,73181595,32796,2090.76,2254.74,8969
INV-EU-2024-06575,WO-2024-M10-06575,2024-12-19,Germany,Taiwan,TW2066372830,P-M10-BN-002,電動車電池模組固定螺母 M10,73181699,36895,627.23,658.59,2057
INV-EU-2024-06592,WO-2024-M10-06592,2024-12-19,Germany,Taiwan,TW2066599466,P-M10-BN-002,電動車電池模組固定螺母 M10,73181699,13910,236.48,248.3,1317
INV-EU-2024-06598,WO-2024-M12-06598,2024-12-19,France,Taiwan,TW2066189783,P-M12-EH-001,高強度引擎汽缸頭螺栓 M12,73181595,19489,1242.47,1339.91,9716
INV-EU-2024-06431,WO-2024-CS-06431,2024-12-20,France,Taiwan,TW2066224072,P-CS-BS-003,底盤懸吊臂襯套軸套,73269098,39260,10678.95,11464.15,55850
INV-EU-2024-06437,WO-2024-M10-06437,2024-12-20,Germany,Taiwan,TW2066239037,P-M10-BN-002,電動車電池模組固定螺母 M10,73181699,23063,392.08,411.68,1662
INV-EU-2024-06451,WO-2024-CS-06451,2024-12-20,Italy,Taiwan,TW2066918937,P-CS-BS-003,底盤懸吊臂襯套軸套,73269098,33856,9208.99,9886.11,43650
INV-EU-2024-06453,WO-2024-M10-06453,2024-12-20,Germany,Taiwan,TW2066974890,P-M10-BN-002,電動車電池模組固定螺母 M10,73181699,38327,651.56,684.14,2684
INV-EU-2024-06458,WO-2024-M10-06458,2024-12-20,France,Taiwan,TW2066930988,P-M10-BN-002,電動車電池模組固定螺母 M10,73181699,23347,396.91,416.76,3040
INV-EU-2024-06467,WO-2024-M12-06467,2024-12-20,Netherlands,Taiwan,TW2066982035,P-M12-EH-001,高強度引擎汽缸頭螺栓 M12,73181595,15612,995.3,1073.36,7494
INV-EU-2024-06483,WO-2024-M12-06483,2024-12-20,Italy,Taiwan,TW2066306329,P-M12-EH-001,高強度引擎汽缸頭螺栓 M12,73181595,37584,2396.01,2583.93,14256
INV-EU-2024-06486,WO-2024-M12-06486,2024-12-20,France,Taiwan,TW2066712299,P-M12-EH-001,高強度引擎汽缸頭螺栓 M12,73181595,35136,2239.94,2415.62,7660
INV-EU-2024-06491,WO-2024-M12-06491,2024-12-20,France,Taiwan,TW2066268607,P-M12-EH-001,高強度引擎汽缸頭螺栓 M12,73181595,42667,2720.08,2933.41,11152
INV-EU-2024-06497,WO-2024-CS-06497,2024-12-20,Spain,Taiwan,TW2066447230,P-CS-BS-003,底盤懸吊臂襯套軸套,73269098,20281,5516.61,5922.23,19970
INV-EU-2024-06498,WO-2024-CS-06498,2024-12-20,Netherlands,Taiwan,TW2066983673,P-CS-BS-003,底盤懸吊臂襯套軸套,73269098,12307,3347.52,3593.66,21892
INV-EU-2024-06503,WO-2024-CS-06503,2024-12-20,Spain,Taiwan,TW2066936182,P-CS-BS-003,底盤懸吊臂襯套軸套,73269098,37659,10243.46,10996.64,71192
INV-EU-2024-06505,WO-2024-M12-06505,2024-12-20,Netherlands,Taiwan,TW2066886372,P-M12-EH-001,高強度引擎汽缸頭螺栓 M12,73181595,32562,2075.83,2238.64,14177
INV-EU-2024-06524,WO-2024-M10-06524,2024-12-20,Germany,Taiwan,TW2066458506,P-M10-BN-002,電動車電池模組固定螺母 M10,73181699,46110,783.88,823.07,5651
INV-EU-2024-06525,WO-2024-CS-06525,2024-12-20,Netherlands,Taiwan,TW2066654858,P-CS-BS-003,底盤懸吊臂襯套軸套,73269098,39692,10796.44,11590.28,55493
INV-EU-2024-06532,WO-2024-M10-06532,2024-12-20,Germany,Taiwan,TW2066163489,P-M10-BN-002,電動車電池模組固定螺母 M10,73181699,23369,397.28,417.14,1966
INV-EU-2024-06546,WO-2024-CS-06546,2024-12-20,France,Taiwan,TW2066438186,P-CS-BS-003,底盤懸吊臂襯套軸套,73269098,32213,8761.96,9406.22,28125
INV-EU-2024-06549,WO-2024-M10-06549,2024-12-20,Spain,Taiwan,TW2066234048,P-M10-BN-002,電動車電池模組固定螺母 M10,73181699,19257,327.37,343.74,1479
INV-EU-2024-06567,WO-2024-M10-06567,2024-12-20,Germany,Taiwan,TW2066159462,P-M10-BN-002,電動車電池模組固定螺母 M10,73181699,21015,357.26,375.12,1111
INV-EU-2024-06569,WO-2024-M12-06569,2024-12-20,Spain,Taiwan,TW2066646901,P-M12-EH-001,高強度引擎汽缸頭螺栓 M12,73181595,46444,2960.82,3193.04,15869
INV-EU-2024-06573,WO-2024-M10-06573,2024-12-20,Germany,Taiwan,TW2066955845,P-M10-BN-002,電動車電池模組固定螺母 M10,73181699,19919,338.64,355.57,1733
INV-EU-2024-06576,WO-2024-M12-06576,2024-12-20,Germany,Taiwan,TW2066742984,P-M12-EH-001,高強度引擎汽缸頭螺栓 M12,73181595,44841,2858.66,3082.86,14579
INV-EU-2024-06587,WO-2024-CS-06587,2024-12-20,Italy,Taiwan,TW2066323346,P-CS-BS-003,底盤懸吊臂襯套軸套,73269098,13913,3784.34,4062.6,12185
INV-EU-2024-06590,WO-2024-M12-06590,2024-12-20,Germany,Taiwan,TW2066400716,P-M12-EH-001,高強度引擎汽缸頭螺栓 M12,73181595,25261,1610.43,1736.74,7391
INV-EU-2024-06591,WO-2024-M10-06591,2024-12-20,Italy,Taiwan,TW2066507233,P-M10-BN-002,電動車電池模組固定螺母 M10,73181699,48419,823.13,864.29,3893
INV-EU-2024-06457,WO-2024-M10-06457,2024-12-21,Italy,Taiwan,TW2066332105,P-M10-BN-002,電動車電池模組固定螺母 M10,73181699,13899,236.29,248.1,803
INV-EU-2024-06468,WO-2024-M10-06468,2024-12-21,Germany,Taiwan,TW2066470105,P-M10-BN-002,電動車電池模組固定螺母 M10,73181699,41720,709.25,744.71,4986
INV-EU-2024-06489,WO-2024-M10-06489,2024-12-21,France,Taiwan,TW2066988796,P-M10-BN-002,電動車電池模組固定螺母 M10,73181699,10649,181.04,190.09,1184
INV-EU-2024-06494,WO-2024-CS-06494,2024-12-21,Germany,Taiwan,TW2066422524,P-CS-BS-003,底盤懸吊臂襯套軸套,73269098,38038,10346.37,11107.13,65078
INV-EU-2024-06500,WO-2024-CS-06500,2024-12-21,Spain,Taiwan,TW2066613755,P-CS-BS-003,底盤懸吊臂襯套軸套,73269098,22167,6029.57,6472.91,19174
INV-EU-2024-06502,WO-2024-CS-06502,2024-12-21,Spain,Taiwan,TW2066367447,P-CS-BS-003,底盤懸吊臂襯套軸套,73269098,22742,6186.03,6640.87,24682
INV-EU-2024-06523,WO-2024-CS-06523,2024-12-21,Italy,Taiwan,TW2066113595,P-CS-BS-003,底盤懸吊臂襯套軸套,73269098,43531,11840.63,12711.25,78029
INV-EU-2024-06530,WO-2024-M10-06530,2024-12-21,France,Taiwan,TW2066450908,P-M10-BN-002,電動車電池模組固定螺母 M10,73181699,25005,425.09,446.34,3196
INV-EU-2024-06534,WO-2024-M10-06534,2024-12-21,Germany,Taiwan,TW2066732359,P-M10-BN-002,電動車電池模組固定螺母 M10,73181699,47156,801.66,841.74,4048
INV-EU-2024-06536,WO-2024-M12-06536,2024-12-21,France,Taiwan,TW2066480446,P-M12-EH-001,高強度引擎汽缸頭螺栓 M12,73181595,27061,1725.17,1860.48,6417
INV-EU-2024-06560,WO-2024-M12-06560,2024-12-21,Spain,Taiwan,TW2066713734,P-M12-EH-001,高強度引擎汽缸頭螺栓 M12,73181595,23679,1509.59,1627.98,8755
INV-EU-2024-06563,WO-2024-M12-06563,2024-12-21,France,Taiwan,TW2066168998,P-M12-EH-001,高強度引擎汽缸頭螺栓 M12,73181595,11128,709.44,765.08,5150
INV-EU-2024-06565,WO-2024-M12-06565,2024-12-21,Germany,Taiwan,TW2066919724,P-M12-EH-001,高強度引擎汽缸頭螺栓 M12,73181595,14765,941.28,1015.11,6946
INV-EU-2024-06583,WO-2024-M10-06583,2024-12-21,Netherlands,Taiwan,TW2066207963,P-M10-BN-002,電動車電池模組固定螺母 M10,73181699,22317,379.4,398.37,2124
INV-EU-2024-06586,WO-2024-M12-06586,2024-12-21,Spain,Taiwan,TW2066864658,P-M12-EH-001,高強度引擎汽缸頭螺栓 M12,73181595,27407,1747.2,1884.24,6796
INV-EU-2024-06589,WO-2024-M12-06589,2024-12-21,France,Taiwan,TW2066771105,P-M12-EH-001,高強度引擎汽缸頭螺栓 M12,73181595,25911,1651.86,1781.41,10406
INV-EU-2024-06599,WO-2024-M12-06599,2024-12-21,Netherlands,Taiwan,TW2066978015,P-M12-EH-001,高強度引擎汽缸頭螺栓 M12,73181595,45702,2913.53,3142.04,17568
INV-EU-2024-06610,WO-2024-M10-06610,2024-12-21,Spain,Taiwan,TW2066771024,P-M10-BN-002,電動車電池模組固定螺母 M10,73181699,47607,809.32,849.79,4864
INV-EU-2024-06615,WO-2024-M10-06615,2024-12-21,Germany,Taiwan,TW2066142732,P-M10-BN-002,電動車電池模組固定螺母 M10,73181699,44836,762.22,800.33,4359
INV-EU-2024-06617,WO-2024-CS-06617,2024-12-21,Italy,Taiwan,TW2066424826,P-CS-BS-003,底盤懸吊臂襯套軸套,73269098,30565,8313.77,8925.07,35167
INV-EU-2024-06623,WO-2024-CS-06623,2024-12-21,Netherlands,Taiwan,TW2066113224,P-CS-BS-003,底盤懸吊臂襯套軸套,73269098,46732,12711.36,13646,60633
INV-EU-2024-06631,WO-2024-M12-06631,2024-12-21,Netherlands,Taiwan,TW2066448794,P-M12-EH-001,高強度引擎汽缸頭螺栓 M12,73181595,48030,3061.94,3302.09,18004
INV-EU-2024-06634,WO-2024-CS-06634,2024-12-21,Italy,Taiwan,TW2066947755,P-CS-BS-003,底盤懸吊臂襯套軸套,73269098,29419,8002,8590.38,39289
INV-EU-2024-06643,WO-2024-CS-06643,2024-12-21,France,Taiwan,TW2066782534,P-CS-BS-003,底盤懸吊臂襯套軸套,73269098,47951,13042.82,14001.84,68083
INV-EU-2024-06647,WO-2024-M12-06647,2024-12-21,Spain,Taiwan,TW2066246673,P-M12-EH-001,高強度引擎汽缸頭螺栓 M12,73181595,25626,1633.69,1761.82,10030
INV-EU-2024-06475,WO-2024-CS-06475,2024-12-22,France,Taiwan,TW2066762236,P-CS-BS-003,底盤懸吊臂襯套軸套,73269098,26792,7287.65,7823.49,40883
INV-EU-2024-06485,WO-2024-CS-06485,2024-12-22,Netherlands,Taiwan,TW2066980678,P-CS-BS-003,底盤懸吊臂襯套軸套,73269098,28569,7771.01,8342.39,37844
INV-EU-2024-06504,WO-2024-M12-06504,2024-12-22,France,Taiwan,TW2066449168,P-M12-EH-001,高強度引擎汽缸頭螺栓 M12,73181595,10545,672.26,724.99,3388
INV-EU-2024-06510,WO-2024-CS-06510,2024-12-22,France,Taiwan,TW2066157436,P-CS-BS-003,底盤懸吊臂襯套軸套,73269098,29634,8060.55,8653.23,30952
INV-EU-2024-06515,WO-2024-M10-06515,2024-12-22,France,Taiwan,TW2066518981,P-M10-BN-002,電動車電池模組固定螺母 M10,73181699,19247,327.2,343.56,1014
INV-EU-2024-06521,WO-2024-CS-06521,2024-12-22,Netherlands,Taiwan,TW2066934444,P-CS-BS-003,底盤懸吊臂襯套軸套,73269098,30875,8398.06,9015.56,37203
INV-EU-2024-06527,WO-2024-M12-06527,2024-12-22,Netherlands,Taiwan,TW2066460055,P-M12-EH-001,高強度引擎汽缸頭螺栓 M12,73181595,22261,1419.17,1530.48,9834
INV-EU-2024-06539,WO-2024-M12-06539,2024-12-22,Netherlands,Taiwan,TW2066822015,P-M12-EH-001,高強度引擎汽缸頭螺栓 M12,73181595,22138,1411.31,1522,6449
INV-EU-2024-06542,WO-2024-M10-06542,2024-12-22,Germany,Taiwan,TW2066957096,P-M10-BN-002,電動車電池模組固定螺母 M10,73181699,17771,302.12,317.23,1498
INV-EU-2024-06550,WO-2024-M12-06550,2024-12-22,Spain,Taiwan,TW2066160046,P-M12-EH-001,高強度引擎汽缸頭螺栓 M12,73181595,11998,764.88,824.87,3724
INV-EU-2024-06554,WO-2024-M12-06554,2024-12-22,Netherlands,Taiwan,TW2066498025,P-M12-EH-001,高強度引擎汽缸頭螺栓 M12,73181595,45426,2895.93,3123.06,12742
INV-EU-2024-06562,WO-2024-CS-06562,2024-12-22,Italy,Taiwan,TW2066918697,P-CS-BS-003,底盤懸吊臂襯套軸套,73269098,36095,9817.98,10539.88,74518
INV-EU-2024-06581,WO-2024-M12-06581,2024-12-22,Netherlands,Taiwan,TW2066637107,P-M12-EH-001,高強度引擎汽缸頭螺栓 M12,73181595,40157,2560.05,2760.84,13747
INV-EU-2024-06588,WO-2024-M10-06588,2024-12-22,Italy,Taiwan,TW2066226223,P-M10-BN-002,電動車電池模組固定螺母 M10,73181699,39015,663.27,696.43,5087
INV-EU-2024-06596,WO-2024-M12-06596,2024-12-22,France,Taiwan,TW2066639460,P-M12-EH-001,高強度引擎汽缸頭螺栓 M12,73181595,31266,1993.23,2149.56,14809
INV-EU-2024-06616,WO-2024-CS-06616,2024-12-22,Germany,Taiwan,TW2066844895,P-CS-BS-003,底盤懸吊臂襯套軸套,73269098,14085,3831.36,4113.06,26129
INV-EU-2024-06618,WO-2024-M10-06618,2024-12-22,Italy,Taiwan,TW2066705347,P-M10-BN-002,電動車電池模組固定螺母 M10,73181699,16431,279.33,293.3,1611
INV-EU-2024-06620,WO-2024-CS-06620,2024-12-22,Germany,Taiwan,TW2066586470,P-CS-BS-003,底盤懸吊臂襯套軸套,73269098,31886,8673.04,9310.76,30615
INV-EU-2024-06627,WO-2024-M10-06627,2024-12-22,France,Taiwan,TW2066997643,P-M10-BN-002,電動車電池模組固定螺母 M10,73181699,43006,731.11,767.67,2975
INV-EU-2024-06632,WO-2024-CS-06632,2024-12-22,France,Taiwan,TW2066590956,P-CS-BS-003,底盤懸吊臂襯套軸套,73269098,24339,6620.4,7107.18,35683
INV-EU-2024-06633,WO-2024-CS-06633,2024-12-22,Netherlands,Taiwan,TW2066912886,P-CS-BS-003,底盤懸吊臂襯套軸套,73269098,17744,4826.56,5181.44,17858
INV-EU-2024-06649,WO-2024-M12-06649,2024-12-22,Spain,Taiwan,TW2066859747,P-M12-EH-001,高強度引擎汽缸頭螺栓 M12,73181595,44064,2809.09,3029.41,11264
INV-EU-2024-06509,WO-2024-M10-06509,2024-12-23,Spain,Taiwan,TW2066476711,P-M10-BN-002,電動車電池模組固定螺母 M10,73181699,20398,346.78,364.12,1591
INV-EU-2024-06511,WO-2024-CS-06511,2024-12-23,Spain,Taiwan,TW2066602782,P-CS-BS-003,底盤懸吊臂襯套軸套,73269098,20658,5619.24,6032.4,32142
INV-EU-2024-06517,WO-2024-M10-06517,2024-12-23,Italy,Taiwan,TW2066239739,P-M10-BN-002,電動車電池模組固定螺母 M10,73181699,38632,656.76,689.6,4065
INV-EU-2024-06519,WO-2024-M10-06519,2024-12-23,Spain,Taiwan,TW2066909544,P-M10-BN-002,電動車電池模組固定螺母 M10,73181699,10638,180.86,189.9,1139
INV-EU-2024-06520,WO-2024-M12-06520,2024-12-23,Netherlands,Taiwan,TW2066703158,P-M12-EH-001,高強度引擎汽缸頭螺栓 M12,73181595,19664,1253.62,1351.94,4625
INV-EU-2024-06531,WO-2024-M10-06531,2024-12-23,Italy,Taiwan,TW2066853625,P-M10-BN-002,電動車電池模組固定螺母 M10,73181699,43089,732.52,769.15,5823
INV-EU-2024-06552,WO-2024-CS-06552,2024-12-23,Netherlands,Taiwan,TW2066657755,P-CS-BS-003,底盤懸吊臂襯套軸套,73269098,15081,4102.08,4403.7,31914
INV-EU-2024-06577,WO-2024-M10-06577,2024-12-23,Spain,Taiwan,TW2066293451,P-M10-BN-002,電動車電池模組固定螺母 M10,73181699,14027,238.47,250.39,975
INV-EU-2024-06594,WO-2024-M12-06594,2024-12-23,France,Taiwan,TW2066241152,P-M12-EH-001,高強度引擎汽缸頭螺栓 M12,73181595,38781,2472.35,2666.26,10482
INV-EU-2024-06603,WO-2024-M12-06603,2024-12-23,Italy,Taiwan,TW2066807674,P-M12-EH-001,高強度引擎汽缸頭螺栓 M12,73181595,17201,1096.6,1182.61,6700
INV-EU-2024-06619,WO-2024-M12-06619,2024-12-23,France,Taiwan,TW2066497260,P-M12-EH-001,高強度引擎汽缸頭螺栓 M12,73181595,25237,1608.91,1735.1,10071
INV-EU-2024-06626,WO-2024-M10-06626,2024-12-23,Netherlands,Taiwan,TW2066175749,P-M10-BN-002,電動車電池模組固定螺母 M10,73181699,44753,760.81,798.85,4808
INV-EU-2024-06640,WO-2024-M12-06640,2024-12-23,Germany,Taiwan,TW2066699063,P-M12-EH-001,高強度引擎汽缸頭螺栓 M12,73181595,26647,1698.78,1832.01,8969
INV-EU-2024-06657,WO-2024-M10-06657,2024-12-23,Italy,Taiwan,TW2066299023,P-M10-BN-002,電動車電池模組固定螺母 M10,73181699,13399,227.79,239.18,931
INV-EU-2024-06659,WO-2024-M12-06659,2024-12-23,Netherlands,Taiwan,TW2066249807,P-M12-EH-001,高強度引擎汽缸頭螺栓 M12,73181595,17634,1124.23,1212.4,6351
INV-EU-2024-06681,WO-2024-CS-06681,2024-12-23,Germany,Taiwan,TW2066739792,P-CS-BS-003,底盤懸吊臂襯套軸套,73269098,19088,5192.06,5573.82,30996
INV-EU-2024-06683,WO-2024-M12-06683,2024-12-23,Spain,Taiwan,TW2066405674,P-M12-EH-001,高強度引擎汽缸頭螺栓 M12,73181595,37048,2361.87,2547.11,17383
INV-EU-2024-06529,WO-2024-M10-06529,2024-12-24,France,Taiwan,TW2066568652,P-M10-BN-002,電動車電池模組固定螺母 M10,73181699,35945,611.07,641.62,4112
INV-EU-2024-06535,WO-2024-CS-06535,2024-12-24,Germany,Taiwan,TW2066965515,P-CS-BS-003,底盤懸吊臂襯套軸套,73269098,20244,5506.58,5911.46,28799
INV-EU-2024-06537,WO-2024-M10-06537,2024-12-24,France,Taiwan,TW2066752200,P-M10-BN-002,電動車電池模組固定螺母 M10,73181699,28165,478.82,502.76,1675
INV-EU-2024-06558,WO-2024-M12-06558,2024-12-24,Spain,Taiwan,TW2066936932,P-M12-EH-001,高強度引擎汽缸頭螺栓 M12,73181595,16429,1047.41,1129.56,5184
INV-EU-2024-06559,WO-2024-M10-06559,2024-12-24,Italy,Taiwan,TW2066933084,P-M10-BN-002,電動車電池模組固定螺母 M10,73181699,37179,632.06,663.66,4620
INV-EU-2024-06574,WO-2024-M10-06574,2024-12-24,Netherlands,Taiwan,TW2066683579,P-M10-BN-002,電動車電池模組固定螺母 M10,73181699,30570,519.69,545.67,3720
INV-EU-2024-06579,WO-2024-M12-06579,2024-12-24,Netherlands,Taiwan,TW2066826476,P-M12-EH-001,高強度引擎汽缸頭螺栓 M12,73181595,35088,2236.92,2412.36,11520
INV-EU-2024-06595,WO-2024-M12-06595,2024-12-24,Netherlands,Taiwan,TW2066210294,P-M12-EH-001,高強度引擎汽缸頭螺栓 M12,73181595,27705,1766.21,1904.74,11021
INV-EU-2024-06597,WO-2024-M10-06597,2024-12-24,France,Taiwan,TW2066716033,P-M10-BN-002,電動車電池模組固定螺母 M10,73181699,13254,225.32,236.59,1304
INV-EU-2024-06605,WO-2024-M12-06605,2024-12-24,Italy,Taiwan,TW2066121663,P-M12-EH-001,高強度引擎汽缸頭螺栓 M12,73181595,21504,1370.92,1478.44,8609
INV-EU-2024-06606,WO-2024-M10-06606,2024-12-24,Netherlands,Taiwan,TW2066635026,P-M10-BN-002,電動車電池模組固定螺母 M10,73181699,25183,428.12,449.53,1691
INV-EU-2024-06609,WO-2024-M10-06609,2024-12-24,Italy,Taiwan,TW2066762114,P-M10-BN-002,電動車電池模組固定螺母 M10,73181699,41035,697.61,732.49,2295
INV-EU-2024-06612,WO-2024-M10-06612,2024-12-24,Spain,Taiwan,TW2066828835,P-M10-BN-002,電動車電池模組固定螺母 M10,73181699,34554,587.42,616.79,3577
INV-EU-2024-06625,WO-2024-M10-06625,2024-12-24,Spain,Taiwan,TW2066635094,P-M10-BN-002,電動車電池模組固定螺母 M10,73181699,34152,580.6,609.63,2769
INV-EU-2024-06635,WO-2024-M10-06635,2024-12-24,Netherlands,Taiwan,TW2066984076,P-M10-BN-002,電動車電池模組固定螺母 M10,73181699,28016,476.28,500.09,2724
INV-EU-2024-06639,WO-2024-M12-06639,2024-12-24,Germany,Taiwan,TW2066376851,P-M12-EH-001,高強度引擎汽缸頭螺栓 M12,73181595,16010,1020.65,1100.7,3133
INV-EU-2024-06641,WO-2024-M10-06641,2024-12-24,Netherlands,Taiwan,TW2066575090,P-M10-BN-002,電動車電池模組固定螺母 M10,73181699,38882,661.01,694.06,2888
INV-EU-2024-06642,WO-2024-M10-06642,2024-12-24,Italy,Taiwan,TW2066341932,P-M10-BN-002,電動車電池模組固定螺母 M10,73181699,16920,287.65,302.03,1090
INV-EU-2024-06651,WO-2024-CS-06651,2024-12-24,Netherlands,Taiwan,TW2066462204,P-CS-BS-003,底盤懸吊臂襯套軸套,73269098,10613,2886.85,3099.11,14087
INV-EU-2024-06669,WO-2024-CS-06669,2024-12-24,Italy,Taiwan,TW2066247566,P-CS-BS-003,底盤懸吊臂襯套軸套,73269098,36941,10048.13,10786.95,66217
INV-EU-2024-06670,WO-2024-M12-06670,2024-12-24,Netherlands,Taiwan,TW2066972826,P-M12-EH-001,高強度引擎汽缸頭螺栓 M12,73181595,10951,698.18,752.93,2904
INV-EU-2024-06688,WO-2024-M12-06688,2024-12-24,Spain,Taiwan,TW2066669374,P-M12-EH-001,高強度引擎汽缸頭螺栓 M12,73181595,36912,2353.17,2537.73,15577
INV-EU-2024-06541,WO-2024-M12-06541,2024-12-25,Germany,Taiwan,TW2066112008,P-M12-EH-001,高強度引擎汽缸頭螺栓 M12,73181595,45772,2917.98,3146.84,9220
INV-EU-2024-06543,WO-2024-M12-06543,2024-12-25,Spain,Taiwan,TW2066960902,P-M12-EH-001,高強度引擎汽缸頭螺栓 M12,73181595,41598,2651.88,2859.87,8565
INV-EU-2024-06545,WO-2024-M12-06545,2024-12-25,France,Taiwan,TW2066640690,P-M12-EH-001,高強度引擎汽缸頭螺栓 M12,73181595,43878,2797.26,3016.65,8811
INV-EU-2024-06551,WO-2024-M12-06551,2024-12-25,France,Taiwan,TW2066802645,P-M12-EH-001,高強度引擎汽缸頭螺栓 M12,73181595,37691,2402.83,2591.28,9010
INV-EU-2024-06557,WO-2024-M12-06557,2024-12-25,Germany,Taiwan,TW2066883670,P-M12-EH-001,高強度引擎汽缸頭螺栓 M12,73181595,13355,851.42,918.19,3107
INV-EU-2024-06566,WO-2024-M12-06566,2024-12-25,Italy,Taiwan,TW2066517598,P-M12-EH-001,高強度引擎汽缸頭螺栓 M12,73181595,44426,2832.18,3054.31,13679
INV-EU-2024-06568,WO-2024-M10-06568,2024-12-25,Italy,Taiwan,TW2066101068,P-M10-BN-002,電動車電池模組固定螺母 M10,73181699,45492,773.38,812.05,4385
INV-EU-2024-06582,WO-2024-M10-06582,2024-12-25,France,Taiwan,TW2066101357,P-M10-BN-002,電動車電池模組固定螺母 M10,73181699,12447,211.6,222.18,749
INV-EU-2024-06584,WO-2024-CS-06584,2024-12-25,Spain,Taiwan,TW2066222767,P-CS-BS-003,底盤懸吊臂襯套軸套,73269098,20427,5556.23,5964.77,25669
INV-EU-2024-06602,WO-2024-CS-06602,2024-12-25,France,Taiwan,TW2066153782,P-CS-BS-003,底盤懸吊臂襯套軸套,73269098,15528,4223.63,4534.19,14867
INV-EU-2024-06608,WO-2024-M12-06608,2024-12-25,Spain,Taiwan,TW2066467853,P-M12-EH-001,高強度引擎汽缸頭螺栓 M12,73181595,26086,1663.02,1793.45,6884
INV-EU-2024-06613,WO-2024-M10-06613,2024-12-25,France,Taiwan,TW2066157380,P-M10-BN-002,電動車電池模組固定螺母 M10,73181699,41771,710.11,745.62,4438
INV-EU-2024-06614,WO-2024-CS-06614,2024-12-25,Germany,Taiwan,TW2066759582,P-CS-BS-003,底盤懸吊臂襯套軸套,73269098,31551,8582.04,9213.06,54839
INV-EU-2024-06638,WO-2024-M10-06638,2024-12-25,Italy,Taiwan,TW2066109696,P-M10-BN-002,電動車電池模組固定螺母 M10,73181699,34030,578.52,607.45,2504
INV-EU-2024-06646,WO-2024-CS-06646,2024-12-25,Netherlands,Taiwan,TW2066887841,P-CS-BS-003,底盤懸吊臂襯套軸套,73269098,12855,3496.59,3753.69,23881
INV-EU-2024-06655,WO-2024-CS-06655,2024-12-25,Germany,Taiwan,TW2066372581,P-CS-BS-003,底盤懸吊臂襯套軸套,73269098,38495,10470.66,11240.56,83346
INV-EU-2024-06668,WO-2024-CS-06668,2024-12-25,Italy,Taiwan,TW2066741903,P-CS-BS-003,底盤懸吊臂襯套軸套,73269098,19748,5371.51,5766.47,35344
INV-EU-2024-06674,WO-2024-M12-06674,2024-12-25,France,Taiwan,TW2066608547,P-M12-EH-001,高強度引擎汽缸頭螺栓 M12,73181595,26393,1682.6,1814.56,7773
INV-EU-2024-06693,WO-2024-M12-06693,2024-12-25,France,Taiwan,TW2066167764,P-M12-EH-001,高強度引擎汽缸頭螺栓 M12,73181595,48518,3093.07,3335.66,10083
INV-EU-2024-06697,WO-2024-M12-06697,2024-12-25,Italy,Taiwan,TW2066533274,P-M12-EH-001,高強度引擎汽缸頭螺栓 M12,73181595,23823,1518.77,1637.88,8444
INV-EU-2024-06571,WO-2024-M10-06571,2024-12-26,France,Taiwan,TW2066492608,P-M10-BN-002,電動車電池模組固定螺母 M10,73181699,12675,215.48,226.25,1624
INV-EU-2024-06578,WO-2024-M10-06578,2024-12-26,Netherlands,Taiwan,TW2066455681,P-M10-BN-002,電動車電池模組固定螺母 M10,73181699,28600,486.21,510.52,1905
INV-EU-2024-06580,WO-2024-M10-06580,2024-12-26,Italy,Taiwan,TW2066242291,P-M10-BN-002,電動車電池模組固定螺母 M10,73181699,38332,651.65,684.23,4313
INV-EU-2024-06585,WO-2024-CS-06585,2024-12-26,Germany,Taiwan,TW2066435952,P-CS-BS-003,底盤懸吊臂襯套軸套,73269098,29124,7921.98,8504.46,44996
INV-EU-2024-06593,WO-2024-M12-06593,2024-12-26,Italy,Taiwan,TW2066674948,P-M12-EH-001,高強度引擎汽缸頭螺栓 M12,73181595,43613,2780.34,2998.41,17265
INV-EU-2024-06600,WO-2024-M10-06600,2024-12-26,Italy,Taiwan,TW2066490502,P-M10-BN-002,電動車電池模組固定螺母 M10,73181699,42015,714.26,749.97,2549
INV-EU-2024-06611,WO-2024-M10-06611,2024-12-26,Netherlands,Taiwan,TW2066169738,P-M10-BN-002,電動車電池模組固定螺母 M10,73181699,36295,617.02,647.87,2455
INV-EU-2024-06622,WO-2024-M10-06622,2024-12-26,Italy,Taiwan,TW2066324540,P-M10-BN-002,電動車電池模組固定螺母 M10,73181699,40880,694.97,729.72,4030
INV-EU-2024-06624,WO-2024-CS-06624,2024-12-26,France,Taiwan,TW2066355115,P-CS-BS-003,底盤懸吊臂襯套軸套,73269098,29033,7897.21,8477.87,58834
INV-EU-2024-06630,WO-2024-M12-06630,2024-12-26,Spain,Taiwan,TW2066184468,P-M12-EH-001,高強度引擎汽缸頭螺栓 M12,73181595,38141,2431.49,2622.19,11646
INV-EU-2024-06636,WO-2024-M12-06636,2024-12-26,Italy,Taiwan,TW2066339757,P-M12-EH-001,高強度引擎汽缸頭螺栓 M12,73181595,38666,2464.97,2658.3,9145
INV-EU-2024-06637,WO-2024-M12-06637,2024-12-26,Italy,Taiwan,TW2066757210,P-M12-EH-001,高強度引擎汽缸頭螺栓 M12,73181595,14640,933.34,1006.54,5880
INV-EU-2024-06644,WO-2024-M12-06644,2024-12-26,Germany,Taiwan,TW2066952313,P-M12-EH-001,高強度引擎汽缸頭螺栓 M12,73181595,19666,1253.72,1352.05,6569
INV-EU-2024-06656,WO-2024-M10-06656,2024-12-26,France,Taiwan,TW2066305706,P-M10-BN-002,電動車電池模組固定螺母 M10,73181699,41347,702.91,738.06,3704
INV-EU-2024-06662,WO-2024-CS-06662,2024-12-26,France,Taiwan,TW2066263602,P-CS-BS-003,底盤懸吊臂襯套軸套,73269098,23320,6343.23,6809.63,25880
INV-EU-2024-06675,WO-2024-M12-06675,2024-12-26,Germany,Taiwan,TW2066602858,P-M12-EH-001,高強度引擎汽缸頭螺栓 M12,73181595,48702,3104.79,3348.3,12170
INV-EU-2024-06679,WO-2024-CS-06679,2024-12-26,Italy,Taiwan,TW2066427420,P-CS-BS-003,底盤懸吊臂襯套軸套,73269098,39407,10718.97,11507.11,57989
INV-EU-2024-06680,WO-2024-M12-06680,2024-12-26,Italy,Taiwan,TW2066910863,P-M12-EH-001,高強度引擎汽缸頭螺栓 M12,73181595,24501,1561.99,1684.49,5217
INV-EU-2024-06684,WO-2024-CS-06684,2024-12-26,France,Taiwan,TW2066156883,P-CS-BS-003,底盤懸吊臂襯套軸套,73269098,10054,2734.75,2935.83,9681
INV-EU-2024-06700,WO-2024-M12-06700,2024-12-26,Spain,Taiwan,TW2066224784,P-M12-EH-001,高強度引擎汽缸頭螺栓 M12,73181595,37762,2407.37,2596.18,10375
INV-EU-2024-06709,WO-2024-M10-06709,2024-12-26,Germany,Taiwan,TW2066340450,P-M10-BN-002,電動車電池模組固定螺母 M10,73181699,46911,797.5,837.38,5407
INV-EU-2024-06713,WO-2024-M12-06713,2024-12-26,Germany,Taiwan,TW2066750249,P-M12-EH-001,高強度引擎汽缸頭螺栓 M12,73181595,10767,686.45,740.29,2148
INV-EU-2024-06601,WO-2024-M10-06601,2024-12-27,Netherlands,Taiwan,TW2066639390,P-M10-BN-002,電動車電池模組固定螺母 M10,73181699,47112,800.92,840.97,4845
INV-EU-2024-06604,WO-2024-M10-06604,2024-12-27,Netherlands,Taiwan,TW2066396278,P-M10-BN-002,電動車電池模組固定螺母 M10,73181699,40173,682.95,717.1,3462
INV-EU-2024-06607,WO-2024-M10-06607,2024-12-27,Italy,Taiwan,TW2066228833,P-M10-BN-002,電動車電池模組固定螺母 M10,73181699,22841,388.3,407.72,1199
INV-EU-2024-06621,WO-2024-CS-06621,2024-12-27,Italy,Taiwan,TW2066510632,P-CS-BS-003,底盤懸吊臂襯套軸套,73269098,21885,5952.86,6390.56,28335
INV-EU-2024-06628,WO-2024-M10-06628,2024-12-27,Germany,Taiwan,TW2066571517,P-M10-BN-002,電動車電池模組固定螺母 M10,73181699,10215,173.67,182.35,830
INV-EU-2024-06645,WO-2024-M10-06645,2024-12-27,France,Taiwan,TW2066551046,P-M10-BN-002,電動車電池模組固定螺母 M10,73181699,33291,565.95,594.25,2693
INV-EU-2024-06652,WO-2024-M10-06652,2024-12-27,Spain,Taiwan,TW2066775920,P-M10-BN-002,電動車電池模組固定螺母 M10,73181699,29774,506.16,531.47,3138
INV-EU-2024-06653,WO-2024-M10-06653,2024-12-27,France,Taiwan,TW2066703326,P-M10-BN-002,電動車電池模組固定螺母 M10,73181699,44230,751.92,789.52,4097
INV-EU-2024-06660,WO-2024-CS-06660,2024-12-27,Spain,Taiwan,TW2066316781,P-CS-BS-003,底盤懸吊臂襯套軸套,73269098,48981,13322.9,14302.52,50627
INV-EU-2024-06665,WO-2024-M12-06665,2024-12-27,Netherlands,Taiwan,TW2066940890,P-M12-EH-001,高強度引擎汽缸頭螺栓 M12,73181595,12063,769.04,829.36,4391
INV-EU-2024-06677,WO-2024-M12-06677,2024-12-27,Netherlands,Taiwan,TW2066865077,P-M12-EH-001,高強度引擎汽缸頭螺栓 M12,73181595,34683,2211.08,2384.49,16251
INV-EU-2024-06686,WO-2024-CS-06686,2024-12-27,Italy,Taiwan,TW2066896439,P-CS-BS-003,底盤懸吊臂襯套軸套,73269098,24698,6717.92,7211.88,45950
INV-EU-2024-06692,WO-2024-CS-06692,2024-12-27,Spain,Taiwan,TW2066745375,P-CS-BS-003,底盤懸吊臂襯套軸套,73269098,23718,6451.55,6925.91,47418
INV-EU-2024-06698,WO-2024-CS-06698,2024-12-27,France,Taiwan,TW2066583617,P-CS-BS-003,底盤懸吊臂襯套軸套,73269098,46223,12572.68,13497.14,58462
INV-EU-2024-06699,WO-2024-CS-06699,2024-12-27,Italy,Taiwan,TW2066318251,P-CS-BS-003,底盤懸吊臂襯套軸套,73269098,25868,7036.22,7553.58,45946
INV-EU-2024-06724,WO-2024-CS-06724,2024-12-27,Germany,Taiwan,TW2066347894,P-CS-BS-003,底盤懸吊臂襯套軸套,73269098,41564,11305.44,12136.72,48387
INV-EU-2024-06629,WO-2024-M10-06629,2024-12-28,Germany,Taiwan,TW2066294754,P-M10-BN-002,電動車電池模組固定螺母 M10,73181699,22012,374.21,392.92,2593
INV-EU-2024-06648,WO-2024-M10-06648,2024-12-28,France,Taiwan,TW2066514396,P-M10-BN-002,電動車電池模組固定螺母 M10,73181699,15718,267.22,280.58,1755
INV-EU-2024-06650,WO-2024-M12-06650,2024-12-28,Netherlands,Taiwan,TW2066181801,P-M12-EH-001,高強度引擎汽缸頭螺栓 M12,73181595,47844,3050.11,3289.33,18300
INV-EU-2024-06658,WO-2024-CS-06658,2024-12-28,Spain,Taiwan,TW2066224244,P-CS-BS-003,底盤懸吊臂襯套軸套,73269098,11322,3079.72,3306.16,13150
INV-EU-2024-06661,WO-2024-CS-06661,2024-12-28,Germany,Taiwan,TW2066165134,P-CS-BS-003,底盤懸吊臂襯套軸套,73269098,33253,9045.07,9710.13,39979
INV-EU-2024-06663,WO-2024-M10-06663,2024-12-28,Spain,Taiwan,TW2066300196,P-M10-BN-002,電動車電池模組固定螺母 M10,73181699,26424,449.22,471.68,2569
INV-EU-2024-06671,WO-2024-M12-06671,2024-12-28,Spain,Taiwan,TW2066340460,P-M12-EH-001,高強度引擎汽缸頭螺栓 M12,73181595,29023,1850.22,1995.34,13913
INV-EU-2024-06672,WO-2024-M10-06672,2024-12-28,France,Taiwan,TW2066617364,P-M10-BN-002,電動車電池模組固定螺母 M10,73181699,25717,437.2,459.06,1831
INV-EU-2024-06682,WO-2024-CS-06682,2024-12-28,Italy,Taiwan,TW2066928246,P-CS-BS-003,底盤懸吊臂襯套軸套,73269098,35050,9533.73,10234.73,44045
INV-EU-2024-06704,WO-2024-CS-06704,2024-12-28,Germany,Taiwan,TW2066422413,P-CS-BS-003,底盤懸吊臂襯套軸套,73269098,46171,12558.69,13482.11,66686
INV-EU-2024-06706,WO-2024-M12-06706,2024-12-28,Netherlands,Taiwan,TW2066720665,P-M12-EH-001,高強度引擎汽缸頭螺栓 M12,73181595,33446,2132.2,2299.43,13240
INV-EU-2024-06707,WO-2024-CS-06707,2024-12-28,Germany,Taiwan,TW2066714822,P-CS-BS-003,底盤懸吊臂襯套軸套,73269098,47994,13054.45,14014.33,86028
INV-EU-2024-06714,WO-2024-M12-06714,2024-12-28,France,Taiwan,TW2066469330,P-M12-EH-001,高強度引擎汽缸頭螺栓 M12,73181595,21296,1357.68,1464.16,5865
INV-EU-2024-06721,WO-2024-M10-06721,2024-12-28,Italy,Taiwan,TW2066511281,P-M10-BN-002,電動車電池模組固定螺母 M10,73181699,30352,516,541.8,2538
INV-EU-2024-06737,WO-2024-CS-06737,2024-12-28,France,Taiwan,TW2066661926,P-CS-BS-003,底盤懸吊臂襯套軸套,73269098,33848,9206.81,9883.77,44100
INV-EU-2024-06654,WO-2024-M10-06654,2024-12-29,Germany,Taiwan,TW2066393343,P-M10-BN-002,電動車電池模組固定螺母 M10,73181699,28338,481.76,505.85,3169
INV-EU-2024-06664,WO-2024-CS-06664,2024-12-29,Italy,Taiwan,TW2066385409,P-CS-BS-003,底盤懸吊臂襯套軸套,73269098,16561,4504.84,4836.06,32569
INV-EU-2024-06673,WO-2024-M12-06673,2024-12-29,France,Taiwan,TW2066200489,P-M12-EH-001,高強度引擎汽缸頭螺栓 M12,73181595,30448,1941.12,2093.36,9297
INV-EU-2024-06676,WO-2024-M12-06676,2024-12-29,Spain,Taiwan,TW2066327369,P-M12-EH-001,高強度引擎汽缸頭螺栓 M12,73181595,19793,1261.86,1360.82,4984
INV-EU-2024-06696,WO-2024-CS-06696,2024-12-29,Germany,Taiwan,TW2066720650,P-CS-BS-003,底盤懸吊臂襯套軸套,73269098,12818,3486.66,3743.02,13772
INV-EU-2024-06703,WO-2024-M10-06703,2024-12-29,Germany,Taiwan,TW2066611440,P-M10-BN-002,電動車電池模組固定螺母 M10,73181699,25545,434.27,455.98,2240
INV-EU-2024-06708,WO-2024-CS-06708,2024-12-29,Italy,Taiwan,TW2066377587,P-CS-BS-003,底盤懸吊臂襯套軸套,73269098,28618,7784.25,8356.61,24053
INV-EU-2024-06710,WO-2024-CS-06710,2024-12-29,Germany,Taiwan,TW2066585255,P-CS-BS-003,底盤懸吊臂襯套軸套,73269098,18022,4902.23,5262.67,32992
INV-EU-2024-06715,WO-2024-M12-06715,2024-12-29,Italy,Taiwan,TW2066804134,P-M12-EH-001,高強度引擎汽缸頭螺栓 M12,73181595,44810,2856.68,3080.73,20396
INV-EU-2024-06725,WO-2024-CS-06725,2024-12-29,Spain,Taiwan,TW2066732594,P-CS-BS-003,底盤懸吊臂襯套軸套,73269098,37306,10147.25,10893.37,55911
INV-EU-2024-06728,WO-2024-CS-06728,2024-12-29,Italy,Taiwan,TW2066327638,P-CS-BS-003,底盤懸吊臂襯套軸套,73269098,31010,8434.75,9054.95,25641
INV-EU-2024-06729,WO-2024-CS-06729,2024-12-29,France,Taiwan,TW2066116207,P-CS-BS-003,底盤懸吊臂襯套軸套,73269098,30734,8359.65,8974.33,33187
INV-EU-2024-06732,WO-2024-CS-06732,2024-12-29,France,Taiwan,TW2066545141,P-CS-BS-003,底盤懸吊臂襯套軸套,73269098,10382,2823.94,3031.58,17480
INV-EU-2024-06735,WO-2024-M12-06735,2024-12-29,Netherlands,Taiwan,TW2066441616,P-M12-EH-001,高強度引擎汽缸頭螺栓 M12,73181595,17431,1111.28,1198.43,5600
INV-EU-2024-06736,WO-2024-M12-06736,2024-12-29,France,Taiwan,TW2066792101,P-M12-EH-001,高強度引擎汽缸頭螺栓 M12,73181595,15874,1012.03,1091.4,4361
INV-EU-2024-06738,WO-2024-M10-06738,2024-12-29,Netherlands,Taiwan,TW2066473888,P-M10-BN-002,電動車電池模組固定螺母 M10,73181699,40875,694.88,729.62,4231
INV-EU-2024-06741,WO-2024-M10-06741,2024-12-29,Netherlands,Taiwan,TW2066278341,P-M10-BN-002,電動車電池模組固定螺母 M10,73181699,36318,617.41,648.28,1926
INV-EU-2024-06745,WO-2024-M12-06745,2024-12-29,Italy,Taiwan,TW2066433638,P-M12-EH-001,高強度引擎汽缸頭螺栓 M12,73181595,13966,890.39,960.22,6802
INV-EU-2024-06757,WO-2024-CS-06757,2024-12-29,France,Taiwan,TW2066814927,P-CS-BS-003,底盤懸吊臂襯套軸套,73269098,17335,4715.31,5062.01,18248
INV-EU-2024-06758,WO-2024-M10-06758,2024-12-29,Italy,Taiwan,TW2066805353,P-M10-BN-002,電動車電池模組固定螺母 M10,73181699,12635,214.81,225.55,1039
INV-EU-2024-06759,WO-2024-M10-06759,2024-12-29,France,Taiwan,TW2066310896,P-M10-BN-002,電動車電池模組固定螺母 M10,73181699,42655,725.15,761.41,2538
INV-EU-2024-06760,WO-2024-CS-06760,2024-12-29,Germany,Taiwan,TW2066835789,P-CS-BS-003,底盤懸吊臂襯套軸套,73269098,42220,11484.03,12328.43,73842
INV-EU-2024-06666,WO-2024-CS-06666,2024-12-30,Italy,Taiwan,TW2066990423,P-CS-BS-003,底盤懸吊臂襯套軸套,73269098,31558,8583.93,9215.09,54937
INV-EU-2024-06667,WO-2024-M10-06667,2024-12-30,Netherlands,Taiwan,TW2066970231,P-M10-BN-002,電動車電池模組固定螺母 M10,73181699,45827,779.06,818.01,3622
INV-EU-2024-06678,WO-2024-M12-06678,2024-12-30,Spain,Taiwan,TW2066439480,P-M12-EH-001,高強度引擎汽缸頭螺栓 M12,73181595,27620,1760.83,1898.93,5705
INV-EU-2024-06685,WO-2024-CS-06685,2024-12-30,France,Taiwan,TW2066362564,P-CS-BS-003,底盤懸吊臂襯套軸套,73269098,40437,10999.05,11807.79,80073
INV-EU-2024-06687,WO-2024-CS-06687,2024-12-30,France,Taiwan,TW2066607887,P-CS-BS-003,底盤懸吊臂襯套軸套,73269098,42767,11632.63,12487.97,47228
INV-EU-2024-06690,WO-2024-CS-06690,2024-12-30,Spain,Taiwan,TW2066400722,P-CS-BS-003,底盤懸吊臂襯套軸套,73269098,30319,8247.01,8853.39,31833
INV-EU-2024-06691,WO-2024-CS-06691,2024-12-30,Germany,Taiwan,TW2066877713,P-CS-BS-003,底盤懸吊臂襯套軸套,73269098,27404,7454.13,8002.21,40848
INV-EU-2024-06695,WO-2024-CS-06695,2024-12-30,Italy,Taiwan,TW2066804740,P-CS-BS-003,底盤懸吊臂襯套軸套,73269098,17201,4678.81,5022.83,29897
INV-EU-2024-06702,WO-2024-CS-06702,2024-12-30,Germany,Taiwan,TW2066323834,P-CS-BS-003,底盤懸吊臂襯套軸套,73269098,21491,5845.6,6275.42,18647
INV-EU-2024-06705,WO-2024-M12-06705,2024-12-30,Spain,Taiwan,TW2066438261,P-M12-EH-001,高強度引擎汽缸頭螺栓 M12,73181595,31207,1989.45,2145.49,6485
INV-EU-2024-06712,WO-2024-CS-06712,2024-12-30,Italy,Taiwan,TW2066981384,P-CS-BS-003,底盤懸吊臂襯套軸套,73269098,35671,9702.57,10415.99,53655
INV-EU-2024-06719,WO-2024-M12-06719,2024-12-30,Italy,Taiwan,TW2066947218,P-M12-EH-001,高強度引擎汽缸頭螺栓 M12,73181595,36396,2320.25,2502.23,10278
INV-EU-2024-06734,WO-2024-CS-06734,2024-12-30,Italy,Taiwan,TW2066712651,P-CS-BS-003,底盤懸吊臂襯套軸套,73269098,21901,5957.21,6395.23,31692
INV-EU-2024-06752,WO-2024-CS-06752,2024-12-30,Italy,Taiwan,TW2066307312,P-CS-BS-003,底盤懸吊臂襯套軸套,73269098,31793,8647.88,9283.74,68664
INV-EU-2024-06756,WO-2024-M10-06756,2024-12-30,Italy,Taiwan,TW2066638427,P-M10-BN-002,電動車電池模組固定螺母 M10,73181699,10149,172.54,181.17,1131
INV-EU-2024-06763,WO-2024-CS-06763,2024-12-30,Netherlands,Taiwan,TW2066780013,P-CS-BS-003,底盤懸吊臂襯套軸套,73269098,40658,11059.03,11872.19,85596
INV-EU-2024-06765,WO-2024-M10-06765,2024-12-30,Germany,Taiwan,TW2066188381,P-M10-BN-002,電動車電池模組固定螺母 M10,73181699,47473,807.05,847.4,2582
INV-EU-2024-06689,WO-2024-M10-06689,2024-12-31,Germany,Taiwan,TW2066937484,P-M10-BN-002,電動車電池模組固定螺母 M10,73181699,21895,372.22,390.83,2646
INV-EU-2024-06722,WO-2024-CS-06722,2024-12-31,Spain,Taiwan,TW2066166164,P-CS-BS-003,底盤懸吊臂襯套軸套,73269098,42870,11660.72,12518.12,40229
INV-EU-2024-06723,WO-2024-CS-06723,2024-12-31,Netherlands,Taiwan,TW2066927805,P-CS-BS-003,底盤懸吊臂襯套軸套,73269098,32001,8704.35,9344.37,61104
INV-EU-2024-06746,WO-2024-M12-06746,2024-12-31,Netherlands,Taiwan,TW2066108117,P-M12-EH-001,高強度引擎汽缸頭螺栓 M12,73181595,14863,947.53,1021.85,4832
INV-EU-2024-06755,WO-2024-M10-06755,2024-12-31,Germany,Taiwan,TW2066282664,P-M10-BN-002,電動車電池模組固定螺母 M10,73181699,36957,628.28,659.69,2280
INV-EU-2024-06769,WO-2024-M12-06769,2024-12-31,Netherlands,Taiwan,TW2066491724,P-M12-EH-001,高強度引擎汽缸頭螺栓 M12,73181595,31729,2022.76,2181.41,14017
INV-EU-2024-06777,WO-2024-M12-06777,2024-12-31,Germany,Taiwan,TW2066755018,P-M12-EH-001,高強度引擎汽缸頭螺栓 M12,73181595,20010,1275.67,1375.72,9044
INV-EU-2024-06788,WO-2024-M10-06788,2024-12-31,Germany,Taiwan,TW2066469498,P-M10-BN-002,電動車電池模組固定螺母 M10,73181699,20832,354.15,371.86,1834
INV-EU-2024-06694,WO-2024-CS-06694,2025-01-01,France,Taiwan,TW2066798997,P-CS-BS-003,底盤懸吊臂襯套軸套,73269098,28079,7637.54,8199.12,42464
INV-EU-2024-06701,WO-2024-M12-06701,2025-01-01,Netherlands,Taiwan,TW2066463466,P-M12-EH-001,高強度引擎汽缸頭螺栓 M12,73181595,33977,2166.06,2335.94,13537
INV-EU-2024-06720,WO-2024-CS-06720,2025-01-01,Netherlands,Taiwan,TW2066431126,P-CS-BS-003,底盤懸吊臂襯套軸套,73269098,48004,13057.09,14017.17,71813
INV-EU-2024-06742,WO-2024-CS-06742,2025-01-01,Italy,Taiwan,TW2066959173,P-CS-BS-003,底盤懸吊臂襯套軸套,73269098,22261,6055.2,6500.42,45898
INV-EU-2024-06744,WO-2024-CS-06744,2025-01-01,France,Taiwan,TW2066452357,P-CS-BS-003,底盤懸吊臂襯套軸套,73269098,45165,12285.03,13188.33,38083
INV-EU-2024-06751,WO-2024-M10-06751,2025-01-01,Italy,Taiwan,TW2066145394,P-M10-BN-002,電動車電池模組固定螺母 M10,73181699,36790,625.44,656.71,4134
INV-EU-2024-06753,WO-2024-CS-06753,2025-01-01,Italy,Taiwan,TW2066722116,P-CS-BS-003,底盤懸吊臂襯套軸套,73269098,15153,4121.75,4424.81,24524
INV-EU-2024-06772,WO-2024-CS-06772,2025-01-01,Italy,Taiwan,TW2066133075,P-CS-BS-003,底盤懸吊臂襯套軸套,73269098,45191,12292.03,13195.85,80144
INV-EU-2024-06778,WO-2024-M10-06778,2025-01-01,Germany,Taiwan,TW2066172367,P-M10-BN-002,電動車電池模組固定螺母 M10,73181699,32249,548.25,575.66,1842
INV-EU-2024-06779,WO-2024-CS-06779,2025-01-01,Germany,Taiwan,TW2066619223,P-CS-BS-003,底盤懸吊臂襯套軸套,73269098,43575,11852.47,12723.97,45394
INV-EU-2024-06711,WO-2024-M10-06711,2025-01-02,Spain,Taiwan,TW2066815170,P-M10-BN-002,電動車電池模組固定螺母 M10,73181699,10955,186.25,195.56,664
INV-EU-2024-06716,WO-2024-CS-06716,2025-01-02,Germany,Taiwan,TW2066551299,P-CS-BS-003,底盤懸吊臂襯套軸套,73269098,46723,12708.91,13643.37,67103
INV-EU-2024-06717,WO-2024-M12-06717,2025-01-02,Spain,Taiwan,TW2066905618,P-M12-EH-001,高強度引擎汽缸頭螺栓 M12,73181595,44714,2850.53,3074.1,21407
INV-EU-2024-06718,WO-2024-CS-06718,2025-01-02,Netherlands,Taiwan,TW2066541624,P-CS-BS-003,底盤懸吊臂襯套軸套,73269098,47132,12820.14,13762.78,82048
INV-EU-2024-06726,WO-2024-M10-06726,2025-01-02,Italy,Taiwan,TW2066347858,P-M10-BN-002,電動車電池模組固定螺母 M10,73181699,10110,171.88,180.47,1222
INV-EU-2024-06730,WO-2024-M10-06730,2025-01-02,Italy,Taiwan,TW2066584531,P-M10-BN-002,電動車電池模組固定螺母 M10,73181699,43301,736.12,772.93,3157
INV-EU-2024-06743,WO-2024-M10-06743,2025-01-02,Germany,Taiwan,TW2066351758,P-M10-BN-002,電動車電池模組固定螺母 M10,73181699,24771,421.12,442.18,3162
INV-EU-2024-06748,WO-2024-M10-06748,2025-01-02,France,Taiwan,TW2066207207,P-M10-BN-002,電動車電池模組固定螺母 M10,73181699,36907,627.43,658.8,3093
INV-EU-2024-06773,WO-2024-M10-06773,2025-01-02,Spain,Taiwan,TW2066543505,P-M10-BN-002,電動車電池模組固定螺母 M10,73181699,38777,659.22,692.18,2617
INV-EU-2024-06783,WO-2024-CS-06783,2025-01-02,Netherlands,Taiwan,TW2066384840,P-CS-BS-003,底盤懸吊臂襯套軸套,73269098,16173,4399.19,4722.65,16101
INV-EU-2024-06791,WO-2024-M10-06791,2025-01-02,Italy,Taiwan,TW2066563120,P-M10-BN-002,電動車電池模組固定螺母 M10,73181699,24861,422.64,443.77,1597
INV-EU-2024-06727,WO-2024-M10-06727,2025-01-03,Germany,Taiwan,TW2066221195,P-M10-BN-002,電動車電池模組固定螺母 M10,73181699,17717,301.19,316.25,1536
INV-EU-2024-06731,WO-2024-M10-06731,2025-01-03,Germany,Taiwan,TW2066855018,P-M10-BN-002,電動車電池模組固定螺母 M10,73181699,33128,563.19,591.35,4009
INV-EU-2024-06733,WO-2024-CS-06733,2025-01-03,Germany,Taiwan,TW2066378303,P-CS-BS-003,底盤懸吊臂襯套軸套,73269098,36285,9869.53,10595.23,48360
INV-EU-2024-06739,WO-2024-CS-06739,2025-01-03,Spain,Taiwan,TW2066542629,P-CS-BS-003,底盤懸吊臂襯套軸套,73269098,45386,12345.01,13252.73,64811
INV-EU-2024-06740,WO-2024-M10-06740,2025-01-03,Italy,Taiwan,TW2066419652,P-M10-BN-002,電動車電池模組固定螺母 M10,73181699,31888,542.11,569.22,3041
INV-EU-2024-06750,WO-2024-CS-06750,2025-01-03,Germany,Taiwan,TW2066200839,P-CS-BS-003,底盤懸吊臂襯套軸套,73269098,19836,5395.53,5792.25,32265
INV-EU-2024-06754,WO-2024-M10-06754,2025-01-03,Italy,Taiwan,TW2066438077,P-M10-BN-002,電動車電池模組固定螺母 M10,73181699,14851,252.47,265.09,1560
INV-EU-2024-06764,WO-2024-CS-06764,2025-01-03,Italy,Taiwan,TW2066634216,P-CS-BS-003,底盤懸吊臂襯套軸套,73269098,14804,4026.96,4323.04,17235
INV-EU-2024-06766,WO-2024-CS-06766,2025-01-03,Netherlands,Taiwan,TW2066976620,P-CS-BS-003,底盤懸吊臂襯套軸套,73269098,30036,8169.99,8770.71,36193
INV-EU-2024-06774,WO-2024-M10-06774,2025-01-03,Spain,Taiwan,TW2066112273,P-M10-BN-002,電動車電池模組固定螺母 M10,73181699,10583,179.92,188.92,813
INV-EU-2024-06794,WO-2024-M12-06794,2025-01-03,Spain,Taiwan,TW2066397822,P-M12-EH-001,高強度引擎汽缸頭螺栓 M12,73181595,22820,1454.83,1568.93,9645
INV-EU-2024-06797,WO-2024-M10-06797,2025-01-03,Spain,Taiwan,TW2066720860,P-M10-BN-002,電動車電池模組固定螺母 M10,73181699,15830,269.12,282.58,1905
INV-EU-2024-06762,WO-2024-M10-06762,2025-01-04,France,Taiwan,TW2066257385,P-M10-BN-002,電動車電池模組固定螺母 M10,73181699,37336,634.72,666.46,3046
INV-EU-2024-06775,WO-2024-M10-06775,2025-01-04,Italy,Taiwan,TW2066594637,P-M10-BN-002,電動車電池模組固定螺母 M10,73181699,19369,329.28,345.74,1409
INV-EU-2024-06782,WO-2024-M10-06782,2025-01-04,Netherlands,Taiwan,TW2066559376,P-M10-BN-002,電動車電池模組固定螺母 M10,73181699,44875,762.89,801.03,3593
INV-EU-2024-06784,WO-2024-CS-06784,2025-01-04,Netherlands,Taiwan,TW2066296869,P-CS-BS-003,底盤懸吊臂襯套軸套,73269098,48755,13261.6,14236.7,78906
INV-EU-2024-06787,WO-2024-M12-06787,2025-01-04,Germany,Taiwan,TW2066762627,P-M12-EH-001,高強度引擎汽缸頭螺栓 M12,73181595,10873,693.17,747.53,4006
INV-EU-2024-06790,WO-2024-CS-06790,2025-01-04,France,Taiwan,TW2066196391,P-CS-BS-003,底盤懸吊臂襯套軸套,73269098,46682,12697.54,13631.18,69963
INV-EU-2024-06795,WO-2024-CS-06795,2025-01-04,Netherlands,Taiwan,TW2066825544,P-CS-BS-003,底盤懸吊臂襯套軸套,73269098,23715,6450.51,6924.81,49346
INV-EU-2024-06796,WO-2024-CS-06796,2025-01-04,Germany,Taiwan,TW2066595395,P-CS-BS-003,底盤懸吊臂襯套軸套,73269098,19512,5307.47,5697.71,32110
INV-EU-2024-06747,WO-2024-M12-06747,2025-01-05,Netherlands,Taiwan,TW2066761572,P-M12-EH-001,高強度引擎汽缸頭螺栓 M12,73181595,43608,2780.06,2998.1,12788
INV-EU-2024-06749,WO-2024-M12-06749,2025-01-05,Germany,Taiwan,TW2066412423,P-M12-EH-001,高強度引擎汽缸頭螺栓 M12,73181595,11926,760.33,819.96,3421
INV-EU-2024-06761,WO-2024-CS-06761,2025-01-05,Netherlands,Taiwan,TW2066963125,P-CS-BS-003,底盤懸吊臂襯套軸套,73269098,16479,4482.43,4812.01,19857
INV-EU-2024-06768,WO-2024-M12-06768,2025-01-05,Germany,Taiwan,TW2066343929,P-M12-EH-001,高強度引擎汽缸頭螺栓 M12,73181595,33294,2122.54,2289.01,16746
INV-EU-2024-06770,WO-2024-CS-06770,2025-01-05,Netherlands,Taiwan,TW2066134922,P-CS-BS-003,底盤懸吊臂襯套軸套,73269098,23683,6441.81,6915.47,43933
INV-EU-2024-06771,WO-2024-M10-06771,2025-01-05,Netherlands,Taiwan,TW2066909196,P-M10-BN-002,電動車電池模組固定螺母 M10,73181699,41230,700.92,735.97,3679
INV-EU-2024-06785,WO-2024-M10-06785,2025-01-05,Netherlands,Taiwan,TW2066838074,P-M10-BN-002,電動車電池模組固定螺母 M10,73181699,48497,824.46,865.68,2902
INV-EU-2024-06793,WO-2024-M12-06793,2025-01-05,Netherlands,Taiwan,TW2066460183,P-M12-EH-001,高強度引擎汽缸頭螺栓 M12,73181595,11659,743.3,801.59,2519
INV-EU-2024-06767,WO-2024-M12-06767,2025-01-06,Spain,Taiwan,TW2066122497,P-M12-EH-001,高強度引擎汽缸頭螺栓 M12,73181595,41448,2642.33,2849.57,11256
INV-EU-2024-06776,WO-2024-CS-06776,2025-01-06,Germany,Taiwan,TW2066121757,P-CS-BS-003,底盤懸吊臂襯套軸套,73269098,43246,11763.08,12628,62226
INV-EU-2024-06780,WO-2024-M12-06780,2025-01-06,France,Taiwan,TW2066703641,P-M12-EH-001,高強度引擎汽缸頭螺栓 M12,73181595,39559,2521.92,2719.72,19040
INV-EU-2024-06789,WO-2024-M12-06789,2025-01-06,Netherlands,Taiwan,TW2066157428,P-M12-EH-001,高強度引擎汽缸頭螺栓 M12,73181595,35314,2251.29,2427.86,17289
INV-EU-2024-06781,WO-2024-CS-06781,2025-01-07,Italy,Taiwan,TW2066998956,P-CS-BS-003,底盤懸吊臂襯套軸套,73269098,10429,2836.9,3045.48,11801
INV-EU-2024-06786,WO-2024-M10-06786,2025-01-07,Netherlands,Taiwan,TW2066998701,P-M10-BN-002,電動車電池模組固定螺母 M10,73181699,11951,203.18,213.34,1481
INV-EU-2024-06792,WO-2024-M12-06792,2025-01-07,Spain,Taiwan,TW2066303872,P-M12-EH-001,高強度引擎汽缸頭螺栓 M12,73181595,27806,1772.65,1911.68,9909
